data_type,model_version,prior_attention,prior_arithmetic,fold,sample_id,y_true,y_prob,y_pred,threshold,note
simulated_for_plotting_only,原始 AMFormer,×,×,1,sim_1_1_001,0,0.6023266027706984,1,0.5700000000000001,Simulated plotting data only; not real experimental results.
simulated_for_plotting_only,原始 AMFormer,×,×,1,sim_1_1_002,0,0.7019391429190598,1,0.5700000000000001,Simulated plotting data only; not real experimental results.
simulated_for_plotting_only,原始 AMFormer,×,×,1,sim_1_1_003,0,0.538512201131234,0,0.5700000000000001,Simulated plotting data only; not real experimental results.
simulated_for_plotting_only,原始 AMFormer,×,×,1,sim_1_1_004,0,0.6052939117774895,1,0.5700000000000001,Simulated plotting data only; not real experimental results.
simulated_for_plotting_only,原始 AMFormer,×,×,1,sim_1_1_005,0,0.8405876940321932,1,0.5700000000000001,Simulated plotting data only; not real experimental results.
simulated_for_plotting_only,原始 AMFormer,×,×,1,sim_1_1_006,0,0.3780996815940803,0,0.5700000000000001,Simulated plotting data only; not real experimental results.
simulated_for_plotting_only,原始 AMFormer,×,×,1,sim_1_1_007,0,0.6482823406909486,1,0.5700000000000001,Simulated plotting data only; not real experimental results.
simulated_for_plotting_only,原始 AMFormer,×,×,1,sim_1_1_008,0,0.178054207415595,0,0.5700000000000001,Simulated plotting data only; not real experimental results.
simulated_for_plotting_only,原始 AMFormer,×,×,1,sim_1_1_009,0,0.7162572057727611,1,0.5700000000000001,Simulated plotting data only; not real experimental results.
simulated_for_plotting_only,原始 AMFormer,×,×,1,sim_1_1_010,0,0.669252014024805,1,0.5700000000000001,Simulated plotting data only; not real experimental results.
simulated_for_plotting_only,原始 AMFormer,×,×,1,sim_1_1_011,0,0.5296179953518304,0,0.5700000000000001,Simulated plotting data only; not real experimental results.
simulated_for_plotting_only,原始 AMFormer,×,×,1,sim_1_1_012,0,0.2041240630030508,0,0.5700000000000001,Simulated plotting data only; not real experimental results.
simulated_for_plotting_only,原始 AMFormer,×,×,1,sim_1_1_013,0,0.2970541570516363,0,0.5700000000000001,Simulated plotting data only; not real experimental results.
simulated_for_plotting_only,原始 AMFormer,×,×,1,sim_1_1_014,0,0.4039382920096103,0,0.5700000000000001,Simulated plotting data only; not real experimental results.
simulated_for_plotting_only,原始 AMFormer,×,×,1,sim_1_1_015,1,0.565467451105603,0,0.5700000000000001,Simulated plotting data only; not real experimental results.
simulated_for_plotting_only,原始 AMFormer,×,×,1,sim_1_1_016,1,0.5037738344488594,0,0.5700000000000001,Simulated plotting data only; not real experimental results.
simulated_for_plotting_only,原始 AMFormer,×,×,1,sim_1_1_017,0,0.798352438537257,1,0.5700000000000001,Simulated plotting data only; not real experimental results.
simulated_for_plotting_only,原始 AMFormer,×,×,1,sim_1_1_018,0,0.892671848706642,1,0.5700000000000001,Simulated plotting data only; not real experimental results.
simulated_for_plotting_only,原始 AMFormer,×,×,1,sim_1_1_019,0,0.1407287609238577,0,0.5700000000000001,Simulated plotting data only; not real experimental results.
simulated_for_plotting_only,原始 AMFormer,×,×,1,sim_1_1_020,0,0.5118571430318966,0,0.5700000000000001,Simulated plotting data only; not real experimental results.
simulated_for_plotting_only,原始 AMFormer,×,×,1,sim_1_1_021,0,0.6775745065868152,1,0.5700000000000001,Simulated plotting data only; not real experimental results.
simulated_for_plotting_only,原始 AMFormer,×,×,1,sim_1_1_022,0,0.6193955059395135,1,0.5700000000000001,Simulated plotting data only; not real experimental results.
simulated_for_plotting_only,原始 AMFormer,×,×,1,sim_1_1_023,0,0.7175462195995814,1,0.5700000000000001,Simulated plotting data only; not real experimental results.
simulated_for_plotting_only,原始 AMFormer,×,×,1,sim_1_1_024,1,0.9029850680765534,1,0.5700000000000001,Simulated plotting data only; not real experimental results.
simulated_for_plotting_only,原始 AMFormer,×,×,1,sim_1_1_025,0,0.3504262653674846,0,0.5700000000000001,Simulated plotting data only; not real experimental results.
simulated_for_plotting_only,原始 AMFormer,×,×,1,sim_1_1_026,0,0.0839518054551913,0,0.5700000000000001,Simulated plotting data only; not real experimental results.
simulated_for_plotting_only,原始 AMFormer,×,×,1,sim_1_1_027,0,0.3565246111630446,0,0.5700000000000001,Simulated plotting data only; not real experimental results.
simulated_for_plotting_only,原始 AMFormer,×,×,1,sim_1_1_028,0,0.6683601111134067,1,0.5700000000000001,Simulated plotting data only; not real experimental results.
simulated_for_plotting_only,原始 AMFormer,×,×,1,sim_1_1_029,0,0.5005934652884115,0,0.5700000000000001,Simulated plotting data only; not real experimental results.
simulated_for_plotting_only,原始 AMFormer,×,×,1,sim_1_1_030,0,0.4414276108429356,0,0.5700000000000001,Simulated plotting data only; not real experimental results.
simulated_for_plotting_only,原始 AMFormer,×,×,1,sim_1_1_031,1,0.9409721533327512,1,0.5700000000000001,Simulated plotting data only; not real experimental results.
simulated_for_plotting_only,原始 AMFormer,×,×,1,sim_1_1_032,1,0.9560950291772397,1,0.5700000000000001,Simulated plotting data only; not real experimental results.
simulated_for_plotting_only,原始 AMFormer,×,×,1,sim_1_1_033,1,0.953066272677254,1,0.5700000000000001,Simulated plotting data only; not real experimental results.
simulated_for_plotting_only,原始 AMFormer,×,×,1,sim_1_1_034,0,0.6212067811492238,1,0.5700000000000001,Simulated plotting data only; not real experimental results.
simulated_for_plotting_only,原始 AMFormer,×,×,1,sim_1_1_035,0,0.7503974922938862,1,0.5700000000000001,Simulated plotting data only; not real experimental results.
simulated_for_plotting_only,原始 AMFormer,×,×,1,sim_1_1_036,0,0.4663403836858632,0,0.5700000000000001,Simulated plotting data only; not real experimental results.
simulated_for_plotting_only,原始 AMFormer,×,×,1,sim_1_1_037,0,0.3568765710308444,0,0.5700000000000001,Simulated plotting data only; not real experimental results.
simulated_for_plotting_only,原始 AMFormer,×,×,1,sim_1_1_038,1,0.72132687414422,1,0.5700000000000001,Simulated plotting data only; not real experimental results.
simulated_for_plotting_only,原始 AMFormer,×,×,1,sim_1_1_039,1,0.8600108205044369,1,0.5700000000000001,Simulated plotting data only; not real experimental results.
simulated_for_plotting_only,原始 AMFormer,×,×,1,sim_1_1_040,1,0.9736694020962928,1,0.5700000000000001,Simulated plotting data only; not real experimental results.
simulated_for_plotting_only,原始 AMFormer,×,×,1,sim_1_1_041,1,0.9371828133492524,1,0.5700000000000001,Simulated plotting data only; not real experimental results.
simulated_for_plotting_only,原始 AMFormer,×,×,1,sim_1_1_042,1,0.8595745187322146,1,0.5700000000000001,Simulated plotting data only; not real experimental results.
simulated_for_plotting_only,原始 AMFormer,×,×,1,sim_1_1_043,0,0.735042434488136,1,0.5700000000000001,Simulated plotting data only; not real experimental results.
simulated_for_plotting_only,原始 AMFormer,×,×,1,sim_1_1_044,0,0.736925473835893,1,0.5700000000000001,Simulated plotting data only; not real experimental results.
simulated_for_plotting_only,原始 AMFormer,×,×,1,sim_1_1_045,0,0.3980019264119453,0,0.5700000000000001,Simulated plotting data only; not real experimental results.
simulated_for_plotting_only,原始 AMFormer,×,×,1,sim_1_1_046,1,0.7454180522378371,1,0.5700000000000001,Simulated plotting data only; not real experimental results.
simulated_for_plotting_only,原始 AMFormer,×,×,1,sim_1_1_047,0,0.7377041249162735,1,0.5700000000000001,Simulated plotting data only; not real experimental results.
simulated_for_plotting_only,原始 AMFormer,×,×,1,sim_1_1_048,0,0.448282840230572,0,0.5700000000000001,Simulated plotting data only; not real experimental results.
simulated_for_plotting_only,原始 AMFormer,×,×,1,sim_1_1_049,0,0.5302526882939991,0,0.5700000000000001,Simulated plotting data only; not real experimental results.
simulated_for_plotting_only,原始 AMFormer,×,×,1,sim_1_1_050,0,0.4225776797934696,0,0.5700000000000001,Simulated plotting data only; not real experimental results.
simulated_for_plotting_only,原始 AMFormer,×,×,1,sim_1_1_051,0,0.8301517080508962,1,0.5700000000000001,Simulated plotting data only; not real experimental results.
simulated_for_plotting_only,原始 AMFormer,×,×,1,sim_1_1_052,0,0.4267418225474531,0,0.5700000000000001,Simulated plotting data only; not real experimental results.
simulated_for_plotting_only,原始 AMFormer,×,×,1,sim_1_1_053,0,0.270636144148617,0,0.5700000000000001,Simulated plotting data only; not real experimental results.
simulated_for_plotting_only,原始 AMFormer,×,×,1,sim_1_1_054,0,0.5131785565064465,0,0.5700000000000001,Simulated plotting data only; not real experimental results.
simulated_for_plotting_only,原始 AMFormer,×,×,1,sim_1_1_055,1,0.9755896403828624,1,0.5700000000000001,Simulated plotting data only; not real experimental results.
simulated_for_plotting_only,原始 AMFormer,×,×,1,sim_1_1_056,1,0.904858906293588,1,0.5700000000000001,Simulated plotting data only; not real experimental results.
simulated_for_plotting_only,原始 AMFormer,×,×,1,sim_1_1_057,0,0.3412096299813013,0,0.5700000000000001,Simulated plotting data only; not real experimental results.
simulated_for_plotting_only,原始 AMFormer,×,×,1,sim_1_1_058,0,0.625882897082639,1,0.5700000000000001,Simulated plotting data only; not real experimental results.
simulated_for_plotting_only,原始 AMFormer,×,×,1,sim_1_1_059,0,0.4867475930788107,0,0.5700000000000001,Simulated plotting data only; not real experimental results.
simulated_for_plotting_only,原始 AMFormer,×,×,1,sim_1_1_060,1,0.8863790796849497,1,0.5700000000000001,Simulated plotting data only; not real experimental results.
simulated_for_plotting_only,原始 AMFormer,×,×,1,sim_1_1_061,1,0.9749593934968296,1,0.5700000000000001,Simulated plotting data only; not real experimental results.
simulated_for_plotting_only,原始 AMFormer,×,×,1,sim_1_1_062,0,0.2252579855417337,0,0.5700000000000001,Simulated plotting data only; not real experimental results.
simulated_for_plotting_only,原始 AMFormer,×,×,1,sim_1_1_063,0,0.2440115721848248,0,0.5700000000000001,Simulated plotting data only; not real experimental results.
simulated_for_plotting_only,原始 AMFormer,×,×,1,sim_1_1_064,1,0.750225604890336,1,0.5700000000000001,Simulated plotting data only; not real experimental results.
simulated_for_plotting_only,原始 AMFormer,×,×,1,sim_1_1_065,0,0.5904660973339244,1,0.5700000000000001,Simulated plotting data only; not real experimental results.
simulated_for_plotting_only,原始 AMFormer,×,×,1,sim_1_1_066,0,0.658440755444306,1,0.5700000000000001,Simulated plotting data only; not real experimental results.
simulated_for_plotting_only,原始 AMFormer,×,×,1,sim_1_1_067,0,0.8185481922885333,1,0.5700000000000001,Simulated plotting data only; not real experimental results.
simulated_for_plotting_only,原始 AMFormer,×,×,1,sim_1_1_068,0,0.2501577544075204,0,0.5700000000000001,Simulated plotting data only; not real experimental results.
simulated_for_plotting_only,原始 AMFormer,×,×,1,sim_1_1_069,0,0.4564331396252253,0,0.5700000000000001,Simulated plotting data only; not real experimental results.
simulated_for_plotting_only,原始 AMFormer,×,×,1,sim_1_1_070,0,0.5388661555543434,0,0.5700000000000001,Simulated plotting data only; not real experimental results.
simulated_for_plotting_only,原始 AMFormer,×,×,1,sim_1_1_071,0,0.3548499700727777,0,0.5700000000000001,Simulated plotting data only; not real experimental results.
simulated_for_plotting_only,原始 AMFormer,×,×,1,sim_1_1_072,0,0.8275144300840463,1,0.5700000000000001,Simulated plotting data only; not real experimental results.
simulated_for_plotting_only,原始 AMFormer,×,×,1,sim_1_1_073,0,0.6267983638447614,1,0.5700000000000001,Simulated plotting data only; not real experimental results.
simulated_for_plotting_only,原始 AMFormer,×,×,1,sim_1_1_074,0,0.8737479903255534,1,0.5700000000000001,Simulated plotting data only; not real experimental results.
simulated_for_plotting_only,原始 AMFormer,×,×,1,sim_1_1_075,0,0.1794525403469527,0,0.5700000000000001,Simulated plotting data only; not real experimental results.
simulated_for_plotting_only,原始 AMFormer,×,×,1,sim_1_1_076,0,0.233773232245871,0,0.5700000000000001,Simulated plotting data only; not real experimental results.
simulated_for_plotting_only,原始 AMFormer,×,×,1,sim_1_1_077,1,0.7565786171982934,1,0.5700000000000001,Simulated plotting data only; not real experimental results.
simulated_for_plotting_only,原始 AMFormer,×,×,1,sim_1_1_078,1,0.8335293037435445,1,0.5700000000000001,Simulated plotting data only; not real experimental results.
simulated_for_plotting_only,原始 AMFormer,×,×,1,sim_1_1_079,0,0.6550332850043473,1,0.5700000000000001,Simulated plotting data only; not real experimental results.
simulated_for_plotting_only,原始 AMFormer,×,×,1,sim_1_1_080,1,0.7289461438832961,1,0.5700000000000001,Simulated plotting data only; not real experimental results.
simulated_for_plotting_only,原始 AMFormer,×,×,1,sim_1_1_081,0,0.3502546371330955,0,0.5700000000000001,Simulated plotting data only; not real experimental results.
simulated_for_plotting_only,原始 AMFormer,×,×,1,sim_1_1_082,1,0.8881255455750448,1,0.5700000000000001,Simulated plotting data only; not real experimental results.
simulated_for_plotting_only,原始 AMFormer,×,×,1,sim_1_1_083,0,0.8648946899068509,1,0.5700000000000001,Simulated plotting data only; not real experimental results.
simulated_for_plotting_only,原始 AMFormer,×,×,1,sim_1_1_084,0,0.353517179567615,0,0.5700000000000001,Simulated plotting data only; not real experimental results.
simulated_for_plotting_only,原始 AMFormer,×,×,1,sim_1_1_085,1,0.655930704146341,1,0.5700000000000001,Simulated plotting data only; not real experimental results.
simulated_for_plotting_only,原始 AMFormer,×,×,1,sim_1_1_086,0,0.5746328079195918,1,0.5700000000000001,Simulated plotting data only; not real experimental results.
simulated_for_plotting_only,原始 AMFormer,×,×,1,sim_1_1_087,1,0.9108422409727768,1,0.5700000000000001,Simulated plotting data only; not real experimental results.
simulated_for_plotting_only,原始 AMFormer,×,×,1,sim_1_1_088,1,0.8110622575859225,1,0.5700000000000001,Simulated plotting data only; not real experimental results.
simulated_for_plotting_only,原始 AMFormer,×,×,1,sim_1_1_089,0,0.4569511805650854,0,0.5700000000000001,Simulated plotting data only; not real experimental results.
simulated_for_plotting_only,原始 AMFormer,×,×,1,sim_1_1_090,0,0.743403777437993,1,0.5700000000000001,Simulated plotting data only; not real experimental results.
simulated_for_plotting_only,原始 AMFormer,×,×,1,sim_1_1_091,0,0.7620753072183184,1,0.5700000000000001,Simulated plotting data only; not real experimental results.
simulated_for_plotting_only,原始 AMFormer,×,×,1,sim_1_1_092,0,0.5218701770359435,0,0.5700000000000001,Simulated plotting data only; not real experimental results.
simulated_for_plotting_only,原始 AMFormer,×,×,1,sim_1_1_093,1,0.8103488951128873,1,0.5700000000000001,Simulated plotting data only; not real experimental results.
simulated_for_plotting_only,原始 AMFormer,×,×,1,sim_1_1_094,1,0.902860171049334,1,0.5700000000000001,Simulated plotting data only; not real experimental results.
simulated_for_plotting_only,原始 AMFormer,×,×,1,sim_1_1_095,1,0.8618692583941402,1,0.5700000000000001,Simulated plotting data only; not real experimental results.
simulated_for_plotting_only,原始 AMFormer,×,×,1,sim_1_1_096,1,0.9111684817189016,1,0.5700000000000001,Simulated plotting data only; not real experimental results.
simulated_for_plotting_only,原始 AMFormer,×,×,1,sim_1_1_097,0,0.3456557533691092,0,0.5700000000000001,Simulated plotting data only; not real experimental results.
simulated_for_plotting_only,原始 AMFormer,×,×,1,sim_1_1_098,1,0.5745556859225729,1,0.5700000000000001,Simulated plotting data only; not real experimental results.
simulated_for_plotting_only,原始 AMFormer,×,×,1,sim_1_1_099,1,0.585295570717721,1,0.5700000000000001,Simulated plotting data only; not real experimental results.
simulated_for_plotting_only,原始 AMFormer,×,×,1,sim_1_1_100,0,0.4024911038713785,0,0.5700000000000001,Simulated plotting data only; not real experimental results.
simulated_for_plotting_only,原始 AMFormer,×,×,1,sim_1_1_101,0,0.6994352627585797,1,0.5700000000000001,Simulated plotting data only; not real experimental results.
simulated_for_plotting_only,原始 AMFormer,×,×,1,sim_1_1_102,0,0.2493351217864277,0,0.5700000000000001,Simulated plotting data only; not real experimental results.
simulated_for_plotting_only,原始 AMFormer,×,×,1,sim_1_1_103,0,0.6341235949035452,1,0.5700000000000001,Simulated plotting data only; not real experimental results.
simulated_for_plotting_only,原始 AMFormer,×,×,1,sim_1_1_104,0,0.6098235396347053,1,0.5700000000000001,Simulated plotting data only; not real experimental results.
simulated_for_plotting_only,原始 AMFormer,×,×,1,sim_1_1_105,0,0.6574049901602501,1,0.5700000000000001,Simulated plotting data only; not real experimental results.
simulated_for_plotting_only,原始 AMFormer,×,×,1,sim_1_1_106,0,0.259026190064706,0,0.5700000000000001,Simulated plotting data only; not real experimental results.
simulated_for_plotting_only,原始 AMFormer,×,×,1,sim_1_1_107,0,0.5021493453650376,0,0.5700000000000001,Simulated plotting data only; not real experimental results.
simulated_for_plotting_only,原始 AMFormer,×,×,1,sim_1_1_108,0,0.3780449377462625,0,0.5700000000000001,Simulated plotting data only; not real experimental results.
simulated_for_plotting_only,原始 AMFormer,×,×,1,sim_1_1_109,1,0.8068035830058494,1,0.5700000000000001,Simulated plotting data only; not real experimental results.
simulated_for_plotting_only,原始 AMFormer,×,×,1,sim_1_1_110,0,0.5809943827521646,1,0.5700000000000001,Simulated plotting data only; not real experimental results.
simulated_for_plotting_only,原始 AMFormer,×,×,1,sim_1_1_111,0,0.6206048417758747,1,0.5700000000000001,Simulated plotting data only; not real experimental results.
simulated_for_plotting_only,原始 AMFormer,×,×,1,sim_1_1_112,0,0.4040992530590169,0,0.5700000000000001,Simulated plotting data only; not real experimental results.
simulated_for_plotting_only,原始 AMFormer,×,×,1,sim_1_1_113,1,0.8940540620065043,1,0.5700000000000001,Simulated plotting data only; not real experimental results.
simulated_for_plotting_only,原始 AMFormer,×,×,1,sim_1_1_114,0,0.1318694002944306,0,0.5700000000000001,Simulated plotting data only; not real experimental results.
simulated_for_plotting_only,原始 AMFormer,×,×,1,sim_1_1_115,0,0.3689215312292698,0,0.5700000000000001,Simulated plotting data only; not real experimental results.
simulated_for_plotting_only,原始 AMFormer,×,×,1,sim_1_1_116,1,0.5561534530087978,0,0.5700000000000001,Simulated plotting data only; not real experimental results.
simulated_for_plotting_only,原始 AMFormer,×,×,1,sim_1_1_117,0,0.6200589023037297,1,0.5700000000000001,Simulated plotting data only; not real experimental results.
simulated_for_plotting_only,原始 AMFormer,×,×,1,sim_1_1_118,1,0.9198035351695436,1,0.5700000000000001,Simulated plotting data only; not real experimental results.
simulated_for_plotting_only,原始 AMFormer,×,×,1,sim_1_1_119,0,0.3377078372915248,0,0.5700000000000001,Simulated plotting data only; not real experimental results.
simulated_for_plotting_only,原始 AMFormer,×,×,1,sim_1_1_120,1,0.9354957392021048,1,0.5700000000000001,Simulated plotting data only; not real experimental results.
simulated_for_plotting_only,原始 AMFormer,×,×,1,sim_1_1_121,1,0.9389452011112568,1,0.5700000000000001,Simulated plotting data only; not real experimental results.
simulated_for_plotting_only,原始 AMFormer,×,×,1,sim_1_1_122,0,0.261642061329867,0,0.5700000000000001,Simulated plotting data only; not real experimental results.
simulated_for_plotting_only,原始 AMFormer,×,×,1,sim_1_1_123,0,0.5926008067304258,1,0.5700000000000001,Simulated plotting data only; not real experimental results.
simulated_for_plotting_only,原始 AMFormer,×,×,1,sim_1_1_124,0,0.4095307474127624,0,0.5700000000000001,Simulated plotting data only; not real experimental results.
simulated_for_plotting_only,原始 AMFormer,×,×,1,sim_1_1_125,1,0.7514799633017587,1,0.5700000000000001,Simulated plotting data only; not real experimental results.
simulated_for_plotting_only,原始 AMFormer,×,×,1,sim_1_1_126,1,0.8052085317675022,1,0.5700000000000001,Simulated plotting data only; not real experimental results.
simulated_for_plotting_only,原始 AMFormer,×,×,1,sim_1_1_127,0,0.4420138706370028,0,0.5700000000000001,Simulated plotting data only; not real experimental results.
simulated_for_plotting_only,原始 AMFormer,×,×,1,sim_1_1_128,0,0.7633012928608695,1,0.5700000000000001,Simulated plotting data only; not real experimental results.
simulated_for_plotting_only,原始 AMFormer,×,×,1,sim_1_1_129,0,0.6063226914746961,1,0.5700000000000001,Simulated plotting data only; not real experimental results.
simulated_for_plotting_only,原始 AMFormer,×,×,1,sim_1_1_130,0,0.7668034342825524,1,0.5700000000000001,Simulated plotting data only; not real experimental results.
simulated_for_plotting_only,原始 AMFormer,×,×,1,sim_1_1_131,0,0.4542549132620214,0,0.5700000000000001,Simulated plotting data only; not real experimental results.
simulated_for_plotting_only,原始 AMFormer,×,×,1,sim_1_1_132,0,0.8050564854636373,1,0.5700000000000001,Simulated plotting data only; not real experimental results.
simulated_for_plotting_only,原始 AMFormer,×,×,1,sim_1_1_133,0,0.5301544144667792,0,0.5700000000000001,Simulated plotting data only; not real experimental results.
simulated_for_plotting_only,原始 AMFormer,×,×,1,sim_1_1_134,0,0.3009980024050668,0,0.5700000000000001,Simulated plotting data only; not real experimental results.
simulated_for_plotting_only,原始 AMFormer,×,×,1,sim_1_1_135,0,0.7952821290237142,1,0.5700000000000001,Simulated plotting data only; not real experimental results.
simulated_for_plotting_only,原始 AMFormer,×,×,1,sim_1_1_136,1,0.6852586810912048,1,0.5700000000000001,Simulated plotting data only; not real experimental results.
simulated_for_plotting_only,原始 AMFormer,×,×,1,sim_1_1_137,1,0.8944200217436306,1,0.5700000000000001,Simulated plotting data only; not real experimental results.
simulated_for_plotting_only,原始 AMFormer,×,×,1,sim_1_1_138,0,0.4387848420009596,0,0.5700000000000001,Simulated plotting data only; not real experimental results.
simulated_for_plotting_only,原始 AMFormer,×,×,1,sim_1_1_139,1,0.8870387199500708,1,0.5700000000000001,Simulated plotting data only; not real experimental results.
simulated_for_plotting_only,原始 AMFormer,×,×,1,sim_1_1_140,1,0.8205764285364802,1,0.5700000000000001,Simulated plotting data only; not real experimental results.
simulated_for_plotting_only,原始 AMFormer,×,×,1,sim_1_1_141,0,0.7244333513673998,1,0.5700000000000001,Simulated plotting data only; not real experimental results.
simulated_for_plotting_only,原始 AMFormer,×,×,1,sim_1_1_142,0,0.6475841213460067,1,0.5700000000000001,Simulated plotting data only; not real experimental results.
simulated_for_plotting_only,原始 AMFormer,×,×,1,sim_1_1_143,0,0.3290760594909426,0,0.5700000000000001,Simulated plotting data only; not real experimental results.
simulated_for_plotting_only,原始 AMFormer,×,×,1,sim_1_1_144,1,0.3891585023822647,0,0.5700000000000001,Simulated plotting data only; not real experimental results.
simulated_for_plotting_only,原始 AMFormer,×,×,1,sim_1_1_145,1,0.9658998875332124,1,0.5700000000000001,Simulated plotting data only; not real experimental results.
simulated_for_plotting_only,原始 AMFormer,×,×,1,sim_1_1_146,0,0.855795806322514,1,0.5700000000000001,Simulated plotting data only; not real experimental results.
simulated_for_plotting_only,原始 AMFormer,×,×,1,sim_1_1_147,0,0.5975549467122618,1,0.5700000000000001,Simulated plotting data only; not real experimental results.
simulated_for_plotting_only,原始 AMFormer,×,×,1,sim_1_1_148,0,0.7645259784093844,1,0.5700000000000001,Simulated plotting data only; not real experimental results.
simulated_for_plotting_only,原始 AMFormer,×,×,1,sim_1_1_149,0,0.5892472266016647,1,0.5700000000000001,Simulated plotting data only; not real experimental results.
simulated_for_plotting_only,原始 AMFormer,×,×,1,sim_1_1_150,0,0.3757557011662425,0,0.5700000000000001,Simulated plotting data only; not real experimental results.
simulated_for_plotting_only,原始 AMFormer,×,×,1,sim_1_1_151,0,0.2942308513908097,0,0.5700000000000001,Simulated plotting data only; not real experimental results.
simulated_for_plotting_only,原始 AMFormer,×,×,1,sim_1_1_152,1,0.4187295581569242,0,0.5700000000000001,Simulated plotting data only; not real experimental results.
simulated_for_plotting_only,原始 AMFormer,×,×,1,sim_1_1_153,0,0.4826301855703663,0,0.5700000000000001,Simulated plotting data only; not real experimental results.
simulated_for_plotting_only,原始 AMFormer,×,×,1,sim_1_1_154,0,0.4157535618504913,0,0.5700000000000001,Simulated plotting data only; not real experimental results.
simulated_for_plotting_only,原始 AMFormer,×,×,1,sim_1_1_155,0,0.4345134335868174,0,0.5700000000000001,Simulated plotting data only; not real experimental results.
simulated_for_plotting_only,原始 AMFormer,×,×,1,sim_1_1_156,1,0.6832734246003159,1,0.5700000000000001,Simulated plotting data only; not real experimental results.
simulated_for_plotting_only,原始 AMFormer,×,×,1,sim_1_1_157,0,0.4672427240935099,0,0.5700000000000001,Simulated plotting data only; not real experimental results.
simulated_for_plotting_only,原始 AMFormer,×,×,1,sim_1_1_158,1,0.8751747413629557,1,0.5700000000000001,Simulated plotting data only; not real experimental results.
simulated_for_plotting_only,原始 AMFormer,×,×,1,sim_1_1_159,0,0.6854769113177761,1,0.5700000000000001,Simulated plotting data only; not real experimental results.
simulated_for_plotting_only,原始 AMFormer,×,×,1,sim_1_1_160,0,0.6738804627654514,1,0.5700000000000001,Simulated plotting data only; not real experimental results.
simulated_for_plotting_only,原始 AMFormer,×,×,1,sim_1_1_161,0,0.2989787385490736,0,0.5700000000000001,Simulated plotting data only; not real experimental results.
simulated_for_plotting_only,原始 AMFormer,×,×,1,sim_1_1_162,0,0.9272931095334788,1,0.5700000000000001,Simulated plotting data only; not real experimental results.
simulated_for_plotting_only,原始 AMFormer,×,×,1,sim_1_1_163,0,0.8283963544857118,1,0.5700000000000001,Simulated plotting data only; not real experimental results.
simulated_for_plotting_only,原始 AMFormer,×,×,1,sim_1_1_164,0,0.4432948645926525,0,0.5700000000000001,Simulated plotting data only; not real experimental results.
simulated_for_plotting_only,原始 AMFormer,×,×,1,sim_1_1_165,0,0.770177482288754,1,0.5700000000000001,Simulated plotting data only; not real experimental results.
simulated_for_plotting_only,原始 AMFormer,×,×,1,sim_1_1_166,0,0.4278602653522957,0,0.5700000000000001,Simulated plotting data only; not real experimental results.
simulated_for_plotting_only,原始 AMFormer,×,×,1,sim_1_1_167,1,0.841320683992531,1,0.5700000000000001,Simulated plotting data only; not real experimental results.
simulated_for_plotting_only,原始 AMFormer,×,×,1,sim_1_1_168,0,0.4648859639556945,0,0.5700000000000001,Simulated plotting data only; not real experimental results.
simulated_for_plotting_only,原始 AMFormer,×,×,1,sim_1_1_169,0,0.5254488311010355,0,0.5700000000000001,Simulated plotting data only; not real experimental results.
simulated_for_plotting_only,原始 AMFormer,×,×,1,sim_1_1_170,1,0.827179508577552,1,0.5700000000000001,Simulated plotting data only; not real experimental results.
simulated_for_plotting_only,原始 AMFormer,×,×,1,sim_1_1_171,1,0.9235827816392244,1,0.5700000000000001,Simulated plotting data only; not real experimental results.
simulated_for_plotting_only,原始 AMFormer,×,×,1,sim_1_1_172,0,0.7870305488754116,1,0.5700000000000001,Simulated plotting data only; not real experimental results.
simulated_for_plotting_only,原始 AMFormer,×,×,1,sim_1_1_173,1,0.8261249772877625,1,0.5700000000000001,Simulated plotting data only; not real experimental results.
simulated_for_plotting_only,原始 AMFormer,×,×,1,sim_1_1_174,0,0.1692715493193191,0,0.5700000000000001,Simulated plotting data only; not real experimental results.
simulated_for_plotting_only,原始 AMFormer,×,×,1,sim_1_1_175,0,0.6213130146642462,1,0.5700000000000001,Simulated plotting data only; not real experimental results.
simulated_for_plotting_only,原始 AMFormer,×,×,1,sim_1_1_176,0,0.3220153347785386,0,0.5700000000000001,Simulated plotting data only; not real experimental results.
simulated_for_plotting_only,原始 AMFormer,×,×,1,sim_1_1_177,0,0.505827784702798,0,0.5700000000000001,Simulated plotting data only; not real experimental results.
simulated_for_plotting_only,原始 AMFormer,×,×,1,sim_1_1_178,1,0.8027371264428282,1,0.5700000000000001,Simulated plotting data only; not real experimental results.
simulated_for_plotting_only,原始 AMFormer,×,×,1,sim_1_1_179,1,0.8473507507959668,1,0.5700000000000001,Simulated plotting data only; not real experimental results.
simulated_for_plotting_only,原始 AMFormer,×,×,1,sim_1_1_180,0,0.5578506943707233,0,0.5700000000000001,Simulated plotting data only; not real experimental results.
simulated_for_plotting_only,原始 AMFormer,×,×,1,sim_1_1_181,0,0.3949536316987637,0,0.5700000000000001,Simulated plotting data only; not real experimental results.
simulated_for_plotting_only,原始 AMFormer,×,×,1,sim_1_1_182,0,0.468128458990732,0,0.5700000000000001,Simulated plotting data only; not real experimental results.
simulated_for_plotting_only,原始 AMFormer,×,×,1,sim_1_1_183,0,0.3154717176512998,0,0.5700000000000001,Simulated plotting data only; not real experimental results.
simulated_for_plotting_only,原始 AMFormer,×,×,2,sim_1_2_001,0,0.5084431808069246,0,0.61,Simulated plotting data only; not real experimental results.
simulated_for_plotting_only,原始 AMFormer,×,×,2,sim_1_2_002,1,0.822756521461294,1,0.61,Simulated plotting data only; not real experimental results.
simulated_for_plotting_only,原始 AMFormer,×,×,2,sim_1_2_003,0,0.8745017128968242,1,0.61,Simulated plotting data only; not real experimental results.
simulated_for_plotting_only,原始 AMFormer,×,×,2,sim_1_2_004,0,0.1899657666229888,0,0.61,Simulated plotting data only; not real experimental results.
simulated_for_plotting_only,原始 AMFormer,×,×,2,sim_1_2_005,0,0.4895121803501013,0,0.61,Simulated plotting data only; not real experimental results.
simulated_for_plotting_only,原始 AMFormer,×,×,2,sim_1_2_006,0,0.6045344850701748,0,0.61,Simulated plotting data only; not real experimental results.
simulated_for_plotting_only,原始 AMFormer,×,×,2,sim_1_2_007,0,0.2613182564239522,0,0.61,Simulated plotting data only; not real experimental results.
simulated_for_plotting_only,原始 AMFormer,×,×,2,sim_1_2_008,1,0.9128250530273684,1,0.61,Simulated plotting data only; not real experimental results.
simulated_for_plotting_only,原始 AMFormer,×,×,2,sim_1_2_009,0,0.4709094281813687,0,0.61,Simulated plotting data only; not real experimental results.
simulated_for_plotting_only,原始 AMFormer,×,×,2,sim_1_2_010,0,0.1865920091470783,0,0.61,Simulated plotting data only; not real experimental results.
simulated_for_plotting_only,原始 AMFormer,×,×,2,sim_1_2_011,0,0.5463908603608266,0,0.61,Simulated plotting data only; not real experimental results.
simulated_for_plotting_only,原始 AMFormer,×,×,2,sim_1_2_012,0,0.8189543767392204,1,0.61,Simulated plotting data only; not real experimental results.
simulated_for_plotting_only,原始 AMFormer,×,×,2,sim_1_2_013,1,0.6060721047162692,0,0.61,Simulated plotting data only; not real experimental results.
simulated_for_plotting_only,原始 AMFormer,×,×,2,sim_1_2_014,0,0.353295005207887,0,0.61,Simulated plotting data only; not real experimental results.
simulated_for_plotting_only,原始 AMFormer,×,×,2,sim_1_2_015,0,0.4368708667428233,0,0.61,Simulated plotting data only; not real experimental results.
simulated_for_plotting_only,原始 AMFormer,×,×,2,sim_1_2_016,0,0.5748417816980093,0,0.61,Simulated plotting data only; not real experimental results.
simulated_for_plotting_only,原始 AMFormer,×,×,2,sim_1_2_017,0,0.4081137930336047,0,0.61,Simulated plotting data only; not real experimental results.
simulated_for_plotting_only,原始 AMFormer,×,×,2,sim_1_2_018,1,0.6960064453522933,1,0.61,Simulated plotting data only; not real experimental results.
simulated_for_plotting_only,原始 AMFormer,×,×,2,sim_1_2_019,1,0.9115431497632556,1,0.61,Simulated plotting data only; not real experimental results.
simulated_for_plotting_only,原始 AMFormer,×,×,2,sim_1_2_020,1,0.8418067071559252,1,0.61,Simulated plotting data only; not real experimental results.
simulated_for_plotting_only,原始 AMFormer,×,×,2,sim_1_2_021,0,0.4282305886400442,0,0.61,Simulated plotting data only; not real experimental results.
simulated_for_plotting_only,原始 AMFormer,×,×,2,sim_1_2_022,0,0.4620813496743254,0,0.61,Simulated plotting data only; not real experimental results.
simulated_for_plotting_only,原始 AMFormer,×,×,2,sim_1_2_023,1,0.9355577716512776,1,0.61,Simulated plotting data only; not real experimental results.
simulated_for_plotting_only,原始 AMFormer,×,×,2,sim_1_2_024,0,0.7894803529421534,1,0.61,Simulated plotting data only; not real experimental results.
simulated_for_plotting_only,原始 AMFormer,×,×,2,sim_1_2_025,0,0.914283841026407,1,0.61,Simulated plotting data only; not real experimental results.
simulated_for_plotting_only,原始 AMFormer,×,×,2,sim_1_2_026,0,0.5052388519019158,0,0.61,Simulated plotting data only; not real experimental results.
simulated_for_plotting_only,原始 AMFormer,×,×,2,sim_1_2_027,0,0.6642825343501307,1,0.61,Simulated plotting data only; not real experimental results.
simulated_for_plotting_only,原始 AMFormer,×,×,2,sim_1_2_028,0,0.57331075340118,0,0.61,Simulated plotting data only; not real experimental results.
simulated_for_plotting_only,原始 AMFormer,×,×,2,sim_1_2_029,0,0.7832589398181791,1,0.61,Simulated plotting data only; not real experimental results.
simulated_for_plotting_only,原始 AMFormer,×,×,2,sim_1_2_030,0,0.3238897721435814,0,0.61,Simulated plotting data only; not real experimental results.
simulated_for_plotting_only,原始 AMFormer,×,×,2,sim_1_2_031,0,0.5206598597655118,0,0.61,Simulated plotting data only; not real experimental results.
simulated_for_plotting_only,原始 AMFormer,×,×,2,sim_1_2_032,0,0.595195620071785,0,0.61,Simulated plotting data only; not real experimental results.
simulated_for_plotting_only,原始 AMFormer,×,×,2,sim_1_2_033,0,0.3412251754303023,0,0.61,Simulated plotting data only; not real experimental results.
simulated_for_plotting_only,原始 AMFormer,×,×,2,sim_1_2_034,1,0.89927492618822,1,0.61,Simulated plotting data only; not real experimental results.
simulated_for_plotting_only,原始 AMFormer,×,×,2,sim_1_2_035,1,0.6214124815821401,1,0.61,Simulated plotting data only; not real experimental results.
simulated_for_plotting_only,原始 AMFormer,×,×,2,sim_1_2_036,0,0.1843261985306758,0,0.61,Simulated plotting data only; not real experimental results.
simulated_for_plotting_only,原始 AMFormer,×,×,2,sim_1_2_037,1,0.7893039997783018,1,0.61,Simulated plotting data only; not real experimental results.
simulated_for_plotting_only,原始 AMFormer,×,×,2,sim_1_2_038,0,0.2348212233645218,0,0.61,Simulated plotting data only; not real experimental results.
simulated_for_plotting_only,原始 AMFormer,×,×,2,sim_1_2_039,0,0.4330996685774162,0,0.61,Simulated plotting data only; not real experimental results.
simulated_for_plotting_only,原始 AMFormer,×,×,2,sim_1_2_040,0,0.4418256434381816,0,0.61,Simulated plotting data only; not real experimental results.
simulated_for_plotting_only,原始 AMFormer,×,×,2,sim_1_2_041,1,0.8420646208156604,1,0.61,Simulated plotting data only; not real experimental results.
simulated_for_plotting_only,原始 AMFormer,×,×,2,sim_1_2_042,0,0.5498063989699691,0,0.61,Simulated plotting data only; not real experimental results.
simulated_for_plotting_only,原始 AMFormer,×,×,2,sim_1_2_043,0,0.4057324762064713,0,0.61,Simulated plotting data only; not real experimental results.
simulated_for_plotting_only,原始 AMFormer,×,×,2,sim_1_2_044,1,0.7488009974941007,1,0.61,Simulated plotting data only; not real experimental results.
simulated_for_plotting_only,原始 AMFormer,×,×,2,sim_1_2_045,0,0.2805884352885001,0,0.61,Simulated plotting data only; not real experimental results.
simulated_for_plotting_only,原始 AMFormer,×,×,2,sim_1_2_046,0,0.532522730280165,0,0.61,Simulated plotting data only; not real experimental results.
simulated_for_plotting_only,原始 AMFormer,×,×,2,sim_1_2_047,0,0.7681223719111409,1,0.61,Simulated plotting data only; not real experimental results.
simulated_for_plotting_only,原始 AMFormer,×,×,2,sim_1_2_048,0,0.4135739046366659,0,0.61,Simulated plotting data only; not real experimental results.
simulated_for_plotting_only,原始 AMFormer,×,×,2,sim_1_2_049,0,0.2356300200705145,0,0.61,Simulated plotting data only; not real experimental results.
simulated_for_plotting_only,原始 AMFormer,×,×,2,sim_1_2_050,1,0.8499583799887469,1,0.61,Simulated plotting data only; not real experimental results.
simulated_for_plotting_only,原始 AMFormer,×,×,2,sim_1_2_051,0,0.5405682189039412,0,0.61,Simulated plotting data only; not real experimental results.
simulated_for_plotting_only,原始 AMFormer,×,×,2,sim_1_2_052,1,0.9020996721757272,1,0.61,Simulated plotting data only; not real experimental results.
simulated_for_plotting_only,原始 AMFormer,×,×,2,sim_1_2_053,0,0.4637343022855023,0,0.61,Simulated plotting data only; not real experimental results.
simulated_for_plotting_only,原始 AMFormer,×,×,2,sim_1_2_054,0,0.5267253332150782,0,0.61,Simulated plotting data only; not real experimental results.
simulated_for_plotting_only,原始 AMFormer,×,×,2,sim_1_2_055,0,0.5446542493075018,0,0.61,Simulated plotting data only; not real experimental results.
simulated_for_plotting_only,原始 AMFormer,×,×,2,sim_1_2_056,0,0.1518966333792582,0,0.61,Simulated plotting data only; not real experimental results.
simulated_for_plotting_only,原始 AMFormer,×,×,2,sim_1_2_057,1,0.8399257207399858,1,0.61,Simulated plotting data only; not real experimental results.
simulated_for_plotting_only,原始 AMFormer,×,×,2,sim_1_2_058,0,0.609181604846769,0,0.61,Simulated plotting data only; not real experimental results.
simulated_for_plotting_only,原始 AMFormer,×,×,2,sim_1_2_059,1,0.8557857430978654,1,0.61,Simulated plotting data only; not real experimental results.
simulated_for_plotting_only,原始 AMFormer,×,×,2,sim_1_2_060,0,0.3550603106389794,0,0.61,Simulated plotting data only; not real experimental results.
simulated_for_plotting_only,原始 AMFormer,×,×,2,sim_1_2_061,0,0.3071664611984604,0,0.61,Simulated plotting data only; not real experimental results.
simulated_for_plotting_only,原始 AMFormer,×,×,2,sim_1_2_062,0,0.3911598822824805,0,0.61,Simulated plotting data only; not real experimental results.
simulated_for_plotting_only,原始 AMFormer,×,×,2,sim_1_2_063,0,0.2794494706655352,0,0.61,Simulated plotting data only; not real experimental results.
simulated_for_plotting_only,原始 AMFormer,×,×,2,sim_1_2_064,1,0.7519421707063142,1,0.61,Simulated plotting data only; not real experimental results.
simulated_for_plotting_only,原始 AMFormer,×,×,2,sim_1_2_065,1,0.698457222158756,1,0.61,Simulated plotting data only; not real experimental results.
simulated_for_plotting_only,原始 AMFormer,×,×,2,sim_1_2_066,0,0.2281103691876628,0,0.61,Simulated plotting data only; not real experimental results.
simulated_for_plotting_only,原始 AMFormer,×,×,2,sim_1_2_067,1,0.9496008448477148,1,0.61,Simulated plotting data only; not real experimental results.
simulated_for_plotting_only,原始 AMFormer,×,×,2,sim_1_2_068,0,0.3319286473986839,0,0.61,Simulated plotting data only; not real experimental results.
simulated_for_plotting_only,原始 AMFormer,×,×,2,sim_1_2_069,0,0.4235428649955279,0,0.61,Simulated plotting data only; not real experimental results.
simulated_for_plotting_only,原始 AMFormer,×,×,2,sim_1_2_070,1,0.6032268657938719,0,0.61,Simulated plotting data only; not real experimental results.
simulated_for_plotting_only,原始 AMFormer,×,×,2,sim_1_2_071,0,0.3366695842574876,0,0.61,Simulated plotting data only; not real experimental results.
simulated_for_plotting_only,原始 AMFormer,×,×,2,sim_1_2_072,1,0.9435704305916116,1,0.61,Simulated plotting data only; not real experimental results.
simulated_for_plotting_only,原始 AMFormer,×,×,2,sim_1_2_073,0,0.4949017046953072,0,0.61,Simulated plotting data only; not real experimental results.
simulated_for_plotting_only,原始 AMFormer,×,×,2,sim_1_2_074,0,0.4896139186429962,0,0.61,Simulated plotting data only; not real experimental results.
simulated_for_plotting_only,原始 AMFormer,×,×,2,sim_1_2_075,0,0.4027270459094288,0,0.61,Simulated plotting data only; not real experimental results.
simulated_for_plotting_only,原始 AMFormer,×,×,2,sim_1_2_076,0,0.3439275812100365,0,0.61,Simulated plotting data only; not real experimental results.
simulated_for_plotting_only,原始 AMFormer,×,×,2,sim_1_2_077,1,0.7543299623395486,1,0.61,Simulated plotting data only; not real experimental results.
simulated_for_plotting_only,原始 AMFormer,×,×,2,sim_1_2_078,0,0.7222703643703451,1,0.61,Simulated plotting data only; not real experimental results.
simulated_for_plotting_only,原始 AMFormer,×,×,2,sim_1_2_079,1,0.8738565759775089,1,0.61,Simulated plotting data only; not real experimental results.
simulated_for_plotting_only,原始 AMFormer,×,×,2,sim_1_2_080,0,0.727346943048166,1,0.61,Simulated plotting data only; not real experimental results.
simulated_for_plotting_only,原始 AMFormer,×,×,2,sim_1_2_081,0,0.2015629308669849,0,0.61,Simulated plotting data only; not real experimental results.
simulated_for_plotting_only,原始 AMFormer,×,×,2,sim_1_2_082,0,0.6382084995451699,1,0.61,Simulated plotting data only; not real experimental results.
simulated_for_plotting_only,原始 AMFormer,×,×,2,sim_1_2_083,1,0.9652111278995644,1,0.61,Simulated plotting data only; not real experimental results.
simulated_for_plotting_only,原始 AMFormer,×,×,2,sim_1_2_084,0,0.1976723203799163,0,0.61,Simulated plotting data only; not real experimental results.
simulated_for_plotting_only,原始 AMFormer,×,×,2,sim_1_2_085,0,0.7811123424223405,1,0.61,Simulated plotting data only; not real experimental results.
simulated_for_plotting_only,原始 AMFormer,×,×,2,sim_1_2_086,0,0.7160211108753808,1,0.61,Simulated plotting data only; not real experimental results.
simulated_for_plotting_only,原始 AMFormer,×,×,2,sim_1_2_087,1,0.7802474233635495,1,0.61,Simulated plotting data only; not real experimental results.
simulated_for_plotting_only,原始 AMFormer,×,×,2,sim_1_2_088,0,0.5350114617624779,0,0.61,Simulated plotting data only; not real experimental results.
simulated_for_plotting_only,原始 AMFormer,×,×,2,sim_1_2_089,0,0.3574722644278637,0,0.61,Simulated plotting data only; not real experimental results.
simulated_for_plotting_only,原始 AMFormer,×,×,2,sim_1_2_090,1,0.6348346041113514,1,0.61,Simulated plotting data only; not real experimental results.
simulated_for_plotting_only,原始 AMFormer,×,×,2,sim_1_2_091,0,0.8520904444165617,1,0.61,Simulated plotting data only; not real experimental results.
simulated_for_plotting_only,原始 AMFormer,×,×,2,sim_1_2_092,0,0.1720091578418295,0,0.61,Simulated plotting data only; not real experimental results.
simulated_for_plotting_only,原始 AMFormer,×,×,2,sim_1_2_093,1,0.9114207405614104,1,0.61,Simulated plotting data only; not real experimental results.
simulated_for_plotting_only,原始 AMFormer,×,×,2,sim_1_2_094,0,0.7310439128046483,1,0.61,Simulated plotting data only; not real experimental results.
simulated_for_plotting_only,原始 AMFormer,×,×,2,sim_1_2_095,1,0.7727427740727341,1,0.61,Simulated plotting data only; not real experimental results.
simulated_for_plotting_only,原始 AMFormer,×,×,2,sim_1_2_096,1,0.9487016765260022,1,0.61,Simulated plotting data only; not real experimental results.
simulated_for_plotting_only,原始 AMFormer,×,×,2,sim_1_2_097,1,0.5834465763830807,0,0.61,Simulated plotting data only; not real experimental results.
simulated_for_plotting_only,原始 AMFormer,×,×,2,sim_1_2_098,0,0.6937149770417321,1,0.61,Simulated plotting data only; not real experimental results.
simulated_for_plotting_only,原始 AMFormer,×,×,2,sim_1_2_099,0,0.6099365693120633,0,0.61,Simulated plotting data only; not real experimental results.
simulated_for_plotting_only,原始 AMFormer,×,×,2,sim_1_2_100,0,0.3128333093715726,0,0.61,Simulated plotting data only; not real experimental results.
simulated_for_plotting_only,原始 AMFormer,×,×,2,sim_1_2_101,0,0.5607488216027805,0,0.61,Simulated plotting data only; not real experimental results.
simulated_for_plotting_only,原始 AMFormer,×,×,2,sim_1_2_102,0,0.2643802729433148,0,0.61,Simulated plotting data only; not real experimental results.
simulated_for_plotting_only,原始 AMFormer,×,×,2,sim_1_2_103,0,0.2435247489695211,0,0.61,Simulated plotting data only; not real experimental results.
simulated_for_plotting_only,原始 AMFormer,×,×,2,sim_1_2_104,0,0.7701190969458848,1,0.61,Simulated plotting data only; not real experimental results.
simulated_for_plotting_only,原始 AMFormer,×,×,2,sim_1_2_105,0,0.2571648358952282,0,0.61,Simulated plotting data only; not real experimental results.
simulated_for_plotting_only,原始 AMFormer,×,×,2,sim_1_2_106,1,0.896170131102593,1,0.61,Simulated plotting data only; not real experimental results.
simulated_for_plotting_only,原始 AMFormer,×,×,2,sim_1_2_107,1,0.9430004946935056,1,0.61,Simulated plotting data only; not real experimental results.
simulated_for_plotting_only,原始 AMFormer,×,×,2,sim_1_2_108,0,0.4405632666289171,0,0.61,Simulated plotting data only; not real experimental results.
simulated_for_plotting_only,原始 AMFormer,×,×,2,sim_1_2_109,1,0.9358299092256788,1,0.61,Simulated plotting data only; not real experimental results.
simulated_for_plotting_only,原始 AMFormer,×,×,2,sim_1_2_110,1,0.8783928424327505,1,0.61,Simulated plotting data only; not real experimental results.
simulated_for_plotting_only,原始 AMFormer,×,×,2,sim_1_2_111,0,0.7520812806257282,1,0.61,Simulated plotting data only; not real experimental results.
simulated_for_plotting_only,原始 AMFormer,×,×,2,sim_1_2_112,1,0.7320703777838244,1,0.61,Simulated plotting data only; not real experimental results.
simulated_for_plotting_only,原始 AMFormer,×,×,2,sim_1_2_113,0,0.0699325198816032,0,0.61,Simulated plotting data only; not real experimental results.
simulated_for_plotting_only,原始 AMFormer,×,×,2,sim_1_2_114,1,0.8095307660535987,1,0.61,Simulated plotting data only; not real experimental results.
simulated_for_plotting_only,原始 AMFormer,×,×,2,sim_1_2_115,0,0.5643029638920475,0,0.61,Simulated plotting data only; not real experimental results.
simulated_for_plotting_only,原始 AMFormer,×,×,2,sim_1_2_116,0,0.7446827324503611,1,0.61,Simulated plotting data only; not real experimental results.
simulated_for_plotting_only,原始 AMFormer,×,×,2,sim_1_2_117,0,0.650745754090362,1,0.61,Simulated plotting data only; not real experimental results.
simulated_for_plotting_only,原始 AMFormer,×,×,2,sim_1_2_118,0,0.3516426701751062,0,0.61,Simulated plotting data only; not real experimental results.
simulated_for_plotting_only,原始 AMFormer,×,×,2,sim_1_2_119,1,0.828024875926216,1,0.61,Simulated plotting data only; not real experimental results.
simulated_for_plotting_only,原始 AMFormer,×,×,2,sim_1_2_120,0,0.3867560856030692,0,0.61,Simulated plotting data only; not real experimental results.
simulated_for_plotting_only,原始 AMFormer,×,×,2,sim_1_2_121,0,0.7642025017588923,1,0.61,Simulated plotting data only; not real experimental results.
simulated_for_plotting_only,原始 AMFormer,×,×,2,sim_1_2_122,0,0.7555955224435401,1,0.61,Simulated plotting data only; not real experimental results.
simulated_for_plotting_only,原始 AMFormer,×,×,2,sim_1_2_123,0,0.2634289805572206,0,0.61,Simulated plotting data only; not real experimental results.
simulated_for_plotting_only,原始 AMFormer,×,×,2,sim_1_2_124,0,0.3653519961115888,0,0.61,Simulated plotting data only; not real experimental results.
simulated_for_plotting_only,原始 AMFormer,×,×,2,sim_1_2_125,1,0.8489077169919245,1,0.61,Simulated plotting data only; not real experimental results.
simulated_for_plotting_only,原始 AMFormer,×,×,2,sim_1_2_126,0,0.6427339811151971,1,0.61,Simulated plotting data only; not real experimental results.
simulated_for_plotting_only,原始 AMFormer,×,×,2,sim_1_2_127,0,0.1948732422351715,0,0.61,Simulated plotting data only; not real experimental results.
simulated_for_plotting_only,原始 AMFormer,×,×,2,sim_1_2_128,1,0.8797651028493128,1,0.61,Simulated plotting data only; not real experimental results.
simulated_for_plotting_only,原始 AMFormer,×,×,2,sim_1_2_129,0,0.5685613831226853,0,0.61,Simulated plotting data only; not real experimental results.
simulated_for_plotting_only,原始 AMFormer,×,×,2,sim_1_2_130,0,0.3480231065712937,0,0.61,Simulated plotting data only; not real experimental results.
simulated_for_plotting_only,原始 AMFormer,×,×,2,sim_1_2_131,0,0.6749187011938388,1,0.61,Simulated plotting data only; not real experimental results.
simulated_for_plotting_only,原始 AMFormer,×,×,2,sim_1_2_132,0,0.5899418668478064,0,0.61,Simulated plotting data only; not real experimental results.
simulated_for_plotting_only,原始 AMFormer,×,×,2,sim_1_2_133,0,0.6755751235163312,1,0.61,Simulated plotting data only; not real experimental results.
simulated_for_plotting_only,原始 AMFormer,×,×,2,sim_1_2_134,1,0.6934436387706914,1,0.61,Simulated plotting data only; not real experimental results.
simulated_for_plotting_only,原始 AMFormer,×,×,2,sim_1_2_135,0,0.7415111856316743,1,0.61,Simulated plotting data only; not real experimental results.
simulated_for_plotting_only,原始 AMFormer,×,×,2,sim_1_2_136,0,0.1659528752335244,0,0.61,Simulated plotting data only; not real experimental results.
simulated_for_plotting_only,原始 AMFormer,×,×,2,sim_1_2_137,0,0.1761247001321402,0,0.61,Simulated plotting data only; not real experimental results.
simulated_for_plotting_only,原始 AMFormer,×,×,2,sim_1_2_138,0,0.2639842337442059,0,0.61,Simulated plotting data only; not real experimental results.
simulated_for_plotting_only,原始 AMFormer,×,×,2,sim_1_2_139,0,0.4446883385428953,0,0.61,Simulated plotting data only; not real experimental results.
simulated_for_plotting_only,原始 AMFormer,×,×,2,sim_1_2_140,0,0.4532370799698729,0,0.61,Simulated plotting data only; not real experimental results.
simulated_for_plotting_only,原始 AMFormer,×,×,2,sim_1_2_141,0,0.3490555677794815,0,0.61,Simulated plotting data only; not real experimental results.
simulated_for_plotting_only,原始 AMFormer,×,×,2,sim_1_2_142,0,0.3396364341138385,0,0.61,Simulated plotting data only; not real experimental results.
simulated_for_plotting_only,原始 AMFormer,×,×,2,sim_1_2_143,0,0.548688041126274,0,0.61,Simulated plotting data only; not real experimental results.
simulated_for_plotting_only,原始 AMFormer,×,×,2,sim_1_2_144,0,0.0770412807758935,0,0.61,Simulated plotting data only; not real experimental results.
simulated_for_plotting_only,原始 AMFormer,×,×,2,sim_1_2_145,0,0.3640158280734734,0,0.61,Simulated plotting data only; not real experimental results.
simulated_for_plotting_only,原始 AMFormer,×,×,2,sim_1_2_146,0,0.4511705153366942,0,0.61,Simulated plotting data only; not real experimental results.
simulated_for_plotting_only,原始 AMFormer,×,×,2,sim_1_2_147,0,0.1605975707496676,0,0.61,Simulated plotting data only; not real experimental results.
simulated_for_plotting_only,原始 AMFormer,×,×,2,sim_1_2_148,0,0.4033114183520463,0,0.61,Simulated plotting data only; not real experimental results.
simulated_for_plotting_only,原始 AMFormer,×,×,2,sim_1_2_149,1,0.8404248449107329,1,0.61,Simulated plotting data only; not real experimental results.
simulated_for_plotting_only,原始 AMFormer,×,×,2,sim_1_2_150,1,0.7672454626324571,1,0.61,Simulated plotting data only; not real experimental results.
simulated_for_plotting_only,原始 AMFormer,×,×,2,sim_1_2_151,1,0.769422090043781,1,0.61,Simulated plotting data only; not real experimental results.
simulated_for_plotting_only,原始 AMFormer,×,×,2,sim_1_2_152,1,0.7752897229583182,1,0.61,Simulated plotting data only; not real experimental results.
simulated_for_plotting_only,原始 AMFormer,×,×,2,sim_1_2_153,0,0.4889522916594241,0,0.61,Simulated plotting data only; not real experimental results.
simulated_for_plotting_only,原始 AMFormer,×,×,2,sim_1_2_154,1,0.7967902602829402,1,0.61,Simulated plotting data only; not real experimental results.
simulated_for_plotting_only,原始 AMFormer,×,×,2,sim_1_2_155,0,0.766870326318365,1,0.61,Simulated plotting data only; not real experimental results.
simulated_for_plotting_only,原始 AMFormer,×,×,2,sim_1_2_156,1,0.6835228590338903,1,0.61,Simulated plotting data only; not real experimental results.
simulated_for_plotting_only,原始 AMFormer,×,×,2,sim_1_2_157,1,0.8485121133945044,1,0.61,Simulated plotting data only; not real experimental results.
simulated_for_plotting_only,原始 AMFormer,×,×,2,sim_1_2_158,0,0.5017059633238675,0,0.61,Simulated plotting data only; not real experimental results.
simulated_for_plotting_only,原始 AMFormer,×,×,2,sim_1_2_159,0,0.572331416539287,0,0.61,Simulated plotting data only; not real experimental results.
simulated_for_plotting_only,原始 AMFormer,×,×,2,sim_1_2_160,0,0.2731198370128589,0,0.61,Simulated plotting data only; not real experimental results.
simulated_for_plotting_only,原始 AMFormer,×,×,2,sim_1_2_161,0,0.1635967091874396,0,0.61,Simulated plotting data only; not real experimental results.
simulated_for_plotting_only,原始 AMFormer,×,×,2,sim_1_2_162,1,0.8579196648271384,1,0.61,Simulated plotting data only; not real experimental results.
simulated_for_plotting_only,原始 AMFormer,×,×,2,sim_1_2_163,1,0.7038880363282518,1,0.61,Simulated plotting data only; not real experimental results.
simulated_for_plotting_only,原始 AMFormer,×,×,2,sim_1_2_164,1,0.7201810718484092,1,0.61,Simulated plotting data only; not real experimental results.
simulated_for_plotting_only,原始 AMFormer,×,×,2,sim_1_2_165,0,0.7273655546947594,1,0.61,Simulated plotting data only; not real experimental results.
simulated_for_plotting_only,原始 AMFormer,×,×,2,sim_1_2_166,0,0.320974555486152,0,0.61,Simulated plotting data only; not real experimental results.
simulated_for_plotting_only,原始 AMFormer,×,×,2,sim_1_2_167,0,0.5303478156617885,0,0.61,Simulated plotting data only; not real experimental results.
simulated_for_plotting_only,原始 AMFormer,×,×,2,sim_1_2_168,0,0.5539105861805388,0,0.61,Simulated plotting data only; not real experimental results.
simulated_for_plotting_only,原始 AMFormer,×,×,2,sim_1_2_169,0,0.7606687645700186,1,0.61,Simulated plotting data only; not real experimental results.
simulated_for_plotting_only,原始 AMFormer,×,×,2,sim_1_2_170,0,0.6144423935080662,1,0.61,Simulated plotting data only; not real experimental results.
simulated_for_plotting_only,原始 AMFormer,×,×,2,sim_1_2_171,1,0.6145535855786984,1,0.61,Simulated plotting data only; not real experimental results.
simulated_for_plotting_only,原始 AMFormer,×,×,2,sim_1_2_172,0,0.2855150225583618,0,0.61,Simulated plotting data only; not real experimental results.
simulated_for_plotting_only,原始 AMFormer,×,×,2,sim_1_2_173,0,0.3377008204017851,0,0.61,Simulated plotting data only; not real experimental results.
simulated_for_plotting_only,原始 AMFormer,×,×,2,sim_1_2_174,0,0.5412630290284842,0,0.61,Simulated plotting data only; not real experimental results.
simulated_for_plotting_only,原始 AMFormer,×,×,2,sim_1_2_175,0,0.4058554690350151,0,0.61,Simulated plotting data only; not real experimental results.
simulated_for_plotting_only,原始 AMFormer,×,×,2,sim_1_2_176,0,0.4111429961274038,0,0.61,Simulated plotting data only; not real experimental results.
simulated_for_plotting_only,原始 AMFormer,×,×,2,sim_1_2_177,0,0.2971077910969894,0,0.61,Simulated plotting data only; not real experimental results.
simulated_for_plotting_only,原始 AMFormer,×,×,2,sim_1_2_178,0,0.7609840199837098,1,0.61,Simulated plotting data only; not real experimental results.
simulated_for_plotting_only,原始 AMFormer,×,×,2,sim_1_2_179,0,0.4991997587129343,0,0.61,Simulated plotting data only; not real experimental results.
simulated_for_plotting_only,原始 AMFormer,×,×,2,sim_1_2_180,0,0.5360402098564403,0,0.61,Simulated plotting data only; not real experimental results.
simulated_for_plotting_only,原始 AMFormer,×,×,2,sim_1_2_181,1,0.8056388257963152,1,0.61,Simulated plotting data only; not real experimental results.
simulated_for_plotting_only,原始 AMFormer,×,×,2,sim_1_2_182,0,0.5758725470105085,0,0.61,Simulated plotting data only; not real experimental results.
simulated_for_plotting_only,原始 AMFormer,×,×,2,sim_1_2_183,1,0.5777956759129198,0,0.61,Simulated plotting data only; not real experimental results.
simulated_for_plotting_only,原始 AMFormer,×,×,3,sim_1_3_001,0,0.1197186743338112,0,0.54,Simulated plotting data only; not real experimental results.
simulated_for_plotting_only,原始 AMFormer,×,×,3,sim_1_3_002,0,0.1531577745305198,0,0.54,Simulated plotting data only; not real experimental results.
simulated_for_plotting_only,原始 AMFormer,×,×,3,sim_1_3_003,0,0.4479592196709835,0,0.54,Simulated plotting data only; not real experimental results.
simulated_for_plotting_only,原始 AMFormer,×,×,3,sim_1_3_004,0,0.1615281371433972,0,0.54,Simulated plotting data only; not real experimental results.
simulated_for_plotting_only,原始 AMFormer,×,×,3,sim_1_3_005,0,0.1937061347714621,0,0.54,Simulated plotting data only; not real experimental results.
simulated_for_plotting_only,原始 AMFormer,×,×,3,sim_1_3_006,1,0.8044803919335316,1,0.54,Simulated plotting data only; not real experimental results.
simulated_for_plotting_only,原始 AMFormer,×,×,3,sim_1_3_007,0,0.6408614139178642,1,0.54,Simulated plotting data only; not real experimental results.
simulated_for_plotting_only,原始 AMFormer,×,×,3,sim_1_3_008,1,0.9405273205752432,1,0.54,Simulated plotting data only; not real experimental results.
simulated_for_plotting_only,原始 AMFormer,×,×,3,sim_1_3_009,0,0.2307362540957392,0,0.54,Simulated plotting data only; not real experimental results.
simulated_for_plotting_only,原始 AMFormer,×,×,3,sim_1_3_010,0,0.2977176936208611,0,0.54,Simulated plotting data only; not real experimental results.
simulated_for_plotting_only,原始 AMFormer,×,×,3,sim_1_3_011,0,0.8154985242802384,1,0.54,Simulated plotting data only; not real experimental results.
simulated_for_plotting_only,原始 AMFormer,×,×,3,sim_1_3_012,0,0.2845933750659346,0,0.54,Simulated plotting data only; not real experimental results.
simulated_for_plotting_only,原始 AMFormer,×,×,3,sim_1_3_013,0,0.5233316862636518,0,0.54,Simulated plotting data only; not real experimental results.
simulated_for_plotting_only,原始 AMFormer,×,×,3,sim_1_3_014,0,0.6867998161221799,1,0.54,Simulated plotting data only; not real experimental results.
simulated_for_plotting_only,原始 AMFormer,×,×,3,sim_1_3_015,1,0.8552833086676743,1,0.54,Simulated plotting data only; not real experimental results.
simulated_for_plotting_only,原始 AMFormer,×,×,3,sim_1_3_016,0,0.3667445880564144,0,0.54,Simulated plotting data only; not real experimental results.
simulated_for_plotting_only,原始 AMFormer,×,×,3,sim_1_3_017,1,0.8470111690986737,1,0.54,Simulated plotting data only; not real experimental results.
simulated_for_plotting_only,原始 AMFormer,×,×,3,sim_1_3_018,1,0.4711772067520616,0,0.54,Simulated plotting data only; not real experimental results.
simulated_for_plotting_only,原始 AMFormer,×,×,3,sim_1_3_019,1,0.6716382396012819,1,0.54,Simulated plotting data only; not real experimental results.
simulated_for_plotting_only,原始 AMFormer,×,×,3,sim_1_3_020,1,0.8041544024190557,1,0.54,Simulated plotting data only; not real experimental results.
simulated_for_plotting_only,原始 AMFormer,×,×,3,sim_1_3_021,0,0.3318834623063156,0,0.54,Simulated plotting data only; not real experimental results.
simulated_for_plotting_only,原始 AMFormer,×,×,3,sim_1_3_022,0,0.77813697230017,1,0.54,Simulated plotting data only; not real experimental results.
simulated_for_plotting_only,原始 AMFormer,×,×,3,sim_1_3_023,0,0.488015159124666,0,0.54,Simulated plotting data only; not real experimental results.
simulated_for_plotting_only,原始 AMFormer,×,×,3,sim_1_3_024,0,0.189119791269039,0,0.54,Simulated plotting data only; not real experimental results.
simulated_for_plotting_only,原始 AMFormer,×,×,3,sim_1_3_025,0,0.6184400899739999,1,0.54,Simulated plotting data only; not real experimental results.
simulated_for_plotting_only,原始 AMFormer,×,×,3,sim_1_3_026,0,0.3297306035006052,0,0.54,Simulated plotting data only; not real experimental results.
simulated_for_plotting_only,原始 AMFormer,×,×,3,sim_1_3_027,0,0.3983574133062773,0,0.54,Simulated plotting data only; not real experimental results.
simulated_for_plotting_only,原始 AMFormer,×,×,3,sim_1_3_028,1,0.9359306858088594,1,0.54,Simulated plotting data only; not real experimental results.
simulated_for_plotting_only,原始 AMFormer,×,×,3,sim_1_3_029,0,0.1589765436999591,0,0.54,Simulated plotting data only; not real experimental results.
simulated_for_plotting_only,原始 AMFormer,×,×,3,sim_1_3_030,0,0.6851931028548531,1,0.54,Simulated plotting data only; not real experimental results.
simulated_for_plotting_only,原始 AMFormer,×,×,3,sim_1_3_031,0,0.2820888940133834,0,0.54,Simulated plotting data only; not real experimental results.
simulated_for_plotting_only,原始 AMFormer,×,×,3,sim_1_3_032,1,0.8487903683506774,1,0.54,Simulated plotting data only; not real experimental results.
simulated_for_plotting_only,原始 AMFormer,×,×,3,sim_1_3_033,0,0.2416298951827678,0,0.54,Simulated plotting data only; not real experimental results.
simulated_for_plotting_only,原始 AMFormer,×,×,3,sim_1_3_034,1,0.9675261855569632,1,0.54,Simulated plotting data only; not real experimental results.
simulated_for_plotting_only,原始 AMFormer,×,×,3,sim_1_3_035,1,0.8993003815040636,1,0.54,Simulated plotting data only; not real experimental results.
simulated_for_plotting_only,原始 AMFormer,×,×,3,sim_1_3_036,0,0.6479989984143191,1,0.54,Simulated plotting data only; not real experimental results.
simulated_for_plotting_only,原始 AMFormer,×,×,3,sim_1_3_037,1,0.6966162075305372,1,0.54,Simulated plotting data only; not real experimental results.
simulated_for_plotting_only,原始 AMFormer,×,×,3,sim_1_3_038,0,0.518517138907942,0,0.54,Simulated plotting data only; not real experimental results.
simulated_for_plotting_only,原始 AMFormer,×,×,3,sim_1_3_039,1,0.7420160690865407,1,0.54,Simulated plotting data only; not real experimental results.
simulated_for_plotting_only,原始 AMFormer,×,×,3,sim_1_3_040,0,0.2584934891459711,0,0.54,Simulated plotting data only; not real experimental results.
simulated_for_plotting_only,原始 AMFormer,×,×,3,sim_1_3_041,0,0.581258171915407,1,0.54,Simulated plotting data only; not real experimental results.
simulated_for_plotting_only,原始 AMFormer,×,×,3,sim_1_3_042,0,0.8550732430798094,1,0.54,Simulated plotting data only; not real experimental results.
simulated_for_plotting_only,原始 AMFormer,×,×,3,sim_1_3_043,0,0.3597026090958523,0,0.54,Simulated plotting data only; not real experimental results.
simulated_for_plotting_only,原始 AMFormer,×,×,3,sim_1_3_044,0,0.8156000739793975,1,0.54,Simulated plotting data only; not real experimental results.
simulated_for_plotting_only,原始 AMFormer,×,×,3,sim_1_3_045,0,0.296582147416452,0,0.54,Simulated plotting data only; not real experimental results.
simulated_for_plotting_only,原始 AMFormer,×,×,3,sim_1_3_046,0,0.1939151207852766,0,0.54,Simulated plotting data only; not real experimental results.
simulated_for_plotting_only,原始 AMFormer,×,×,3,sim_1_3_047,1,0.8257090176665945,1,0.54,Simulated plotting data only; not real experimental results.
simulated_for_plotting_only,原始 AMFormer,×,×,3,sim_1_3_048,1,0.9399102515743386,1,0.54,Simulated plotting data only; not real experimental results.
simulated_for_plotting_only,原始 AMFormer,×,×,3,sim_1_3_049,0,0.4698955158605655,0,0.54,Simulated plotting data only; not real experimental results.
simulated_for_plotting_only,原始 AMFormer,×,×,3,sim_1_3_050,0,0.3728085301258955,0,0.54,Simulated plotting data only; not real experimental results.
simulated_for_plotting_only,原始 AMFormer,×,×,3,sim_1_3_051,0,0.5564892982530458,1,0.54,Simulated plotting data only; not real experimental results.
simulated_for_plotting_only,原始 AMFormer,×,×,3,sim_1_3_052,0,0.5470918760360505,1,0.54,Simulated plotting data only; not real experimental results.
simulated_for_plotting_only,原始 AMFormer,×,×,3,sim_1_3_053,0,0.6059788258674941,1,0.54,Simulated plotting data only; not real experimental results.
simulated_for_plotting_only,原始 AMFormer,×,×,3,sim_1_3_054,0,0.2646901057110805,0,0.54,Simulated plotting data only; not real experimental results.
simulated_for_plotting_only,原始 AMFormer,×,×,3,sim_1_3_055,1,0.923560974268754,1,0.54,Simulated plotting data only; not real experimental results.
simulated_for_plotting_only,原始 AMFormer,×,×,3,sim_1_3_056,0,0.32318965265362,0,0.54,Simulated plotting data only; not real experimental results.
simulated_for_plotting_only,原始 AMFormer,×,×,3,sim_1_3_057,1,0.9598918042383496,1,0.54,Simulated plotting data only; not real experimental results.
simulated_for_plotting_only,原始 AMFormer,×,×,3,sim_1_3_058,0,0.1390228320766241,0,0.54,Simulated plotting data only; not real experimental results.
simulated_for_plotting_only,原始 AMFormer,×,×,3,sim_1_3_059,0,0.6027421652607037,1,0.54,Simulated plotting data only; not real experimental results.
simulated_for_plotting_only,原始 AMFormer,×,×,3,sim_1_3_060,0,0.1685589840301407,0,0.54,Simulated plotting data only; not real experimental results.
simulated_for_plotting_only,原始 AMFormer,×,×,3,sim_1_3_061,1,0.497202221540418,0,0.54,Simulated plotting data only; not real experimental results.
simulated_for_plotting_only,原始 AMFormer,×,×,3,sim_1_3_062,0,0.457048495126257,0,0.54,Simulated plotting data only; not real experimental results.
simulated_for_plotting_only,原始 AMFormer,×,×,3,sim_1_3_063,1,0.8840006198733472,1,0.54,Simulated plotting data only; not real experimental results.
simulated_for_plotting_only,原始 AMFormer,×,×,3,sim_1_3_064,1,0.7531581361424331,1,0.54,Simulated plotting data only; not real experimental results.
simulated_for_plotting_only,原始 AMFormer,×,×,3,sim_1_3_065,0,0.6788049963959115,1,0.54,Simulated plotting data only; not real experimental results.
simulated_for_plotting_only,原始 AMFormer,×,×,3,sim_1_3_066,0,0.8469692339437255,1,0.54,Simulated plotting data only; not real experimental results.
simulated_for_plotting_only,原始 AMFormer,×,×,3,sim_1_3_067,0,0.7179476471320165,1,0.54,Simulated plotting data only; not real experimental results.
simulated_for_plotting_only,原始 AMFormer,×,×,3,sim_1_3_068,0,0.4298679800188219,0,0.54,Simulated plotting data only; not real experimental results.
simulated_for_plotting_only,原始 AMFormer,×,×,3,sim_1_3_069,1,0.8278534895789905,1,0.54,Simulated plotting data only; not real experimental results.
simulated_for_plotting_only,原始 AMFormer,×,×,3,sim_1_3_070,0,0.5751871531092074,1,0.54,Simulated plotting data only; not real experimental results.
simulated_for_plotting_only,原始 AMFormer,×,×,3,sim_1_3_071,1,0.942668881251056,1,0.54,Simulated plotting data only; not real experimental results.
simulated_for_plotting_only,原始 AMFormer,×,×,3,sim_1_3_072,0,0.5372693482442249,0,0.54,Simulated plotting data only; not real experimental results.
simulated_for_plotting_only,原始 AMFormer,×,×,3,sim_1_3_073,0,0.2192958193573788,0,0.54,Simulated plotting data only; not real experimental results.
simulated_for_plotting_only,原始 AMFormer,×,×,3,sim_1_3_074,0,0.4334744891177597,0,0.54,Simulated plotting data only; not real experimental results.
simulated_for_plotting_only,原始 AMFormer,×,×,3,sim_1_3_075,0,0.8723802739342131,1,0.54,Simulated plotting data only; not real experimental results.
simulated_for_plotting_only,原始 AMFormer,×,×,3,sim_1_3_076,0,0.5429908207951634,1,0.54,Simulated plotting data only; not real experimental results.
simulated_for_plotting_only,原始 AMFormer,×,×,3,sim_1_3_077,0,0.1086317808286293,0,0.54,Simulated plotting data only; not real experimental results.
simulated_for_plotting_only,原始 AMFormer,×,×,3,sim_1_3_078,1,0.916563948035516,1,0.54,Simulated plotting data only; not real experimental results.
simulated_for_plotting_only,原始 AMFormer,×,×,3,sim_1_3_079,0,0.4984180815679462,0,0.54,Simulated plotting data only; not real experimental results.
simulated_for_plotting_only,原始 AMFormer,×,×,3,sim_1_3_080,0,0.3755357227187479,0,0.54,Simulated plotting data only; not real experimental results.
simulated_for_plotting_only,原始 AMFormer,×,×,3,sim_1_3_081,0,0.4035402580751874,0,0.54,Simulated plotting data only; not real experimental results.
simulated_for_plotting_only,原始 AMFormer,×,×,3,sim_1_3_082,1,0.7297633652014228,1,0.54,Simulated plotting data only; not real experimental results.
simulated_for_plotting_only,原始 AMFormer,×,×,3,sim_1_3_083,1,0.8432213757879522,1,0.54,Simulated plotting data only; not real experimental results.
simulated_for_plotting_only,原始 AMFormer,×,×,3,sim_1_3_084,1,0.969065539077222,1,0.54,Simulated plotting data only; not real experimental results.
simulated_for_plotting_only,原始 AMFormer,×,×,3,sim_1_3_085,1,0.9337944120007576,1,0.54,Simulated plotting data only; not real experimental results.
simulated_for_plotting_only,原始 AMFormer,×,×,3,sim_1_3_086,1,0.8027049692532481,1,0.54,Simulated plotting data only; not real experimental results.
simulated_for_plotting_only,原始 AMFormer,×,×,3,sim_1_3_087,0,0.6567250449497781,1,0.54,Simulated plotting data only; not real experimental results.
simulated_for_plotting_only,原始 AMFormer,×,×,3,sim_1_3_088,0,0.3908244734129311,0,0.54,Simulated plotting data only; not real experimental results.
simulated_for_plotting_only,原始 AMFormer,×,×,3,sim_1_3_089,0,0.6012473225298768,1,0.54,Simulated plotting data only; not real experimental results.
simulated_for_plotting_only,原始 AMFormer,×,×,3,sim_1_3_090,0,0.2443141935504257,0,0.54,Simulated plotting data only; not real experimental results.
simulated_for_plotting_only,原始 AMFormer,×,×,3,sim_1_3_091,0,0.5934242768535396,1,0.54,Simulated plotting data only; not real experimental results.
simulated_for_plotting_only,原始 AMFormer,×,×,3,sim_1_3_092,0,0.4872079872048214,0,0.54,Simulated plotting data only; not real experimental results.
simulated_for_plotting_only,原始 AMFormer,×,×,3,sim_1_3_093,0,0.392486828635777,0,0.54,Simulated plotting data only; not real experimental results.
simulated_for_plotting_only,原始 AMFormer,×,×,3,sim_1_3_094,0,0.442076958355284,0,0.54,Simulated plotting data only; not real experimental results.
simulated_for_plotting_only,原始 AMFormer,×,×,3,sim_1_3_095,1,0.8177616070865479,1,0.54,Simulated plotting data only; not real experimental results.
simulated_for_plotting_only,原始 AMFormer,×,×,3,sim_1_3_096,0,0.6040977930930923,1,0.54,Simulated plotting data only; not real experimental results.
simulated_for_plotting_only,原始 AMFormer,×,×,3,sim_1_3_097,1,0.7387393942761862,1,0.54,Simulated plotting data only; not real experimental results.
simulated_for_plotting_only,原始 AMFormer,×,×,3,sim_1_3_098,1,0.4250037255208624,0,0.54,Simulated plotting data only; not real experimental results.
simulated_for_plotting_only,原始 AMFormer,×,×,3,sim_1_3_099,0,0.4524800306745478,0,0.54,Simulated plotting data only; not real experimental results.
simulated_for_plotting_only,原始 AMFormer,×,×,3,sim_1_3_100,0,0.6120035930184514,1,0.54,Simulated plotting data only; not real experimental results.
simulated_for_plotting_only,原始 AMFormer,×,×,3,sim_1_3_101,0,0.7717642206863128,1,0.54,Simulated plotting data only; not real experimental results.
simulated_for_plotting_only,原始 AMFormer,×,×,3,sim_1_3_102,0,0.4374512019441935,0,0.54,Simulated plotting data only; not real experimental results.
simulated_for_plotting_only,原始 AMFormer,×,×,3,sim_1_3_103,1,0.8688667525360628,1,0.54,Simulated plotting data only; not real experimental results.
simulated_for_plotting_only,原始 AMFormer,×,×,3,sim_1_3_104,0,0.6348078311927502,1,0.54,Simulated plotting data only; not real experimental results.
simulated_for_plotting_only,原始 AMFormer,×,×,3,sim_1_3_105,0,0.4771895515785135,0,0.54,Simulated plotting data only; not real experimental results.
simulated_for_plotting_only,原始 AMFormer,×,×,3,sim_1_3_106,0,0.5729773877437078,1,0.54,Simulated plotting data only; not real experimental results.
simulated_for_plotting_only,原始 AMFormer,×,×,3,sim_1_3_107,0,0.3119815025171137,0,0.54,Simulated plotting data only; not real experimental results.
simulated_for_plotting_only,原始 AMFormer,×,×,3,sim_1_3_108,1,0.579701498918512,1,0.54,Simulated plotting data only; not real experimental results.
simulated_for_plotting_only,原始 AMFormer,×,×,3,sim_1_3_109,0,0.2133308331265447,0,0.54,Simulated plotting data only; not real experimental results.
simulated_for_plotting_only,原始 AMFormer,×,×,3,sim_1_3_110,0,0.6679131306832077,1,0.54,Simulated plotting data only; not real experimental results.
simulated_for_plotting_only,原始 AMFormer,×,×,3,sim_1_3_111,1,0.5492918455758977,1,0.54,Simulated plotting data only; not real experimental results.
simulated_for_plotting_only,原始 AMFormer,×,×,3,sim_1_3_112,0,0.7071277577010961,1,0.54,Simulated plotting data only; not real experimental results.
simulated_for_plotting_only,原始 AMFormer,×,×,3,sim_1_3_113,1,0.918548002918474,1,0.54,Simulated plotting data only; not real experimental results.
simulated_for_plotting_only,原始 AMFormer,×,×,3,sim_1_3_114,0,0.4298959055449482,0,0.54,Simulated plotting data only; not real experimental results.
simulated_for_plotting_only,原始 AMFormer,×,×,3,sim_1_3_115,0,0.4082870093415006,0,0.54,Simulated plotting data only; not real experimental results.
simulated_for_plotting_only,原始 AMFormer,×,×,3,sim_1_3_116,1,0.938877274907743,1,0.54,Simulated plotting data only; not real experimental results.
simulated_for_plotting_only,原始 AMFormer,×,×,3,sim_1_3_117,0,0.8511806491835034,1,0.54,Simulated plotting data only; not real experimental results.
simulated_for_plotting_only,原始 AMFormer,×,×,3,sim_1_3_118,0,0.1058442355008882,0,0.54,Simulated plotting data only; not real experimental results.
simulated_for_plotting_only,原始 AMFormer,×,×,3,sim_1_3_119,0,0.4020361525305574,0,0.54,Simulated plotting data only; not real experimental results.
simulated_for_plotting_only,原始 AMFormer,×,×,3,sim_1_3_120,0,0.579851558121236,1,0.54,Simulated plotting data only; not real experimental results.
simulated_for_plotting_only,原始 AMFormer,×,×,3,sim_1_3_121,0,0.6378589840685386,1,0.54,Simulated plotting data only; not real experimental results.
simulated_for_plotting_only,原始 AMFormer,×,×,3,sim_1_3_122,1,0.7448445721884779,1,0.54,Simulated plotting data only; not real experimental results.
simulated_for_plotting_only,原始 AMFormer,×,×,3,sim_1_3_123,0,0.5572533182454025,1,0.54,Simulated plotting data only; not real experimental results.
simulated_for_plotting_only,原始 AMFormer,×,×,3,sim_1_3_124,1,0.5956594125543018,1,0.54,Simulated plotting data only; not real experimental results.
simulated_for_plotting_only,原始 AMFormer,×,×,3,sim_1_3_125,0,0.1817751169437142,0,0.54,Simulated plotting data only; not real experimental results.
simulated_for_plotting_only,原始 AMFormer,×,×,3,sim_1_3_126,0,0.8085342939610677,1,0.54,Simulated plotting data only; not real experimental results.
simulated_for_plotting_only,原始 AMFormer,×,×,3,sim_1_3_127,0,0.176570204638655,0,0.54,Simulated plotting data only; not real experimental results.
simulated_for_plotting_only,原始 AMFormer,×,×,3,sim_1_3_128,1,0.9667878106205728,1,0.54,Simulated plotting data only; not real experimental results.
simulated_for_plotting_only,原始 AMFormer,×,×,3,sim_1_3_129,0,0.7022716614770567,1,0.54,Simulated plotting data only; not real experimental results.
simulated_for_plotting_only,原始 AMFormer,×,×,3,sim_1_3_130,0,0.3049615304370821,0,0.54,Simulated plotting data only; not real experimental results.
simulated_for_plotting_only,原始 AMFormer,×,×,3,sim_1_3_131,0,0.4362024091552528,0,0.54,Simulated plotting data only; not real experimental results.
simulated_for_plotting_only,原始 AMFormer,×,×,3,sim_1_3_132,1,0.8622771140727712,1,0.54,Simulated plotting data only; not real experimental results.
simulated_for_plotting_only,原始 AMFormer,×,×,3,sim_1_3_133,0,0.4684410041007422,0,0.54,Simulated plotting data only; not real experimental results.
simulated_for_plotting_only,原始 AMFormer,×,×,3,sim_1_3_134,0,0.4724942589007438,0,0.54,Simulated plotting data only; not real experimental results.
simulated_for_plotting_only,原始 AMFormer,×,×,3,sim_1_3_135,0,0.2894290999095982,0,0.54,Simulated plotting data only; not real experimental results.
simulated_for_plotting_only,原始 AMFormer,×,×,3,sim_1_3_136,1,0.9363885053622176,1,0.54,Simulated plotting data only; not real experimental results.
simulated_for_plotting_only,原始 AMFormer,×,×,3,sim_1_3_137,0,0.6021929418386336,1,0.54,Simulated plotting data only; not real experimental results.
simulated_for_plotting_only,原始 AMFormer,×,×,3,sim_1_3_138,0,0.777575395942199,1,0.54,Simulated plotting data only; not real experimental results.
simulated_for_plotting_only,原始 AMFormer,×,×,3,sim_1_3_139,1,0.7604334776377539,1,0.54,Simulated plotting data only; not real experimental results.
simulated_for_plotting_only,原始 AMFormer,×,×,3,sim_1_3_140,0,0.4329734871312358,0,0.54,Simulated plotting data only; not real experimental results.
simulated_for_plotting_only,原始 AMFormer,×,×,3,sim_1_3_141,0,0.8530486015645984,1,0.54,Simulated plotting data only; not real experimental results.
simulated_for_plotting_only,原始 AMFormer,×,×,3,sim_1_3_142,1,0.8017854041708699,1,0.54,Simulated plotting data only; not real experimental results.
simulated_for_plotting_only,原始 AMFormer,×,×,3,sim_1_3_143,0,0.7676700974393187,1,0.54,Simulated plotting data only; not real experimental results.
simulated_for_plotting_only,原始 AMFormer,×,×,3,sim_1_3_144,0,0.4237862875718285,0,0.54,Simulated plotting data only; not real experimental results.
simulated_for_plotting_only,原始 AMFormer,×,×,3,sim_1_3_145,1,0.8712627963563533,1,0.54,Simulated plotting data only; not real experimental results.
simulated_for_plotting_only,原始 AMFormer,×,×,3,sim_1_3_146,0,0.4082762911098528,0,0.54,Simulated plotting data only; not real experimental results.
simulated_for_plotting_only,原始 AMFormer,×,×,3,sim_1_3_147,1,0.6860651139304802,1,0.54,Simulated plotting data only; not real experimental results.
simulated_for_plotting_only,原始 AMFormer,×,×,3,sim_1_3_148,1,0.9119678956622748,1,0.54,Simulated plotting data only; not real experimental results.
simulated_for_plotting_only,原始 AMFormer,×,×,3,sim_1_3_149,0,0.5990380706273228,1,0.54,Simulated plotting data only; not real experimental results.
simulated_for_plotting_only,原始 AMFormer,×,×,3,sim_1_3_150,0,0.5187961776223234,0,0.54,Simulated plotting data only; not real experimental results.
simulated_for_plotting_only,原始 AMFormer,×,×,3,sim_1_3_151,0,0.6106265743388827,1,0.54,Simulated plotting data only; not real experimental results.
simulated_for_plotting_only,原始 AMFormer,×,×,3,sim_1_3_152,0,0.4918991563769138,0,0.54,Simulated plotting data only; not real experimental results.
simulated_for_plotting_only,原始 AMFormer,×,×,3,sim_1_3_153,0,0.2232760696185027,0,0.54,Simulated plotting data only; not real experimental results.
simulated_for_plotting_only,原始 AMFormer,×,×,3,sim_1_3_154,0,0.2257446868326579,0,0.54,Simulated plotting data only; not real experimental results.
simulated_for_plotting_only,原始 AMFormer,×,×,3,sim_1_3_155,0,0.5457405265633789,1,0.54,Simulated plotting data only; not real experimental results.
simulated_for_plotting_only,原始 AMFormer,×,×,3,sim_1_3_156,1,0.9485812456707854,1,0.54,Simulated plotting data only; not real experimental results.
simulated_for_plotting_only,原始 AMFormer,×,×,3,sim_1_3_157,0,0.6341882982746672,1,0.54,Simulated plotting data only; not real experimental results.
simulated_for_plotting_only,原始 AMFormer,×,×,3,sim_1_3_158,0,0.7329811071844999,1,0.54,Simulated plotting data only; not real experimental results.
simulated_for_plotting_only,原始 AMFormer,×,×,3,sim_1_3_159,1,0.828798086671318,1,0.54,Simulated plotting data only; not real experimental results.
simulated_for_plotting_only,原始 AMFormer,×,×,3,sim_1_3_160,0,0.2483015982148217,0,0.54,Simulated plotting data only; not real experimental results.
simulated_for_plotting_only,原始 AMFormer,×,×,3,sim_1_3_161,0,0.6003835559718073,1,0.54,Simulated plotting data only; not real experimental results.
simulated_for_plotting_only,原始 AMFormer,×,×,3,sim_1_3_162,1,0.9574152534132347,1,0.54,Simulated plotting data only; not real experimental results.
simulated_for_plotting_only,原始 AMFormer,×,×,3,sim_1_3_163,1,0.9181015572024698,1,0.54,Simulated plotting data only; not real experimental results.
simulated_for_plotting_only,原始 AMFormer,×,×,3,sim_1_3_164,1,0.9095787497410944,1,0.54,Simulated plotting data only; not real experimental results.
simulated_for_plotting_only,原始 AMFormer,×,×,3,sim_1_3_165,0,0.4832271984771589,0,0.54,Simulated plotting data only; not real experimental results.
simulated_for_plotting_only,原始 AMFormer,×,×,3,sim_1_3_166,1,0.8523605657235664,1,0.54,Simulated plotting data only; not real experimental results.
simulated_for_plotting_only,原始 AMFormer,×,×,3,sim_1_3_167,0,0.1821231507412135,0,0.54,Simulated plotting data only; not real experimental results.
simulated_for_plotting_only,原始 AMFormer,×,×,3,sim_1_3_168,0,0.6103903237558441,1,0.54,Simulated plotting data only; not real experimental results.
simulated_for_plotting_only,原始 AMFormer,×,×,3,sim_1_3_169,0,0.6352226452611491,1,0.54,Simulated plotting data only; not real experimental results.
simulated_for_plotting_only,原始 AMFormer,×,×,3,sim_1_3_170,0,0.4019491058173566,0,0.54,Simulated plotting data only; not real experimental results.
simulated_for_plotting_only,原始 AMFormer,×,×,3,sim_1_3_171,0,0.2342254667244162,0,0.54,Simulated plotting data only; not real experimental results.
simulated_for_plotting_only,原始 AMFormer,×,×,3,sim_1_3_172,0,0.5023263185752521,0,0.54,Simulated plotting data only; not real experimental results.
simulated_for_plotting_only,原始 AMFormer,×,×,3,sim_1_3_173,1,0.9777421164109,1,0.54,Simulated plotting data only; not real experimental results.
simulated_for_plotting_only,原始 AMFormer,×,×,3,sim_1_3_174,0,0.5493029187220188,1,0.54,Simulated plotting data only; not real experimental results.
simulated_for_plotting_only,原始 AMFormer,×,×,3,sim_1_3_175,0,0.3520386862673452,0,0.54,Simulated plotting data only; not real experimental results.
simulated_for_plotting_only,原始 AMFormer,×,×,3,sim_1_3_176,0,0.74764018196118,1,0.54,Simulated plotting data only; not real experimental results.
simulated_for_plotting_only,原始 AMFormer,×,×,3,sim_1_3_177,0,0.3065327964591659,0,0.54,Simulated plotting data only; not real experimental results.
simulated_for_plotting_only,原始 AMFormer,×,×,3,sim_1_3_178,0,0.6810624482528571,1,0.54,Simulated plotting data only; not real experimental results.
simulated_for_plotting_only,原始 AMFormer,×,×,3,sim_1_3_179,0,0.4287364597224847,0,0.54,Simulated plotting data only; not real experimental results.
simulated_for_plotting_only,原始 AMFormer,×,×,3,sim_1_3_180,0,0.775418145005909,1,0.54,Simulated plotting data only; not real experimental results.
simulated_for_plotting_only,原始 AMFormer,×,×,3,sim_1_3_181,0,0.1464851580194858,0,0.54,Simulated plotting data only; not real experimental results.
simulated_for_plotting_only,原始 AMFormer,×,×,3,sim_1_3_182,0,0.3821260303680959,0,0.54,Simulated plotting data only; not real experimental results.
simulated_for_plotting_only,原始 AMFormer,×,×,3,sim_1_3_183,0,0.3790793111215325,0,0.54,Simulated plotting data only; not real experimental results.
simulated_for_plotting_only,原始 AMFormer,×,×,4,sim_1_4_001,0,0.8568755756343902,1,0.53,Simulated plotting data only; not real experimental results.
simulated_for_plotting_only,原始 AMFormer,×,×,4,sim_1_4_002,0,0.1622251468613693,0,0.53,Simulated plotting data only; not real experimental results.
simulated_for_plotting_only,原始 AMFormer,×,×,4,sim_1_4_003,0,0.679942347759607,1,0.53,Simulated plotting data only; not real experimental results.
simulated_for_plotting_only,原始 AMFormer,×,×,4,sim_1_4_004,1,0.9816663803449132,1,0.53,Simulated plotting data only; not real experimental results.
simulated_for_plotting_only,原始 AMFormer,×,×,4,sim_1_4_005,0,0.5387518181777292,1,0.53,Simulated plotting data only; not real experimental results.
simulated_for_plotting_only,原始 AMFormer,×,×,4,sim_1_4_006,0,0.2975575293713891,0,0.53,Simulated plotting data only; not real experimental results.
simulated_for_plotting_only,原始 AMFormer,×,×,4,sim_1_4_007,0,0.7152190212638292,1,0.53,Simulated plotting data only; not real experimental results.
simulated_for_plotting_only,原始 AMFormer,×,×,4,sim_1_4_008,0,0.3801255981019867,0,0.53,Simulated plotting data only; not real experimental results.
simulated_for_plotting_only,原始 AMFormer,×,×,4,sim_1_4_009,1,0.964685194835664,1,0.53,Simulated plotting data only; not real experimental results.
simulated_for_plotting_only,原始 AMFormer,×,×,4,sim_1_4_010,1,0.5334862857869662,1,0.53,Simulated plotting data only; not real experimental results.
simulated_for_plotting_only,原始 AMFormer,×,×,4,sim_1_4_011,1,0.7374515526312825,1,0.53,Simulated plotting data only; not real experimental results.
simulated_for_plotting_only,原始 AMFormer,×,×,4,sim_1_4_012,1,0.7913947875999641,1,0.53,Simulated plotting data only; not real experimental results.
simulated_for_plotting_only,原始 AMFormer,×,×,4,sim_1_4_013,1,0.6703877215508066,1,0.53,Simulated plotting data only; not real experimental results.
simulated_for_plotting_only,原始 AMFormer,×,×,4,sim_1_4_014,0,0.2629085635302858,0,0.53,Simulated plotting data only; not real experimental results.
simulated_for_plotting_only,原始 AMFormer,×,×,4,sim_1_4_015,1,0.930811730753094,1,0.53,Simulated plotting data only; not real experimental results.
simulated_for_plotting_only,原始 AMFormer,×,×,4,sim_1_4_016,0,0.5619691173784346,1,0.53,Simulated plotting data only; not real experimental results.
simulated_for_plotting_only,原始 AMFormer,×,×,4,sim_1_4_017,1,0.752443690281746,1,0.53,Simulated plotting data only; not real experimental results.
simulated_for_plotting_only,原始 AMFormer,×,×,4,sim_1_4_018,1,0.7614111540400808,1,0.53,Simulated plotting data only; not real experimental results.
simulated_for_plotting_only,原始 AMFormer,×,×,4,sim_1_4_019,0,0.3764810277588335,0,0.53,Simulated plotting data only; not real experimental results.
simulated_for_plotting_only,原始 AMFormer,×,×,4,sim_1_4_020,0,0.4853774010476813,0,0.53,Simulated plotting data only; not real experimental results.
simulated_for_plotting_only,原始 AMFormer,×,×,4,sim_1_4_021,0,0.4936842504782298,0,0.53,Simulated plotting data only; not real experimental results.
simulated_for_plotting_only,原始 AMFormer,×,×,4,sim_1_4_022,1,0.9409910539989178,1,0.53,Simulated plotting data only; not real experimental results.
simulated_for_plotting_only,原始 AMFormer,×,×,4,sim_1_4_023,0,0.2852755517835633,0,0.53,Simulated plotting data only; not real experimental results.
simulated_for_plotting_only,原始 AMFormer,×,×,4,sim_1_4_024,0,0.3865659837522395,0,0.53,Simulated plotting data only; not real experimental results.
simulated_for_plotting_only,原始 AMFormer,×,×,4,sim_1_4_025,0,0.6960795150671046,1,0.53,Simulated plotting data only; not real experimental results.
simulated_for_plotting_only,原始 AMFormer,×,×,4,sim_1_4_026,1,0.9365768978801462,1,0.53,Simulated plotting data only; not real experimental results.
simulated_for_plotting_only,原始 AMFormer,×,×,4,sim_1_4_027,1,0.7688514777378621,1,0.53,Simulated plotting data only; not real experimental results.
simulated_for_plotting_only,原始 AMFormer,×,×,4,sim_1_4_028,0,0.2444864355077654,0,0.53,Simulated plotting data only; not real experimental results.
simulated_for_plotting_only,原始 AMFormer,×,×,4,sim_1_4_029,0,0.2687988671187576,0,0.53,Simulated plotting data only; not real experimental results.
simulated_for_plotting_only,原始 AMFormer,×,×,4,sim_1_4_030,0,0.3404415632687269,0,0.53,Simulated plotting data only; not real experimental results.
simulated_for_plotting_only,原始 AMFormer,×,×,4,sim_1_4_031,1,0.7513428653131181,1,0.53,Simulated plotting data only; not real experimental results.
simulated_for_plotting_only,原始 AMFormer,×,×,4,sim_1_4_032,1,0.9634603697366791,1,0.53,Simulated plotting data only; not real experimental results.
simulated_for_plotting_only,原始 AMFormer,×,×,4,sim_1_4_033,0,0.5123936308857188,0,0.53,Simulated plotting data only; not real experimental results.
simulated_for_plotting_only,原始 AMFormer,×,×,4,sim_1_4_034,0,0.1534885092763347,0,0.53,Simulated plotting data only; not real experimental results.
simulated_for_plotting_only,原始 AMFormer,×,×,4,sim_1_4_035,0,0.5996293132205542,1,0.53,Simulated plotting data only; not real experimental results.
simulated_for_plotting_only,原始 AMFormer,×,×,4,sim_1_4_036,0,0.4711377228778532,0,0.53,Simulated plotting data only; not real experimental results.
simulated_for_plotting_only,原始 AMFormer,×,×,4,sim_1_4_037,0,0.327869481422215,0,0.53,Simulated plotting data only; not real experimental results.
simulated_for_plotting_only,原始 AMFormer,×,×,4,sim_1_4_038,0,0.8639327205210471,1,0.53,Simulated plotting data only; not real experimental results.
simulated_for_plotting_only,原始 AMFormer,×,×,4,sim_1_4_039,0,0.5394970249477518,1,0.53,Simulated plotting data only; not real experimental results.
simulated_for_plotting_only,原始 AMFormer,×,×,4,sim_1_4_040,0,0.5671434653135016,1,0.53,Simulated plotting data only; not real experimental results.
simulated_for_plotting_only,原始 AMFormer,×,×,4,sim_1_4_041,1,0.6862109093754092,1,0.53,Simulated plotting data only; not real experimental results.
simulated_for_plotting_only,原始 AMFormer,×,×,4,sim_1_4_042,0,0.8821501168983255,1,0.53,Simulated plotting data only; not real experimental results.
simulated_for_plotting_only,原始 AMFormer,×,×,4,sim_1_4_043,0,0.7309631178514031,1,0.53,Simulated plotting data only; not real experimental results.
simulated_for_plotting_only,原始 AMFormer,×,×,4,sim_1_4_044,0,0.6502319997165013,1,0.53,Simulated plotting data only; not real experimental results.
simulated_for_plotting_only,原始 AMFormer,×,×,4,sim_1_4_045,0,0.4237241109187002,0,0.53,Simulated plotting data only; not real experimental results.
simulated_for_plotting_only,原始 AMFormer,×,×,4,sim_1_4_046,1,0.8331937109134183,1,0.53,Simulated plotting data only; not real experimental results.
simulated_for_plotting_only,原始 AMFormer,×,×,4,sim_1_4_047,0,0.716143048805475,1,0.53,Simulated plotting data only; not real experimental results.
simulated_for_plotting_only,原始 AMFormer,×,×,4,sim_1_4_048,0,0.5162082387124121,0,0.53,Simulated plotting data only; not real experimental results.
simulated_for_plotting_only,原始 AMFormer,×,×,4,sim_1_4_049,0,0.4078877668242602,0,0.53,Simulated plotting data only; not real experimental results.
simulated_for_plotting_only,原始 AMFormer,×,×,4,sim_1_4_050,1,0.9426472330082234,1,0.53,Simulated plotting data only; not real experimental results.
simulated_for_plotting_only,原始 AMFormer,×,×,4,sim_1_4_051,0,0.8311612010203653,1,0.53,Simulated plotting data only; not real experimental results.
simulated_for_plotting_only,原始 AMFormer,×,×,4,sim_1_4_052,0,0.8365205825950356,1,0.53,Simulated plotting data only; not real experimental results.
simulated_for_plotting_only,原始 AMFormer,×,×,4,sim_1_4_053,0,0.4855459152791577,0,0.53,Simulated plotting data only; not real experimental results.
simulated_for_plotting_only,原始 AMFormer,×,×,4,sim_1_4_054,1,0.8458824438796902,1,0.53,Simulated plotting data only; not real experimental results.
simulated_for_plotting_only,原始 AMFormer,×,×,4,sim_1_4_055,1,0.7841645910724139,1,0.53,Simulated plotting data only; not real experimental results.
simulated_for_plotting_only,原始 AMFormer,×,×,4,sim_1_4_056,0,0.1498669177751859,0,0.53,Simulated plotting data only; not real experimental results.
simulated_for_plotting_only,原始 AMFormer,×,×,4,sim_1_4_057,1,0.5430211174312973,1,0.53,Simulated plotting data only; not real experimental results.
simulated_for_plotting_only,原始 AMFormer,×,×,4,sim_1_4_058,0,0.1900871383903019,0,0.53,Simulated plotting data only; not real experimental results.
simulated_for_plotting_only,原始 AMFormer,×,×,4,sim_1_4_059,0,0.7316973262909273,1,0.53,Simulated plotting data only; not real experimental results.
simulated_for_plotting_only,原始 AMFormer,×,×,4,sim_1_4_060,1,0.7421131274928886,1,0.53,Simulated plotting data only; not real experimental results.
simulated_for_plotting_only,原始 AMFormer,×,×,4,sim_1_4_061,0,0.581127430284805,1,0.53,Simulated plotting data only; not real experimental results.
simulated_for_plotting_only,原始 AMFormer,×,×,4,sim_1_4_062,0,0.5356087286406617,1,0.53,Simulated plotting data only; not real experimental results.
simulated_for_plotting_only,原始 AMFormer,×,×,4,sim_1_4_063,1,0.9802293574978302,1,0.53,Simulated plotting data only; not real experimental results.
simulated_for_plotting_only,原始 AMFormer,×,×,4,sim_1_4_064,0,0.7890416526638658,1,0.53,Simulated plotting data only; not real experimental results.
simulated_for_plotting_only,原始 AMFormer,×,×,4,sim_1_4_065,0,0.2570848970104541,0,0.53,Simulated plotting data only; not real experimental results.
simulated_for_plotting_only,原始 AMFormer,×,×,4,sim_1_4_066,0,0.2192610673677173,0,0.53,Simulated plotting data only; not real experimental results.
simulated_for_plotting_only,原始 AMFormer,×,×,4,sim_1_4_067,0,0.3989142463060404,0,0.53,Simulated plotting data only; not real experimental results.
simulated_for_plotting_only,原始 AMFormer,×,×,4,sim_1_4_068,0,0.7759628601396712,1,0.53,Simulated plotting data only; not real experimental results.
simulated_for_plotting_only,原始 AMFormer,×,×,4,sim_1_4_069,1,0.8039994592261359,1,0.53,Simulated plotting data only; not real experimental results.
simulated_for_plotting_only,原始 AMFormer,×,×,4,sim_1_4_070,1,0.8491161187251313,1,0.53,Simulated plotting data only; not real experimental results.
simulated_for_plotting_only,原始 AMFormer,×,×,4,sim_1_4_071,0,0.7654267727601022,1,0.53,Simulated plotting data only; not real experimental results.
simulated_for_plotting_only,原始 AMFormer,×,×,4,sim_1_4_072,0,0.4160083843965889,0,0.53,Simulated plotting data only; not real experimental results.
simulated_for_plotting_only,原始 AMFormer,×,×,4,sim_1_4_073,0,0.5277455016314978,0,0.53,Simulated plotting data only; not real experimental results.
simulated_for_plotting_only,原始 AMFormer,×,×,4,sim_1_4_074,0,0.7087920599222344,1,0.53,Simulated plotting data only; not real experimental results.
simulated_for_plotting_only,原始 AMFormer,×,×,4,sim_1_4_075,1,0.7739332690397872,1,0.53,Simulated plotting data only; not real experimental results.
simulated_for_plotting_only,原始 AMFormer,×,×,4,sim_1_4_076,1,0.9835533655142796,1,0.53,Simulated plotting data only; not real experimental results.
simulated_for_plotting_only,原始 AMFormer,×,×,4,sim_1_4_077,0,0.6003103952334387,1,0.53,Simulated plotting data only; not real experimental results.
simulated_for_plotting_only,原始 AMFormer,×,×,4,sim_1_4_078,0,0.4837812225555392,0,0.53,Simulated plotting data only; not real experimental results.
simulated_for_plotting_only,原始 AMFormer,×,×,4,sim_1_4_079,0,0.6808313230684612,1,0.53,Simulated plotting data only; not real experimental results.
simulated_for_plotting_only,原始 AMFormer,×,×,4,sim_1_4_080,0,0.2367819951338113,0,0.53,Simulated plotting data only; not real experimental results.
simulated_for_plotting_only,原始 AMFormer,×,×,4,sim_1_4_081,1,0.9237253481090066,1,0.53,Simulated plotting data only; not real experimental results.
simulated_for_plotting_only,原始 AMFormer,×,×,4,sim_1_4_082,0,0.621932779293371,1,0.53,Simulated plotting data only; not real experimental results.
simulated_for_plotting_only,原始 AMFormer,×,×,4,sim_1_4_083,1,0.8718452862016695,1,0.53,Simulated plotting data only; not real experimental results.
simulated_for_plotting_only,原始 AMFormer,×,×,4,sim_1_4_084,0,0.7170193679768595,1,0.53,Simulated plotting data only; not real experimental results.
simulated_for_plotting_only,原始 AMFormer,×,×,4,sim_1_4_085,0,0.3152852863006998,0,0.53,Simulated plotting data only; not real experimental results.
simulated_for_plotting_only,原始 AMFormer,×,×,4,sim_1_4_086,0,0.4843265720181081,0,0.53,Simulated plotting data only; not real experimental results.
simulated_for_plotting_only,原始 AMFormer,×,×,4,sim_1_4_087,1,0.913655433881622,1,0.53,Simulated plotting data only; not real experimental results.
simulated_for_plotting_only,原始 AMFormer,×,×,4,sim_1_4_088,0,0.6461788086846862,1,0.53,Simulated plotting data only; not real experimental results.
simulated_for_plotting_only,原始 AMFormer,×,×,4,sim_1_4_089,0,0.3940731531128272,0,0.53,Simulated plotting data only; not real experimental results.
simulated_for_plotting_only,原始 AMFormer,×,×,4,sim_1_4_090,0,0.3334698403746265,0,0.53,Simulated plotting data only; not real experimental results.
simulated_for_plotting_only,原始 AMFormer,×,×,4,sim_1_4_091,1,0.3911966455043572,0,0.53,Simulated plotting data only; not real experimental results.
simulated_for_plotting_only,原始 AMFormer,×,×,4,sim_1_4_092,1,0.7384261986821163,1,0.53,Simulated plotting data only; not real experimental results.
simulated_for_plotting_only,原始 AMFormer,×,×,4,sim_1_4_093,0,0.300651039004428,0,0.53,Simulated plotting data only; not real experimental results.
simulated_for_plotting_only,原始 AMFormer,×,×,4,sim_1_4_094,0,0.3839599706897236,0,0.53,Simulated plotting data only; not real experimental results.
simulated_for_plotting_only,原始 AMFormer,×,×,4,sim_1_4_095,1,0.9151230629114924,1,0.53,Simulated plotting data only; not real experimental results.
simulated_for_plotting_only,原始 AMFormer,×,×,4,sim_1_4_096,1,0.743303586746317,1,0.53,Simulated plotting data only; not real experimental results.
simulated_for_plotting_only,原始 AMFormer,×,×,4,sim_1_4_097,0,0.3858701124764864,0,0.53,Simulated plotting data only; not real experimental results.
simulated_for_plotting_only,原始 AMFormer,×,×,4,sim_1_4_098,0,0.4112415863438688,0,0.53,Simulated plotting data only; not real experimental results.
simulated_for_plotting_only,原始 AMFormer,×,×,4,sim_1_4_099,0,0.674632444190849,1,0.53,Simulated plotting data only; not real experimental results.
simulated_for_plotting_only,原始 AMFormer,×,×,4,sim_1_4_100,0,0.0744490528130064,0,0.53,Simulated plotting data only; not real experimental results.
simulated_for_plotting_only,原始 AMFormer,×,×,4,sim_1_4_101,1,0.8142409574910549,1,0.53,Simulated plotting data only; not real experimental results.
simulated_for_plotting_only,原始 AMFormer,×,×,4,sim_1_4_102,0,0.6234293977514169,1,0.53,Simulated plotting data only; not real experimental results.
simulated_for_plotting_only,原始 AMFormer,×,×,4,sim_1_4_103,0,0.3862871040170987,0,0.53,Simulated plotting data only; not real experimental results.
simulated_for_plotting_only,原始 AMFormer,×,×,4,sim_1_4_104,1,0.8995461306326121,1,0.53,Simulated plotting data only; not real experimental results.
simulated_for_plotting_only,原始 AMFormer,×,×,4,sim_1_4_105,0,0.8928009162617684,1,0.53,Simulated plotting data only; not real experimental results.
simulated_for_plotting_only,原始 AMFormer,×,×,4,sim_1_4_106,0,0.3393863366932515,0,0.53,Simulated plotting data only; not real experimental results.
simulated_for_plotting_only,原始 AMFormer,×,×,4,sim_1_4_107,1,0.9250682116741192,1,0.53,Simulated plotting data only; not real experimental results.
simulated_for_plotting_only,原始 AMFormer,×,×,4,sim_1_4_108,0,0.8053534698704315,1,0.53,Simulated plotting data only; not real experimental results.
simulated_for_plotting_only,原始 AMFormer,×,×,4,sim_1_4_109,0,0.2256200762394274,0,0.53,Simulated plotting data only; not real experimental results.
simulated_for_plotting_only,原始 AMFormer,×,×,4,sim_1_4_110,0,0.6716995364946254,1,0.53,Simulated plotting data only; not real experimental results.
simulated_for_plotting_only,原始 AMFormer,×,×,4,sim_1_4_111,1,0.6046843553212309,1,0.53,Simulated plotting data only; not real experimental results.
simulated_for_plotting_only,原始 AMFormer,×,×,4,sim_1_4_112,0,0.4404548047910767,0,0.53,Simulated plotting data only; not real experimental results.
simulated_for_plotting_only,原始 AMFormer,×,×,4,sim_1_4_113,0,0.134387434122406,0,0.53,Simulated plotting data only; not real experimental results.
simulated_for_plotting_only,原始 AMFormer,×,×,4,sim_1_4_114,0,0.4817593085382251,0,0.53,Simulated plotting data only; not real experimental results.
simulated_for_plotting_only,原始 AMFormer,×,×,4,sim_1_4_115,0,0.7422879872081142,1,0.53,Simulated plotting data only; not real experimental results.
simulated_for_plotting_only,原始 AMFormer,×,×,4,sim_1_4_116,0,0.2178980864885455,0,0.53,Simulated plotting data only; not real experimental results.
simulated_for_plotting_only,原始 AMFormer,×,×,4,sim_1_4_117,0,0.498902358226525,0,0.53,Simulated plotting data only; not real experimental results.
simulated_for_plotting_only,原始 AMFormer,×,×,4,sim_1_4_118,0,0.476916078297469,0,0.53,Simulated plotting data only; not real experimental results.
simulated_for_plotting_only,原始 AMFormer,×,×,4,sim_1_4_119,0,0.586065283545569,1,0.53,Simulated plotting data only; not real experimental results.
simulated_for_plotting_only,原始 AMFormer,×,×,4,sim_1_4_120,1,0.8506673465224661,1,0.53,Simulated plotting data only; not real experimental results.
simulated_for_plotting_only,原始 AMFormer,×,×,4,sim_1_4_121,1,0.7142770409486666,1,0.53,Simulated plotting data only; not real experimental results.
simulated_for_plotting_only,原始 AMFormer,×,×,4,sim_1_4_122,1,0.8385672145770101,1,0.53,Simulated plotting data only; not real experimental results.
simulated_for_plotting_only,原始 AMFormer,×,×,4,sim_1_4_123,0,0.5012804390214837,0,0.53,Simulated plotting data only; not real experimental results.
simulated_for_plotting_only,原始 AMFormer,×,×,4,sim_1_4_124,0,0.8673673074488923,1,0.53,Simulated plotting data only; not real experimental results.
simulated_for_plotting_only,原始 AMFormer,×,×,4,sim_1_4_125,1,0.3983960513462518,0,0.53,Simulated plotting data only; not real experimental results.
simulated_for_plotting_only,原始 AMFormer,×,×,4,sim_1_4_126,0,0.2698630985218705,0,0.53,Simulated plotting data only; not real experimental results.
simulated_for_plotting_only,原始 AMFormer,×,×,4,sim_1_4_127,0,0.5034099959366314,0,0.53,Simulated plotting data only; not real experimental results.
simulated_for_plotting_only,原始 AMFormer,×,×,4,sim_1_4_128,0,0.5328657102956348,1,0.53,Simulated plotting data only; not real experimental results.
simulated_for_plotting_only,原始 AMFormer,×,×,4,sim_1_4_129,0,0.6560584454654717,1,0.53,Simulated plotting data only; not real experimental results.
simulated_for_plotting_only,原始 AMFormer,×,×,4,sim_1_4_130,1,0.7644044302684218,1,0.53,Simulated plotting data only; not real experimental results.
simulated_for_plotting_only,原始 AMFormer,×,×,4,sim_1_4_131,0,0.2773096669676267,0,0.53,Simulated plotting data only; not real experimental results.
simulated_for_plotting_only,原始 AMFormer,×,×,4,sim_1_4_132,0,0.4876055144209671,0,0.53,Simulated plotting data only; not real experimental results.
simulated_for_plotting_only,原始 AMFormer,×,×,4,sim_1_4_133,0,0.3433499515974161,0,0.53,Simulated plotting data only; not real experimental results.
simulated_for_plotting_only,原始 AMFormer,×,×,4,sim_1_4_134,1,0.8449715588485311,1,0.53,Simulated plotting data only; not real experimental results.
simulated_for_plotting_only,原始 AMFormer,×,×,4,sim_1_4_135,0,0.7622006034005318,1,0.53,Simulated plotting data only; not real experimental results.
simulated_for_plotting_only,原始 AMFormer,×,×,4,sim_1_4_136,1,0.965171016824422,1,0.53,Simulated plotting data only; not real experimental results.
simulated_for_plotting_only,原始 AMFormer,×,×,4,sim_1_4_137,0,0.4134421317750413,0,0.53,Simulated plotting data only; not real experimental results.
simulated_for_plotting_only,原始 AMFormer,×,×,4,sim_1_4_138,0,0.2148397153138583,0,0.53,Simulated plotting data only; not real experimental results.
simulated_for_plotting_only,原始 AMFormer,×,×,4,sim_1_4_139,0,0.4318061667446288,0,0.53,Simulated plotting data only; not real experimental results.
simulated_for_plotting_only,原始 AMFormer,×,×,4,sim_1_4_140,1,0.8331118492918308,1,0.53,Simulated plotting data only; not real experimental results.
simulated_for_plotting_only,原始 AMFormer,×,×,4,sim_1_4_141,0,0.7273420106889947,1,0.53,Simulated plotting data only; not real experimental results.
simulated_for_plotting_only,原始 AMFormer,×,×,4,sim_1_4_142,0,0.3279336447363724,0,0.53,Simulated plotting data only; not real experimental results.
simulated_for_plotting_only,原始 AMFormer,×,×,4,sim_1_4_143,1,0.861253673022343,1,0.53,Simulated plotting data only; not real experimental results.
simulated_for_plotting_only,原始 AMFormer,×,×,4,sim_1_4_144,0,0.3704476391235439,0,0.53,Simulated plotting data only; not real experimental results.
simulated_for_plotting_only,原始 AMFormer,×,×,4,sim_1_4_145,0,0.0670288567541489,0,0.53,Simulated plotting data only; not real experimental results.
simulated_for_plotting_only,原始 AMFormer,×,×,4,sim_1_4_146,0,0.7641578060318067,1,0.53,Simulated plotting data only; not real experimental results.
simulated_for_plotting_only,原始 AMFormer,×,×,4,sim_1_4_147,0,0.6069938481656205,1,0.53,Simulated plotting data only; not real experimental results.
simulated_for_plotting_only,原始 AMFormer,×,×,4,sim_1_4_148,0,0.2533698732450453,0,0.53,Simulated plotting data only; not real experimental results.
simulated_for_plotting_only,原始 AMFormer,×,×,4,sim_1_4_149,0,0.2409052599070159,0,0.53,Simulated plotting data only; not real experimental results.
simulated_for_plotting_only,原始 AMFormer,×,×,4,sim_1_4_150,1,0.9800348107551504,1,0.53,Simulated plotting data only; not real experimental results.
simulated_for_plotting_only,原始 AMFormer,×,×,4,sim_1_4_151,0,0.0936014088405938,0,0.53,Simulated plotting data only; not real experimental results.
simulated_for_plotting_only,原始 AMFormer,×,×,4,sim_1_4_152,1,0.6987150664091422,1,0.53,Simulated plotting data only; not real experimental results.
simulated_for_plotting_only,原始 AMFormer,×,×,4,sim_1_4_153,0,0.5850603063098996,1,0.53,Simulated plotting data only; not real experimental results.
simulated_for_plotting_only,原始 AMFormer,×,×,4,sim_1_4_154,0,0.2630468151773696,0,0.53,Simulated plotting data only; not real experimental results.
simulated_for_plotting_only,原始 AMFormer,×,×,4,sim_1_4_155,0,0.5847766666889503,1,0.53,Simulated plotting data only; not real experimental results.
simulated_for_plotting_only,原始 AMFormer,×,×,4,sim_1_4_156,0,0.3392516937858004,0,0.53,Simulated plotting data only; not real experimental results.
simulated_for_plotting_only,原始 AMFormer,×,×,4,sim_1_4_157,0,0.6216912921113857,1,0.53,Simulated plotting data only; not real experimental results.
simulated_for_plotting_only,原始 AMFormer,×,×,4,sim_1_4_158,1,0.9760397905966391,1,0.53,Simulated plotting data only; not real experimental results.
simulated_for_plotting_only,原始 AMFormer,×,×,4,sim_1_4_159,0,0.7817090351917815,1,0.53,Simulated plotting data only; not real experimental results.
simulated_for_plotting_only,原始 AMFormer,×,×,4,sim_1_4_160,1,0.7387610980678003,1,0.53,Simulated plotting data only; not real experimental results.
simulated_for_plotting_only,原始 AMFormer,×,×,4,sim_1_4_161,0,0.4796654909684121,0,0.53,Simulated plotting data only; not real experimental results.
simulated_for_plotting_only,原始 AMFormer,×,×,4,sim_1_4_162,0,0.4806824550106625,0,0.53,Simulated plotting data only; not real experimental results.
simulated_for_plotting_only,原始 AMFormer,×,×,4,sim_1_4_163,0,0.3438637737498521,0,0.53,Simulated plotting data only; not real experimental results.
simulated_for_plotting_only,原始 AMFormer,×,×,4,sim_1_4_164,1,0.6157261329417436,1,0.53,Simulated plotting data only; not real experimental results.
simulated_for_plotting_only,原始 AMFormer,×,×,4,sim_1_4_165,0,0.4452221642203093,0,0.53,Simulated plotting data only; not real experimental results.
simulated_for_plotting_only,原始 AMFormer,×,×,4,sim_1_4_166,0,0.5018617159302323,0,0.53,Simulated plotting data only; not real experimental results.
simulated_for_plotting_only,原始 AMFormer,×,×,4,sim_1_4_167,0,0.4802029582292063,0,0.53,Simulated plotting data only; not real experimental results.
simulated_for_plotting_only,原始 AMFormer,×,×,4,sim_1_4_168,0,0.6093489255839699,1,0.53,Simulated plotting data only; not real experimental results.
simulated_for_plotting_only,原始 AMFormer,×,×,4,sim_1_4_169,0,0.6209063555066309,1,0.53,Simulated plotting data only; not real experimental results.
simulated_for_plotting_only,原始 AMFormer,×,×,4,sim_1_4_170,0,0.8029657299620827,1,0.53,Simulated plotting data only; not real experimental results.
simulated_for_plotting_only,原始 AMFormer,×,×,4,sim_1_4_171,0,0.4692350462343332,0,0.53,Simulated plotting data only; not real experimental results.
simulated_for_plotting_only,原始 AMFormer,×,×,4,sim_1_4_172,0,0.2340948398240587,0,0.53,Simulated plotting data only; not real experimental results.
simulated_for_plotting_only,原始 AMFormer,×,×,4,sim_1_4_173,1,0.8572226683568229,1,0.53,Simulated plotting data only; not real experimental results.
simulated_for_plotting_only,原始 AMFormer,×,×,4,sim_1_4_174,0,0.6108550621911797,1,0.53,Simulated plotting data only; not real experimental results.
simulated_for_plotting_only,原始 AMFormer,×,×,4,sim_1_4_175,0,0.4181238436239512,0,0.53,Simulated plotting data only; not real experimental results.
simulated_for_plotting_only,原始 AMFormer,×,×,4,sim_1_4_176,0,0.3256824210950036,0,0.53,Simulated plotting data only; not real experimental results.
simulated_for_plotting_only,原始 AMFormer,×,×,4,sim_1_4_177,0,0.6367956111376848,1,0.53,Simulated plotting data only; not real experimental results.
simulated_for_plotting_only,原始 AMFormer,×,×,4,sim_1_4_178,0,0.6052603046882378,1,0.53,Simulated plotting data only; not real experimental results.
simulated_for_plotting_only,原始 AMFormer,×,×,4,sim_1_4_179,0,0.1165288638403186,0,0.53,Simulated plotting data only; not real experimental results.
simulated_for_plotting_only,原始 AMFormer,×,×,4,sim_1_4_180,0,0.4579688407814863,0,0.53,Simulated plotting data only; not real experimental results.
simulated_for_plotting_only,原始 AMFormer,×,×,4,sim_1_4_181,0,0.756906413339012,1,0.53,Simulated plotting data only; not real experimental results.
simulated_for_plotting_only,原始 AMFormer,×,×,4,sim_1_4_182,0,0.6525689147189012,1,0.53,Simulated plotting data only; not real experimental results.
simulated_for_plotting_only,原始 AMFormer,×,×,4,sim_1_4_183,1,0.764207769504067,1,0.53,Simulated plotting data only; not real experimental results.
simulated_for_plotting_only,原始 AMFormer,×,×,5,sim_1_5_001,0,0.4307495402190121,1,0.43,Simulated plotting data only; not real experimental results.
simulated_for_plotting_only,原始 AMFormer,×,×,5,sim_1_5_002,1,0.6522431599251797,1,0.43,Simulated plotting data only; not real experimental results.
simulated_for_plotting_only,原始 AMFormer,×,×,5,sim_1_5_003,0,0.4461080063773797,1,0.43,Simulated plotting data only; not real experimental results.
simulated_for_plotting_only,原始 AMFormer,×,×,5,sim_1_5_004,0,0.0787197415435679,0,0.43,Simulated plotting data only; not real experimental results.
simulated_for_plotting_only,原始 AMFormer,×,×,5,sim_1_5_005,0,0.6273601748044795,1,0.43,Simulated plotting data only; not real experimental results.
simulated_for_plotting_only,原始 AMFormer,×,×,5,sim_1_5_006,0,0.3304077526041596,0,0.43,Simulated plotting data only; not real experimental results.
simulated_for_plotting_only,原始 AMFormer,×,×,5,sim_1_5_007,0,0.1478072994303403,0,0.43,Simulated plotting data only; not real experimental results.
simulated_for_plotting_only,原始 AMFormer,×,×,5,sim_1_5_008,0,0.2347052156198824,0,0.43,Simulated plotting data only; not real experimental results.
simulated_for_plotting_only,原始 AMFormer,×,×,5,sim_1_5_009,1,0.9485252856710944,1,0.43,Simulated plotting data only; not real experimental results.
simulated_for_plotting_only,原始 AMFormer,×,×,5,sim_1_5_010,0,0.3307677791421571,0,0.43,Simulated plotting data only; not real experimental results.
simulated_for_plotting_only,原始 AMFormer,×,×,5,sim_1_5_011,0,0.4851081225384566,1,0.43,Simulated plotting data only; not real experimental results.
simulated_for_plotting_only,原始 AMFormer,×,×,5,sim_1_5_012,1,0.6971150077317587,1,0.43,Simulated plotting data only; not real experimental results.
simulated_for_plotting_only,原始 AMFormer,×,×,5,sim_1_5_013,0,0.767525945746027,1,0.43,Simulated plotting data only; not real experimental results.
simulated_for_plotting_only,原始 AMFormer,×,×,5,sim_1_5_014,0,0.5403931740170946,1,0.43,Simulated plotting data only; not real experimental results.
simulated_for_plotting_only,原始 AMFormer,×,×,5,sim_1_5_015,0,0.5223029577879292,1,0.43,Simulated plotting data only; not real experimental results.
simulated_for_plotting_only,原始 AMFormer,×,×,5,sim_1_5_016,0,0.7545301243217971,1,0.43,Simulated plotting data only; not real experimental results.
simulated_for_plotting_only,原始 AMFormer,×,×,5,sim_1_5_017,0,0.7057709454216524,1,0.43,Simulated plotting data only; not real experimental results.
simulated_for_plotting_only,原始 AMFormer,×,×,5,sim_1_5_018,0,0.1184200820514939,0,0.43,Simulated plotting data only; not real experimental results.
simulated_for_plotting_only,原始 AMFormer,×,×,5,sim_1_5_019,1,0.9017610123642468,1,0.43,Simulated plotting data only; not real experimental results.
simulated_for_plotting_only,原始 AMFormer,×,×,5,sim_1_5_020,0,0.680008344315688,1,0.43,Simulated plotting data only; not real experimental results.
simulated_for_plotting_only,原始 AMFormer,×,×,5,sim_1_5_021,1,0.8340413800800538,1,0.43,Simulated plotting data only; not real experimental results.
simulated_for_plotting_only,原始 AMFormer,×,×,5,sim_1_5_022,1,0.5959597078000605,1,0.43,Simulated plotting data only; not real experimental results.
simulated_for_plotting_only,原始 AMFormer,×,×,5,sim_1_5_023,0,0.7534096239346157,1,0.43,Simulated plotting data only; not real experimental results.
simulated_for_plotting_only,原始 AMFormer,×,×,5,sim_1_5_024,0,0.2519196786158045,0,0.43,Simulated plotting data only; not real experimental results.
simulated_for_plotting_only,原始 AMFormer,×,×,5,sim_1_5_025,1,0.9413767958395116,1,0.43,Simulated plotting data only; not real experimental results.
simulated_for_plotting_only,原始 AMFormer,×,×,5,sim_1_5_026,0,0.3594819023638589,0,0.43,Simulated plotting data only; not real experimental results.
simulated_for_plotting_only,原始 AMFormer,×,×,5,sim_1_5_027,0,0.7536267998940839,1,0.43,Simulated plotting data only; not real experimental results.
simulated_for_plotting_only,原始 AMFormer,×,×,5,sim_1_5_028,0,0.7329745551172865,1,0.43,Simulated plotting data only; not real experimental results.
simulated_for_plotting_only,原始 AMFormer,×,×,5,sim_1_5_029,0,0.4608193767407759,1,0.43,Simulated plotting data only; not real experimental results.
simulated_for_plotting_only,原始 AMFormer,×,×,5,sim_1_5_030,0,0.4522690034194449,1,0.43,Simulated plotting data only; not real experimental results.
simulated_for_plotting_only,原始 AMFormer,×,×,5,sim_1_5_031,0,0.7440531075982205,1,0.43,Simulated plotting data only; not real experimental results.
simulated_for_plotting_only,原始 AMFormer,×,×,5,sim_1_5_032,0,0.5871792345104888,1,0.43,Simulated plotting data only; not real experimental results.
simulated_for_plotting_only,原始 AMFormer,×,×,5,sim_1_5_033,0,0.1411980226417392,0,0.43,Simulated plotting data only; not real experimental results.
simulated_for_plotting_only,原始 AMFormer,×,×,5,sim_1_5_034,0,0.2613191634637232,0,0.43,Simulated plotting data only; not real experimental results.
simulated_for_plotting_only,原始 AMFormer,×,×,5,sim_1_5_035,0,0.3796467807488464,0,0.43,Simulated plotting data only; not real experimental results.
simulated_for_plotting_only,原始 AMFormer,×,×,5,sim_1_5_036,0,0.6125729668985322,1,0.43,Simulated plotting data only; not real experimental results.
simulated_for_plotting_only,原始 AMFormer,×,×,5,sim_1_5_037,0,0.1285178755936196,0,0.43,Simulated plotting data only; not real experimental results.
simulated_for_plotting_only,原始 AMFormer,×,×,5,sim_1_5_038,0,0.7584765554439534,1,0.43,Simulated plotting data only; not real experimental results.
simulated_for_plotting_only,原始 AMFormer,×,×,5,sim_1_5_039,0,0.8064671018167633,1,0.43,Simulated plotting data only; not real experimental results.
simulated_for_plotting_only,原始 AMFormer,×,×,5,sim_1_5_040,0,0.6679254215842945,1,0.43,Simulated plotting data only; not real experimental results.
simulated_for_plotting_only,原始 AMFormer,×,×,5,sim_1_5_041,0,0.7173026496223567,1,0.43,Simulated plotting data only; not real experimental results.
simulated_for_plotting_only,原始 AMFormer,×,×,5,sim_1_5_042,1,0.4390475915026635,1,0.43,Simulated plotting data only; not real experimental results.
simulated_for_plotting_only,原始 AMFormer,×,×,5,sim_1_5_043,1,0.6395780674333565,1,0.43,Simulated plotting data only; not real experimental results.
simulated_for_plotting_only,原始 AMFormer,×,×,5,sim_1_5_044,1,0.967841522505826,1,0.43,Simulated plotting data only; not real experimental results.
simulated_for_plotting_only,原始 AMFormer,×,×,5,sim_1_5_045,0,0.7895234618889765,1,0.43,Simulated plotting data only; not real experimental results.
simulated_for_plotting_only,原始 AMFormer,×,×,5,sim_1_5_046,1,0.903364922955468,1,0.43,Simulated plotting data only; not real experimental results.
simulated_for_plotting_only,原始 AMFormer,×,×,5,sim_1_5_047,0,0.6262061029740534,1,0.43,Simulated plotting data only; not real experimental results.
simulated_for_plotting_only,原始 AMFormer,×,×,5,sim_1_5_048,1,0.5999387636053193,1,0.43,Simulated plotting data only; not real experimental results.
simulated_for_plotting_only,原始 AMFormer,×,×,5,sim_1_5_049,0,0.3246157934599071,0,0.43,Simulated plotting data only; not real experimental results.
simulated_for_plotting_only,原始 AMFormer,×,×,5,sim_1_5_050,0,0.327243574852218,0,0.43,Simulated plotting data only; not real experimental results.
simulated_for_plotting_only,原始 AMFormer,×,×,5,sim_1_5_051,0,0.7542164481289653,1,0.43,Simulated plotting data only; not real experimental results.
simulated_for_plotting_only,原始 AMFormer,×,×,5,sim_1_5_052,0,0.5457616161460322,1,0.43,Simulated plotting data only; not real experimental results.
simulated_for_plotting_only,原始 AMFormer,×,×,5,sim_1_5_053,0,0.6232619237950755,1,0.43,Simulated plotting data only; not real experimental results.
simulated_for_plotting_only,原始 AMFormer,×,×,5,sim_1_5_054,0,0.3479746357516767,0,0.43,Simulated plotting data only; not real experimental results.
simulated_for_plotting_only,原始 AMFormer,×,×,5,sim_1_5_055,0,0.6722851873928137,1,0.43,Simulated plotting data only; not real experimental results.
simulated_for_plotting_only,原始 AMFormer,×,×,5,sim_1_5_056,0,0.7292189190748875,1,0.43,Simulated plotting data only; not real experimental results.
simulated_for_plotting_only,原始 AMFormer,×,×,5,sim_1_5_057,0,0.710731818760901,1,0.43,Simulated plotting data only; not real experimental results.
simulated_for_plotting_only,原始 AMFormer,×,×,5,sim_1_5_058,0,0.3865348572178103,0,0.43,Simulated plotting data only; not real experimental results.
simulated_for_plotting_only,原始 AMFormer,×,×,5,sim_1_5_059,0,0.3371276851962423,0,0.43,Simulated plotting data only; not real experimental results.
simulated_for_plotting_only,原始 AMFormer,×,×,5,sim_1_5_060,0,0.6604068973199315,1,0.43,Simulated plotting data only; not real experimental results.
simulated_for_plotting_only,原始 AMFormer,×,×,5,sim_1_5_061,1,0.7520566144914684,1,0.43,Simulated plotting data only; not real experimental results.
simulated_for_plotting_only,原始 AMFormer,×,×,5,sim_1_5_062,0,0.4530342887121033,1,0.43,Simulated plotting data only; not real experimental results.
simulated_for_plotting_only,原始 AMFormer,×,×,5,sim_1_5_063,0,0.5557225220770542,1,0.43,Simulated plotting data only; not real experimental results.
simulated_for_plotting_only,原始 AMFormer,×,×,5,sim_1_5_064,1,0.8912823658557217,1,0.43,Simulated plotting data only; not real experimental results.
simulated_for_plotting_only,原始 AMFormer,×,×,5,sim_1_5_065,1,0.8685681926997659,1,0.43,Simulated plotting data only; not real experimental results.
simulated_for_plotting_only,原始 AMFormer,×,×,5,sim_1_5_066,0,0.4648967650822541,1,0.43,Simulated plotting data only; not real experimental results.
simulated_for_plotting_only,原始 AMFormer,×,×,5,sim_1_5_067,0,0.3738221585808891,0,0.43,Simulated plotting data only; not real experimental results.
simulated_for_plotting_only,原始 AMFormer,×,×,5,sim_1_5_068,0,0.0368767327201497,0,0.43,Simulated plotting data only; not real experimental results.
simulated_for_plotting_only,原始 AMFormer,×,×,5,sim_1_5_069,1,0.8560106337414976,1,0.43,Simulated plotting data only; not real experimental results.
simulated_for_plotting_only,原始 AMFormer,×,×,5,sim_1_5_070,1,0.772972784702683,1,0.43,Simulated plotting data only; not real experimental results.
simulated_for_plotting_only,原始 AMFormer,×,×,5,sim_1_5_071,0,0.5638328420871989,1,0.43,Simulated plotting data only; not real experimental results.
simulated_for_plotting_only,原始 AMFormer,×,×,5,sim_1_5_072,0,0.346261295106894,0,0.43,Simulated plotting data only; not real experimental results.
simulated_for_plotting_only,原始 AMFormer,×,×,5,sim_1_5_073,0,0.2966871061412024,0,0.43,Simulated plotting data only; not real experimental results.
simulated_for_plotting_only,原始 AMFormer,×,×,5,sim_1_5_074,0,0.4213217623608357,0,0.43,Simulated plotting data only; not real experimental results.
simulated_for_plotting_only,原始 AMFormer,×,×,5,sim_1_5_075,1,0.9191250971520823,1,0.43,Simulated plotting data only; not real experimental results.
simulated_for_plotting_only,原始 AMFormer,×,×,5,sim_1_5_076,0,0.1763863917357071,0,0.43,Simulated plotting data only; not real experimental results.
simulated_for_plotting_only,原始 AMFormer,×,×,5,sim_1_5_077,0,0.6089477077589225,1,0.43,Simulated plotting data only; not real experimental results.
simulated_for_plotting_only,原始 AMFormer,×,×,5,sim_1_5_078,0,0.6039860405939175,1,0.43,Simulated plotting data only; not real experimental results.
simulated_for_plotting_only,原始 AMFormer,×,×,5,sim_1_5_079,1,0.9650218785797487,1,0.43,Simulated plotting data only; not real experimental results.
simulated_for_plotting_only,原始 AMFormer,×,×,5,sim_1_5_080,0,0.1492607083857781,0,0.43,Simulated plotting data only; not real experimental results.
simulated_for_plotting_only,原始 AMFormer,×,×,5,sim_1_5_081,0,0.249837706112331,0,0.43,Simulated plotting data only; not real experimental results.
simulated_for_plotting_only,原始 AMFormer,×,×,5,sim_1_5_082,1,0.9159918005401668,1,0.43,Simulated plotting data only; not real experimental results.
simulated_for_plotting_only,原始 AMFormer,×,×,5,sim_1_5_083,0,0.7212285197125973,1,0.43,Simulated plotting data only; not real experimental results.
simulated_for_plotting_only,原始 AMFormer,×,×,5,sim_1_5_084,1,0.5965573677394689,1,0.43,Simulated plotting data only; not real experimental results.
simulated_for_plotting_only,原始 AMFormer,×,×,5,sim_1_5_085,0,0.5486985865647169,1,0.43,Simulated plotting data only; not real experimental results.
simulated_for_plotting_only,原始 AMFormer,×,×,5,sim_1_5_086,0,0.6686182936469325,1,0.43,Simulated plotting data only; not real experimental results.
simulated_for_plotting_only,原始 AMFormer,×,×,5,sim_1_5_087,0,0.5147603506681375,1,0.43,Simulated plotting data only; not real experimental results.
simulated_for_plotting_only,原始 AMFormer,×,×,5,sim_1_5_088,0,0.5500510235947469,1,0.43,Simulated plotting data only; not real experimental results.
simulated_for_plotting_only,原始 AMFormer,×,×,5,sim_1_5_089,0,0.8770609861829098,1,0.43,Simulated plotting data only; not real experimental results.
simulated_for_plotting_only,原始 AMFormer,×,×,5,sim_1_5_090,0,0.4074445805950314,0,0.43,Simulated plotting data only; not real experimental results.
simulated_for_plotting_only,原始 AMFormer,×,×,5,sim_1_5_091,0,0.3901718837758227,0,0.43,Simulated plotting data only; not real experimental results.
simulated_for_plotting_only,原始 AMFormer,×,×,5,sim_1_5_092,1,0.8302582623302066,1,0.43,Simulated plotting data only; not real experimental results.
simulated_for_plotting_only,原始 AMFormer,×,×,5,sim_1_5_093,1,0.9172628450130492,1,0.43,Simulated plotting data only; not real experimental results.
simulated_for_plotting_only,原始 AMFormer,×,×,5,sim_1_5_094,1,0.935931084115764,1,0.43,Simulated plotting data only; not real experimental results.
simulated_for_plotting_only,原始 AMFormer,×,×,5,sim_1_5_095,0,0.1497577395859797,0,0.43,Simulated plotting data only; not real experimental results.
simulated_for_plotting_only,原始 AMFormer,×,×,5,sim_1_5_096,1,0.8295943561007393,1,0.43,Simulated plotting data only; not real experimental results.
simulated_for_plotting_only,原始 AMFormer,×,×,5,sim_1_5_097,1,0.965767296864187,1,0.43,Simulated plotting data only; not real experimental results.
simulated_for_plotting_only,原始 AMFormer,×,×,5,sim_1_5_098,0,0.5377673345983175,1,0.43,Simulated plotting data only; not real experimental results.
simulated_for_plotting_only,原始 AMFormer,×,×,5,sim_1_5_099,0,0.6047999071752999,1,0.43,Simulated plotting data only; not real experimental results.
simulated_for_plotting_only,原始 AMFormer,×,×,5,sim_1_5_100,0,0.6794031259304928,1,0.43,Simulated plotting data only; not real experimental results.
simulated_for_plotting_only,原始 AMFormer,×,×,5,sim_1_5_101,0,0.4905035066999669,1,0.43,Simulated plotting data only; not real experimental results.
simulated_for_plotting_only,原始 AMFormer,×,×,5,sim_1_5_102,0,0.3245190870373634,0,0.43,Simulated plotting data only; not real experimental results.
simulated_for_plotting_only,原始 AMFormer,×,×,5,sim_1_5_103,0,0.4399479074026358,1,0.43,Simulated plotting data only; not real experimental results.
simulated_for_plotting_only,原始 AMFormer,×,×,5,sim_1_5_104,0,0.3926263690757835,0,0.43,Simulated plotting data only; not real experimental results.
simulated_for_plotting_only,原始 AMFormer,×,×,5,sim_1_5_105,1,0.4239185934186621,0,0.43,Simulated plotting data only; not real experimental results.
simulated_for_plotting_only,原始 AMFormer,×,×,5,sim_1_5_106,0,0.572344350718938,1,0.43,Simulated plotting data only; not real experimental results.
simulated_for_plotting_only,原始 AMFormer,×,×,5,sim_1_5_107,1,0.8794293904302045,1,0.43,Simulated plotting data only; not real experimental results.
simulated_for_plotting_only,原始 AMFormer,×,×,5,sim_1_5_108,1,0.5825859463215862,1,0.43,Simulated plotting data only; not real experimental results.
simulated_for_plotting_only,原始 AMFormer,×,×,5,sim_1_5_109,0,0.8206806672570166,1,0.43,Simulated plotting data only; not real experimental results.
simulated_for_plotting_only,原始 AMFormer,×,×,5,sim_1_5_110,1,0.8297268011992897,1,0.43,Simulated plotting data only; not real experimental results.
simulated_for_plotting_only,原始 AMFormer,×,×,5,sim_1_5_111,1,0.925992105238802,1,0.43,Simulated plotting data only; not real experimental results.
simulated_for_plotting_only,原始 AMFormer,×,×,5,sim_1_5_112,0,0.8442735336942694,1,0.43,Simulated plotting data only; not real experimental results.
simulated_for_plotting_only,原始 AMFormer,×,×,5,sim_1_5_113,0,0.7916910770853914,1,0.43,Simulated plotting data only; not real experimental results.
simulated_for_plotting_only,原始 AMFormer,×,×,5,sim_1_5_114,0,0.2924324869058359,0,0.43,Simulated plotting data only; not real experimental results.
simulated_for_plotting_only,原始 AMFormer,×,×,5,sim_1_5_115,0,0.6417336340852459,1,0.43,Simulated plotting data only; not real experimental results.
simulated_for_plotting_only,原始 AMFormer,×,×,5,sim_1_5_116,0,0.3101446610800586,0,0.43,Simulated plotting data only; not real experimental results.
simulated_for_plotting_only,原始 AMFormer,×,×,5,sim_1_5_117,1,0.8894647285676452,1,0.43,Simulated plotting data only; not real experimental results.
simulated_for_plotting_only,原始 AMFormer,×,×,5,sim_1_5_118,1,0.7825036004080606,1,0.43,Simulated plotting data only; not real experimental results.
simulated_for_plotting_only,原始 AMFormer,×,×,5,sim_1_5_119,0,0.445595890268437,1,0.43,Simulated plotting data only; not real experimental results.
simulated_for_plotting_only,原始 AMFormer,×,×,5,sim_1_5_120,0,0.4635092846081733,1,0.43,Simulated plotting data only; not real experimental results.
simulated_for_plotting_only,原始 AMFormer,×,×,5,sim_1_5_121,1,0.9469486817211932,1,0.43,Simulated plotting data only; not real experimental results.
simulated_for_plotting_only,原始 AMFormer,×,×,5,sim_1_5_122,0,0.2210286514329358,0,0.43,Simulated plotting data only; not real experimental results.
simulated_for_plotting_only,原始 AMFormer,×,×,5,sim_1_5_123,1,0.9051039610385456,1,0.43,Simulated plotting data only; not real experimental results.
simulated_for_plotting_only,原始 AMFormer,×,×,5,sim_1_5_124,1,0.7723021427569818,1,0.43,Simulated plotting data only; not real experimental results.
simulated_for_plotting_only,原始 AMFormer,×,×,5,sim_1_5_125,0,0.4592237233398222,1,0.43,Simulated plotting data only; not real experimental results.
simulated_for_plotting_only,原始 AMFormer,×,×,5,sim_1_5_126,0,0.5674694405029261,1,0.43,Simulated plotting data only; not real experimental results.
simulated_for_plotting_only,原始 AMFormer,×,×,5,sim_1_5_127,0,0.3856604176342249,0,0.43,Simulated plotting data only; not real experimental results.
simulated_for_plotting_only,原始 AMFormer,×,×,5,sim_1_5_128,0,0.3293543544592375,0,0.43,Simulated plotting data only; not real experimental results.
simulated_for_plotting_only,原始 AMFormer,×,×,5,sim_1_5_129,1,0.6542285988693263,1,0.43,Simulated plotting data only; not real experimental results.
simulated_for_plotting_only,原始 AMFormer,×,×,5,sim_1_5_130,0,0.555375454007584,1,0.43,Simulated plotting data only; not real experimental results.
simulated_for_plotting_only,原始 AMFormer,×,×,5,sim_1_5_131,0,0.1467358328406969,0,0.43,Simulated plotting data only; not real experimental results.
simulated_for_plotting_only,原始 AMFormer,×,×,5,sim_1_5_132,0,0.3084809778535831,0,0.43,Simulated plotting data only; not real experimental results.
simulated_for_plotting_only,原始 AMFormer,×,×,5,sim_1_5_133,0,0.3036588819168492,0,0.43,Simulated plotting data only; not real experimental results.
simulated_for_plotting_only,原始 AMFormer,×,×,5,sim_1_5_134,1,0.3658955609212656,0,0.43,Simulated plotting data only; not real experimental results.
simulated_for_plotting_only,原始 AMFormer,×,×,5,sim_1_5_135,0,0.5220044262108858,1,0.43,Simulated plotting data only; not real experimental results.
simulated_for_plotting_only,原始 AMFormer,×,×,5,sim_1_5_136,1,0.9483579661344184,1,0.43,Simulated plotting data only; not real experimental results.
simulated_for_plotting_only,原始 AMFormer,×,×,5,sim_1_5_137,1,0.9260789357525704,1,0.43,Simulated plotting data only; not real experimental results.
simulated_for_plotting_only,原始 AMFormer,×,×,5,sim_1_5_138,1,0.927972889193554,1,0.43,Simulated plotting data only; not real experimental results.
simulated_for_plotting_only,原始 AMFormer,×,×,5,sim_1_5_139,1,0.7369035759733146,1,0.43,Simulated plotting data only; not real experimental results.
simulated_for_plotting_only,原始 AMFormer,×,×,5,sim_1_5_140,0,0.2726224635211032,0,0.43,Simulated plotting data only; not real experimental results.
simulated_for_plotting_only,原始 AMFormer,×,×,5,sim_1_5_141,0,0.6279678790302177,1,0.43,Simulated plotting data only; not real experimental results.
simulated_for_plotting_only,原始 AMFormer,×,×,5,sim_1_5_142,1,0.8537879734809849,1,0.43,Simulated plotting data only; not real experimental results.
simulated_for_plotting_only,原始 AMFormer,×,×,5,sim_1_5_143,0,0.7274455445107579,1,0.43,Simulated plotting data only; not real experimental results.
simulated_for_plotting_only,原始 AMFormer,×,×,5,sim_1_5_144,1,0.9754442869297724,1,0.43,Simulated plotting data only; not real experimental results.
simulated_for_plotting_only,原始 AMFormer,×,×,5,sim_1_5_145,0,0.8390619009323832,1,0.43,Simulated plotting data only; not real experimental results.
simulated_for_plotting_only,原始 AMFormer,×,×,5,sim_1_5_146,0,0.3722748428996245,0,0.43,Simulated plotting data only; not real experimental results.
simulated_for_plotting_only,原始 AMFormer,×,×,5,sim_1_5_147,1,0.8685589308169586,1,0.43,Simulated plotting data only; not real experimental results.
simulated_for_plotting_only,原始 AMFormer,×,×,5,sim_1_5_148,0,0.4224868892360938,0,0.43,Simulated plotting data only; not real experimental results.
simulated_for_plotting_only,原始 AMFormer,×,×,5,sim_1_5_149,1,0.6671403816479995,1,0.43,Simulated plotting data only; not real experimental results.
simulated_for_plotting_only,原始 AMFormer,×,×,5,sim_1_5_150,1,0.7140116540471295,1,0.43,Simulated plotting data only; not real experimental results.
simulated_for_plotting_only,原始 AMFormer,×,×,5,sim_1_5_151,0,0.1301980580940414,0,0.43,Simulated plotting data only; not real experimental results.
simulated_for_plotting_only,原始 AMFormer,×,×,5,sim_1_5_152,1,0.8181066321757493,1,0.43,Simulated plotting data only; not real experimental results.
simulated_for_plotting_only,原始 AMFormer,×,×,5,sim_1_5_153,0,0.3255650292763928,0,0.43,Simulated plotting data only; not real experimental results.
simulated_for_plotting_only,原始 AMFormer,×,×,5,sim_1_5_154,0,0.6168280204454797,1,0.43,Simulated plotting data only; not real experimental results.
simulated_for_plotting_only,原始 AMFormer,×,×,5,sim_1_5_155,0,0.1106392091633917,0,0.43,Simulated plotting data only; not real experimental results.
simulated_for_plotting_only,原始 AMFormer,×,×,5,sim_1_5_156,0,0.4093683790109055,0,0.43,Simulated plotting data only; not real experimental results.
simulated_for_plotting_only,原始 AMFormer,×,×,5,sim_1_5_157,1,0.8932684701274701,1,0.43,Simulated plotting data only; not real experimental results.
simulated_for_plotting_only,原始 AMFormer,×,×,5,sim_1_5_158,0,0.7338682375137,1,0.43,Simulated plotting data only; not real experimental results.
simulated_for_plotting_only,原始 AMFormer,×,×,5,sim_1_5_159,0,0.6330396651603802,1,0.43,Simulated plotting data only; not real experimental results.
simulated_for_plotting_only,原始 AMFormer,×,×,5,sim_1_5_160,0,0.5070343460765421,1,0.43,Simulated plotting data only; not real experimental results.
simulated_for_plotting_only,原始 AMFormer,×,×,5,sim_1_5_161,0,0.4547423413591257,1,0.43,Simulated plotting data only; not real experimental results.
simulated_for_plotting_only,原始 AMFormer,×,×,5,sim_1_5_162,0,0.3395461650884818,0,0.43,Simulated plotting data only; not real experimental results.
simulated_for_plotting_only,原始 AMFormer,×,×,5,sim_1_5_163,1,0.8766305528972582,1,0.43,Simulated plotting data only; not real experimental results.
simulated_for_plotting_only,原始 AMFormer,×,×,5,sim_1_5_164,0,0.2217063059996742,0,0.43,Simulated plotting data only; not real experimental results.
simulated_for_plotting_only,原始 AMFormer,×,×,5,sim_1_5_165,0,0.56972557810264,1,0.43,Simulated plotting data only; not real experimental results.
simulated_for_plotting_only,原始 AMFormer,×,×,5,sim_1_5_166,0,0.253266204165243,0,0.43,Simulated plotting data only; not real experimental results.
simulated_for_plotting_only,原始 AMFormer,×,×,5,sim_1_5_167,0,0.5467979203777802,1,0.43,Simulated plotting data only; not real experimental results.
simulated_for_plotting_only,原始 AMFormer,×,×,5,sim_1_5_168,0,0.7869233605097249,1,0.43,Simulated plotting data only; not real experimental results.
simulated_for_plotting_only,原始 AMFormer,×,×,5,sim_1_5_169,0,0.3064405869324073,0,0.43,Simulated plotting data only; not real experimental results.
simulated_for_plotting_only,原始 AMFormer,×,×,5,sim_1_5_170,0,0.1920126654403863,0,0.43,Simulated plotting data only; not real experimental results.
simulated_for_plotting_only,原始 AMFormer,×,×,5,sim_1_5_171,1,0.9423555821983548,1,0.43,Simulated plotting data only; not real experimental results.
simulated_for_plotting_only,原始 AMFormer,×,×,5,sim_1_5_172,0,0.3595708015421731,0,0.43,Simulated plotting data only; not real experimental results.
simulated_for_plotting_only,原始 AMFormer,×,×,5,sim_1_5_173,0,0.4925359415452117,1,0.43,Simulated plotting data only; not real experimental results.
simulated_for_plotting_only,原始 AMFormer,×,×,5,sim_1_5_174,0,0.3355837503982142,0,0.43,Simulated plotting data only; not real experimental results.
simulated_for_plotting_only,原始 AMFormer,×,×,5,sim_1_5_175,0,0.4596969411414933,1,0.43,Simulated plotting data only; not real experimental results.
simulated_for_plotting_only,原始 AMFormer,×,×,5,sim_1_5_176,0,0.4666118401733667,1,0.43,Simulated plotting data only; not real experimental results.
simulated_for_plotting_only,原始 AMFormer,×,×,5,sim_1_5_177,0,0.803033615639834,1,0.43,Simulated plotting data only; not real experimental results.
simulated_for_plotting_only,原始 AMFormer,×,×,5,sim_1_5_178,0,0.3824615882350984,0,0.43,Simulated plotting data only; not real experimental results.
simulated_for_plotting_only,原始 AMFormer,×,×,5,sim_1_5_179,0,0.3428720873883572,0,0.43,Simulated plotting data only; not real experimental results.
simulated_for_plotting_only,原始 AMFormer,×,×,5,sim_1_5_180,1,0.8317049499019254,1,0.43,Simulated plotting data only; not real experimental results.
simulated_for_plotting_only,原始 AMFormer,×,×,5,sim_1_5_181,1,0.9705786908882889,1,0.43,Simulated plotting data only; not real experimental results.
simulated_for_plotting_only,原始 AMFormer,×,×,5,sim_1_5_182,0,0.7355845627352878,1,0.43,Simulated plotting data only; not real experimental results.
simulated_for_plotting_only,原始 AMFormer,×,×,5,sim_1_5_183,0,0.6960344998060617,1,0.43,Simulated plotting data only; not real experimental results.
simulated_for_plotting_only,+PGA-Attention,√,×,1,sim_2_1_001,0,0.1816190926251184,0,0.62,Simulated plotting data only; not real experimental results.
simulated_for_plotting_only,+PGA-Attention,√,×,1,sim_2_1_002,1,0.9172314430841836,1,0.62,Simulated plotting data only; not real experimental results.
simulated_for_plotting_only,+PGA-Attention,√,×,1,sim_2_1_003,0,0.2507322711548125,0,0.62,Simulated plotting data only; not real experimental results.
simulated_for_plotting_only,+PGA-Attention,√,×,1,sim_2_1_004,0,0.7060149117278209,1,0.62,Simulated plotting data only; not real experimental results.
simulated_for_plotting_only,+PGA-Attention,√,×,1,sim_2_1_005,1,0.9127164756811552,1,0.62,Simulated plotting data only; not real experimental results.
simulated_for_plotting_only,+PGA-Attention,√,×,1,sim_2_1_006,0,0.3297174854829845,0,0.62,Simulated plotting data only; not real experimental results.
simulated_for_plotting_only,+PGA-Attention,√,×,1,sim_2_1_007,0,0.61871911182602,0,0.62,Simulated plotting data only; not real experimental results.
simulated_for_plotting_only,+PGA-Attention,√,×,1,sim_2_1_008,0,0.4862370740373386,0,0.62,Simulated plotting data only; not real experimental results.
simulated_for_plotting_only,+PGA-Attention,√,×,1,sim_2_1_009,1,0.5903707687737126,0,0.62,Simulated plotting data only; not real experimental results.
simulated_for_plotting_only,+PGA-Attention,√,×,1,sim_2_1_010,1,0.9377142750735148,1,0.62,Simulated plotting data only; not real experimental results.
simulated_for_plotting_only,+PGA-Attention,√,×,1,sim_2_1_011,0,0.7427693276190277,1,0.62,Simulated plotting data only; not real experimental results.
simulated_for_plotting_only,+PGA-Attention,√,×,1,sim_2_1_012,0,0.716952723523816,1,0.62,Simulated plotting data only; not real experimental results.
simulated_for_plotting_only,+PGA-Attention,√,×,1,sim_2_1_013,0,0.2648517885188995,0,0.62,Simulated plotting data only; not real experimental results.
simulated_for_plotting_only,+PGA-Attention,√,×,1,sim_2_1_014,0,0.5078215830094376,0,0.62,Simulated plotting data only; not real experimental results.
simulated_for_plotting_only,+PGA-Attention,√,×,1,sim_2_1_015,0,0.8093193281176859,1,0.62,Simulated plotting data only; not real experimental results.
simulated_for_plotting_only,+PGA-Attention,√,×,1,sim_2_1_016,0,0.4160508271908687,0,0.62,Simulated plotting data only; not real experimental results.
simulated_for_plotting_only,+PGA-Attention,√,×,1,sim_2_1_017,1,0.958645061621372,1,0.62,Simulated plotting data only; not real experimental results.
simulated_for_plotting_only,+PGA-Attention,√,×,1,sim_2_1_018,0,0.8649995650820401,1,0.62,Simulated plotting data only; not real experimental results.
simulated_for_plotting_only,+PGA-Attention,√,×,1,sim_2_1_019,1,0.7886220303969332,1,0.62,Simulated plotting data only; not real experimental results.
simulated_for_plotting_only,+PGA-Attention,√,×,1,sim_2_1_020,0,0.2251788309126932,0,0.62,Simulated plotting data only; not real experimental results.
simulated_for_plotting_only,+PGA-Attention,√,×,1,sim_2_1_021,1,0.8925345306255527,1,0.62,Simulated plotting data only; not real experimental results.
simulated_for_plotting_only,+PGA-Attention,√,×,1,sim_2_1_022,1,0.9180347044466276,1,0.62,Simulated plotting data only; not real experimental results.
simulated_for_plotting_only,+PGA-Attention,√,×,1,sim_2_1_023,1,0.9356455866014382,1,0.62,Simulated plotting data only; not real experimental results.
simulated_for_plotting_only,+PGA-Attention,√,×,1,sim_2_1_024,0,0.4000536001415185,0,0.62,Simulated plotting data only; not real experimental results.
simulated_for_plotting_only,+PGA-Attention,√,×,1,sim_2_1_025,0,0.4068631848478604,0,0.62,Simulated plotting data only; not real experimental results.
simulated_for_plotting_only,+PGA-Attention,√,×,1,sim_2_1_026,0,0.3448652861507,0,0.62,Simulated plotting data only; not real experimental results.
simulated_for_plotting_only,+PGA-Attention,√,×,1,sim_2_1_027,0,0.5078594319309632,0,0.62,Simulated plotting data only; not real experimental results.
simulated_for_plotting_only,+PGA-Attention,√,×,1,sim_2_1_028,1,0.9735794394000644,1,0.62,Simulated plotting data only; not real experimental results.
simulated_for_plotting_only,+PGA-Attention,√,×,1,sim_2_1_029,1,0.6354581561175234,1,0.62,Simulated plotting data only; not real experimental results.
simulated_for_plotting_only,+PGA-Attention,√,×,1,sim_2_1_030,0,0.1524237833919997,0,0.62,Simulated plotting data only; not real experimental results.
simulated_for_plotting_only,+PGA-Attention,√,×,1,sim_2_1_031,0,0.3157922075238363,0,0.62,Simulated plotting data only; not real experimental results.
simulated_for_plotting_only,+PGA-Attention,√,×,1,sim_2_1_032,0,0.5886787069632039,0,0.62,Simulated plotting data only; not real experimental results.
simulated_for_plotting_only,+PGA-Attention,√,×,1,sim_2_1_033,0,0.4146108316902579,0,0.62,Simulated plotting data only; not real experimental results.
simulated_for_plotting_only,+PGA-Attention,√,×,1,sim_2_1_034,0,0.0535699026590109,0,0.62,Simulated plotting data only; not real experimental results.
simulated_for_plotting_only,+PGA-Attention,√,×,1,sim_2_1_035,0,0.603808674422789,0,0.62,Simulated plotting data only; not real experimental results.
simulated_for_plotting_only,+PGA-Attention,√,×,1,sim_2_1_036,0,0.6941079003080493,1,0.62,Simulated plotting data only; not real experimental results.
simulated_for_plotting_only,+PGA-Attention,√,×,1,sim_2_1_037,0,0.6314062890564136,1,0.62,Simulated plotting data only; not real experimental results.
simulated_for_plotting_only,+PGA-Attention,√,×,1,sim_2_1_038,0,0.2659428740558489,0,0.62,Simulated plotting data only; not real experimental results.
simulated_for_plotting_only,+PGA-Attention,√,×,1,sim_2_1_039,0,0.6474565683508698,1,0.62,Simulated plotting data only; not real experimental results.
simulated_for_plotting_only,+PGA-Attention,√,×,1,sim_2_1_040,0,0.9250649113615992,1,0.62,Simulated plotting data only; not real experimental results.
simulated_for_plotting_only,+PGA-Attention,√,×,1,sim_2_1_041,1,0.726767407049762,1,0.62,Simulated plotting data only; not real experimental results.
simulated_for_plotting_only,+PGA-Attention,√,×,1,sim_2_1_042,1,0.9399655284603649,1,0.62,Simulated plotting data only; not real experimental results.
simulated_for_plotting_only,+PGA-Attention,√,×,1,sim_2_1_043,0,0.4060474421726871,0,0.62,Simulated plotting data only; not real experimental results.
simulated_for_plotting_only,+PGA-Attention,√,×,1,sim_2_1_044,0,0.3620982463967976,0,0.62,Simulated plotting data only; not real experimental results.
simulated_for_plotting_only,+PGA-Attention,√,×,1,sim_2_1_045,1,0.7865106243762394,1,0.62,Simulated plotting data only; not real experimental results.
simulated_for_plotting_only,+PGA-Attention,√,×,1,sim_2_1_046,0,0.6461596500108251,1,0.62,Simulated plotting data only; not real experimental results.
simulated_for_plotting_only,+PGA-Attention,√,×,1,sim_2_1_047,0,0.1604891617708735,0,0.62,Simulated plotting data only; not real experimental results.
simulated_for_plotting_only,+PGA-Attention,√,×,1,sim_2_1_048,1,0.7064546386704145,1,0.62,Simulated plotting data only; not real experimental results.
simulated_for_plotting_only,+PGA-Attention,√,×,1,sim_2_1_049,1,0.9415491297913692,1,0.62,Simulated plotting data only; not real experimental results.
simulated_for_plotting_only,+PGA-Attention,√,×,1,sim_2_1_050,1,0.6888956932383935,1,0.62,Simulated plotting data only; not real experimental results.
simulated_for_plotting_only,+PGA-Attention,√,×,1,sim_2_1_051,1,0.889630845231813,1,0.62,Simulated plotting data only; not real experimental results.
simulated_for_plotting_only,+PGA-Attention,√,×,1,sim_2_1_052,0,0.6547206730586448,1,0.62,Simulated plotting data only; not real experimental results.
simulated_for_plotting_only,+PGA-Attention,√,×,1,sim_2_1_053,0,0.7923724391621539,1,0.62,Simulated plotting data only; not real experimental results.
simulated_for_plotting_only,+PGA-Attention,√,×,1,sim_2_1_054,0,0.613845818288228,0,0.62,Simulated plotting data only; not real experimental results.
simulated_for_plotting_only,+PGA-Attention,√,×,1,sim_2_1_055,0,0.7759355403150624,1,0.62,Simulated plotting data only; not real experimental results.
simulated_for_plotting_only,+PGA-Attention,√,×,1,sim_2_1_056,0,0.5373903335236163,0,0.62,Simulated plotting data only; not real experimental results.
simulated_for_plotting_only,+PGA-Attention,√,×,1,sim_2_1_057,0,0.3932277320222753,0,0.62,Simulated plotting data only; not real experimental results.
simulated_for_plotting_only,+PGA-Attention,√,×,1,sim_2_1_058,0,0.6084583101203566,0,0.62,Simulated plotting data only; not real experimental results.
simulated_for_plotting_only,+PGA-Attention,√,×,1,sim_2_1_059,1,0.8844676655054615,1,0.62,Simulated plotting data only; not real experimental results.
simulated_for_plotting_only,+PGA-Attention,√,×,1,sim_2_1_060,0,0.3886938054498655,0,0.62,Simulated plotting data only; not real experimental results.
simulated_for_plotting_only,+PGA-Attention,√,×,1,sim_2_1_061,0,0.5524385609912047,0,0.62,Simulated plotting data only; not real experimental results.
simulated_for_plotting_only,+PGA-Attention,√,×,1,sim_2_1_062,0,0.3866649225253969,0,0.62,Simulated plotting data only; not real experimental results.
simulated_for_plotting_only,+PGA-Attention,√,×,1,sim_2_1_063,1,0.5067507119405911,0,0.62,Simulated plotting data only; not real experimental results.
simulated_for_plotting_only,+PGA-Attention,√,×,1,sim_2_1_064,0,0.2312906041026439,0,0.62,Simulated plotting data only; not real experimental results.
simulated_for_plotting_only,+PGA-Attention,√,×,1,sim_2_1_065,0,0.4997790278711907,0,0.62,Simulated plotting data only; not real experimental results.
simulated_for_plotting_only,+PGA-Attention,√,×,1,sim_2_1_066,1,0.9555244318070264,1,0.62,Simulated plotting data only; not real experimental results.
simulated_for_plotting_only,+PGA-Attention,√,×,1,sim_2_1_067,0,0.8253169002512756,1,0.62,Simulated plotting data only; not real experimental results.
simulated_for_plotting_only,+PGA-Attention,√,×,1,sim_2_1_068,0,0.6565486401812274,1,0.62,Simulated plotting data only; not real experimental results.
simulated_for_plotting_only,+PGA-Attention,√,×,1,sim_2_1_069,0,0.2137975480542163,0,0.62,Simulated plotting data only; not real experimental results.
simulated_for_plotting_only,+PGA-Attention,√,×,1,sim_2_1_070,1,0.7529488023862438,1,0.62,Simulated plotting data only; not real experimental results.
simulated_for_plotting_only,+PGA-Attention,√,×,1,sim_2_1_071,1,0.7194752036874668,1,0.62,Simulated plotting data only; not real experimental results.
simulated_for_plotting_only,+PGA-Attention,√,×,1,sim_2_1_072,0,0.6191676735497935,0,0.62,Simulated plotting data only; not real experimental results.
simulated_for_plotting_only,+PGA-Attention,√,×,1,sim_2_1_073,0,0.376883450613538,0,0.62,Simulated plotting data only; not real experimental results.
simulated_for_plotting_only,+PGA-Attention,√,×,1,sim_2_1_074,0,0.3423126011827068,0,0.62,Simulated plotting data only; not real experimental results.
simulated_for_plotting_only,+PGA-Attention,√,×,1,sim_2_1_075,0,0.4509005192070494,0,0.62,Simulated plotting data only; not real experimental results.
simulated_for_plotting_only,+PGA-Attention,√,×,1,sim_2_1_076,0,0.3497408290650485,0,0.62,Simulated plotting data only; not real experimental results.
simulated_for_plotting_only,+PGA-Attention,√,×,1,sim_2_1_077,0,0.4570322303900074,0,0.62,Simulated plotting data only; not real experimental results.
simulated_for_plotting_only,+PGA-Attention,√,×,1,sim_2_1_078,0,0.7516817592558531,1,0.62,Simulated plotting data only; not real experimental results.
simulated_for_plotting_only,+PGA-Attention,√,×,1,sim_2_1_079,0,0.5724100794215538,0,0.62,Simulated plotting data only; not real experimental results.
simulated_for_plotting_only,+PGA-Attention,√,×,1,sim_2_1_080,1,0.7998141760562569,1,0.62,Simulated plotting data only; not real experimental results.
simulated_for_plotting_only,+PGA-Attention,√,×,1,sim_2_1_081,0,0.6881896267742894,1,0.62,Simulated plotting data only; not real experimental results.
simulated_for_plotting_only,+PGA-Attention,√,×,1,sim_2_1_082,0,0.6500678139206911,1,0.62,Simulated plotting data only; not real experimental results.
simulated_for_plotting_only,+PGA-Attention,√,×,1,sim_2_1_083,0,0.9231946002829454,1,0.62,Simulated plotting data only; not real experimental results.
simulated_for_plotting_only,+PGA-Attention,√,×,1,sim_2_1_084,1,0.9507272306072404,1,0.62,Simulated plotting data only; not real experimental results.
simulated_for_plotting_only,+PGA-Attention,√,×,1,sim_2_1_085,0,0.6587312810994286,1,0.62,Simulated plotting data only; not real experimental results.
simulated_for_plotting_only,+PGA-Attention,√,×,1,sim_2_1_086,0,0.8022233819476365,1,0.62,Simulated plotting data only; not real experimental results.
simulated_for_plotting_only,+PGA-Attention,√,×,1,sim_2_1_087,0,0.7268286532326645,1,0.62,Simulated plotting data only; not real experimental results.
simulated_for_plotting_only,+PGA-Attention,√,×,1,sim_2_1_088,0,0.1953781731867119,0,0.62,Simulated plotting data only; not real experimental results.
simulated_for_plotting_only,+PGA-Attention,√,×,1,sim_2_1_089,1,0.9472504803821418,1,0.62,Simulated plotting data only; not real experimental results.
simulated_for_plotting_only,+PGA-Attention,√,×,1,sim_2_1_090,0,0.1167675952478835,0,0.62,Simulated plotting data only; not real experimental results.
simulated_for_plotting_only,+PGA-Attention,√,×,1,sim_2_1_091,0,0.4908778811954447,0,0.62,Simulated plotting data only; not real experimental results.
simulated_for_plotting_only,+PGA-Attention,√,×,1,sim_2_1_092,0,0.5250584472635732,0,0.62,Simulated plotting data only; not real experimental results.
simulated_for_plotting_only,+PGA-Attention,√,×,1,sim_2_1_093,0,0.9091713160222836,1,0.62,Simulated plotting data only; not real experimental results.
simulated_for_plotting_only,+PGA-Attention,√,×,1,sim_2_1_094,0,0.5667906687000314,0,0.62,Simulated plotting data only; not real experimental results.
simulated_for_plotting_only,+PGA-Attention,√,×,1,sim_2_1_095,0,0.551695109133399,0,0.62,Simulated plotting data only; not real experimental results.
simulated_for_plotting_only,+PGA-Attention,√,×,1,sim_2_1_096,0,0.8049250969957443,1,0.62,Simulated plotting data only; not real experimental results.
simulated_for_plotting_only,+PGA-Attention,√,×,1,sim_2_1_097,1,0.8581035890997675,1,0.62,Simulated plotting data only; not real experimental results.
simulated_for_plotting_only,+PGA-Attention,√,×,1,sim_2_1_098,0,0.3349405497837991,0,0.62,Simulated plotting data only; not real experimental results.
simulated_for_plotting_only,+PGA-Attention,√,×,1,sim_2_1_099,1,0.7889742414346489,1,0.62,Simulated plotting data only; not real experimental results.
simulated_for_plotting_only,+PGA-Attention,√,×,1,sim_2_1_100,1,0.9060119962466886,1,0.62,Simulated plotting data only; not real experimental results.
simulated_for_plotting_only,+PGA-Attention,√,×,1,sim_2_1_101,0,0.4314147806121643,0,0.62,Simulated plotting data only; not real experimental results.
simulated_for_plotting_only,+PGA-Attention,√,×,1,sim_2_1_102,1,0.9205739658428872,1,0.62,Simulated plotting data only; not real experimental results.
simulated_for_plotting_only,+PGA-Attention,√,×,1,sim_2_1_103,0,0.2325121024808016,0,0.62,Simulated plotting data only; not real experimental results.
simulated_for_plotting_only,+PGA-Attention,√,×,1,sim_2_1_104,1,0.945592029188274,1,0.62,Simulated plotting data only; not real experimental results.
simulated_for_plotting_only,+PGA-Attention,√,×,1,sim_2_1_105,0,0.7269396041247514,1,0.62,Simulated plotting data only; not real experimental results.
simulated_for_plotting_only,+PGA-Attention,√,×,1,sim_2_1_106,0,0.6007612184073948,0,0.62,Simulated plotting data only; not real experimental results.
simulated_for_plotting_only,+PGA-Attention,√,×,1,sim_2_1_107,1,0.617969640267964,0,0.62,Simulated plotting data only; not real experimental results.
simulated_for_plotting_only,+PGA-Attention,√,×,1,sim_2_1_108,0,0.5406582531121622,0,0.62,Simulated plotting data only; not real experimental results.
simulated_for_plotting_only,+PGA-Attention,√,×,1,sim_2_1_109,0,0.3518630230740552,0,0.62,Simulated plotting data only; not real experimental results.
simulated_for_plotting_only,+PGA-Attention,√,×,1,sim_2_1_110,0,0.6962833986923662,1,0.62,Simulated plotting data only; not real experimental results.
simulated_for_plotting_only,+PGA-Attention,√,×,1,sim_2_1_111,0,0.89256736633522,1,0.62,Simulated plotting data only; not real experimental results.
simulated_for_plotting_only,+PGA-Attention,√,×,1,sim_2_1_112,0,0.3734290249244087,0,0.62,Simulated plotting data only; not real experimental results.
simulated_for_plotting_only,+PGA-Attention,√,×,1,sim_2_1_113,0,0.469049103888896,0,0.62,Simulated plotting data only; not real experimental results.
simulated_for_plotting_only,+PGA-Attention,√,×,1,sim_2_1_114,0,0.3246940691694269,0,0.62,Simulated plotting data only; not real experimental results.
simulated_for_plotting_only,+PGA-Attention,√,×,1,sim_2_1_115,0,0.5488708820278816,0,0.62,Simulated plotting data only; not real experimental results.
simulated_for_plotting_only,+PGA-Attention,√,×,1,sim_2_1_116,0,0.7815517125767655,1,0.62,Simulated plotting data only; not real experimental results.
simulated_for_plotting_only,+PGA-Attention,√,×,1,sim_2_1_117,1,0.9466486118514752,1,0.62,Simulated plotting data only; not real experimental results.
simulated_for_plotting_only,+PGA-Attention,√,×,1,sim_2_1_118,0,0.5240052621897908,0,0.62,Simulated plotting data only; not real experimental results.
simulated_for_plotting_only,+PGA-Attention,√,×,1,sim_2_1_119,0,0.5899161880983549,0,0.62,Simulated plotting data only; not real experimental results.
simulated_for_plotting_only,+PGA-Attention,√,×,1,sim_2_1_120,1,0.9633628851988262,1,0.62,Simulated plotting data only; not real experimental results.
simulated_for_plotting_only,+PGA-Attention,√,×,1,sim_2_1_121,0,0.2993019308921347,0,0.62,Simulated plotting data only; not real experimental results.
simulated_for_plotting_only,+PGA-Attention,√,×,1,sim_2_1_122,0,0.7259105791672954,1,0.62,Simulated plotting data only; not real experimental results.
simulated_for_plotting_only,+PGA-Attention,√,×,1,sim_2_1_123,0,0.2628609046685943,0,0.62,Simulated plotting data only; not real experimental results.
simulated_for_plotting_only,+PGA-Attention,√,×,1,sim_2_1_124,0,0.6615803834466004,1,0.62,Simulated plotting data only; not real experimental results.
simulated_for_plotting_only,+PGA-Attention,√,×,1,sim_2_1_125,0,0.4245417264748693,0,0.62,Simulated plotting data only; not real experimental results.
simulated_for_plotting_only,+PGA-Attention,√,×,1,sim_2_1_126,1,0.5236689872337951,0,0.62,Simulated plotting data only; not real experimental results.
simulated_for_plotting_only,+PGA-Attention,√,×,1,sim_2_1_127,0,0.5568486282813143,0,0.62,Simulated plotting data only; not real experimental results.
simulated_for_plotting_only,+PGA-Attention,√,×,1,sim_2_1_128,1,0.8923045471809615,1,0.62,Simulated plotting data only; not real experimental results.
simulated_for_plotting_only,+PGA-Attention,√,×,1,sim_2_1_129,1,0.7637948190392234,1,0.62,Simulated plotting data only; not real experimental results.
simulated_for_plotting_only,+PGA-Attention,√,×,1,sim_2_1_130,0,0.2589765884804413,0,0.62,Simulated plotting data only; not real experimental results.
simulated_for_plotting_only,+PGA-Attention,√,×,1,sim_2_1_131,1,0.8924137285789447,1,0.62,Simulated plotting data only; not real experimental results.
simulated_for_plotting_only,+PGA-Attention,√,×,1,sim_2_1_132,0,0.7165274829450535,1,0.62,Simulated plotting data only; not real experimental results.
simulated_for_plotting_only,+PGA-Attention,√,×,1,sim_2_1_133,0,0.5911954751758633,0,0.62,Simulated plotting data only; not real experimental results.
simulated_for_plotting_only,+PGA-Attention,√,×,1,sim_2_1_134,0,0.6472128258187019,1,0.62,Simulated plotting data only; not real experimental results.
simulated_for_plotting_only,+PGA-Attention,√,×,1,sim_2_1_135,0,0.3052710734719005,0,0.62,Simulated plotting data only; not real experimental results.
simulated_for_plotting_only,+PGA-Attention,√,×,1,sim_2_1_136,1,0.9033604625492412,1,0.62,Simulated plotting data only; not real experimental results.
simulated_for_plotting_only,+PGA-Attention,√,×,1,sim_2_1_137,0,0.9587901418370628,1,0.62,Simulated plotting data only; not real experimental results.
simulated_for_plotting_only,+PGA-Attention,√,×,1,sim_2_1_138,1,0.8258530494912724,1,0.62,Simulated plotting data only; not real experimental results.
simulated_for_plotting_only,+PGA-Attention,√,×,1,sim_2_1_139,0,0.7119361225344896,1,0.62,Simulated plotting data only; not real experimental results.
simulated_for_plotting_only,+PGA-Attention,√,×,1,sim_2_1_140,1,0.8511496033725271,1,0.62,Simulated plotting data only; not real experimental results.
simulated_for_plotting_only,+PGA-Attention,√,×,1,sim_2_1_141,0,0.2301626015471888,0,0.62,Simulated plotting data only; not real experimental results.
simulated_for_plotting_only,+PGA-Attention,√,×,1,sim_2_1_142,1,0.7578982790785752,1,0.62,Simulated plotting data only; not real experimental results.
simulated_for_plotting_only,+PGA-Attention,√,×,1,sim_2_1_143,0,0.3485002527265637,0,0.62,Simulated plotting data only; not real experimental results.
simulated_for_plotting_only,+PGA-Attention,√,×,1,sim_2_1_144,1,0.8720242836661519,1,0.62,Simulated plotting data only; not real experimental results.
simulated_for_plotting_only,+PGA-Attention,√,×,1,sim_2_1_145,0,0.5770894039479669,0,0.62,Simulated plotting data only; not real experimental results.
simulated_for_plotting_only,+PGA-Attention,√,×,1,sim_2_1_146,0,0.2854941732413015,0,0.62,Simulated plotting data only; not real experimental results.
simulated_for_plotting_only,+PGA-Attention,√,×,1,sim_2_1_147,0,0.5900465829668069,0,0.62,Simulated plotting data only; not real experimental results.
simulated_for_plotting_only,+PGA-Attention,√,×,1,sim_2_1_148,1,0.8299797090282196,1,0.62,Simulated plotting data only; not real experimental results.
simulated_for_plotting_only,+PGA-Attention,√,×,1,sim_2_1_149,1,0.6397085851638772,1,0.62,Simulated plotting data only; not real experimental results.
simulated_for_plotting_only,+PGA-Attention,√,×,1,sim_2_1_150,0,0.8891987952478462,1,0.62,Simulated plotting data only; not real experimental results.
simulated_for_plotting_only,+PGA-Attention,√,×,1,sim_2_1_151,0,0.2881914335868704,0,0.62,Simulated plotting data only; not real experimental results.
simulated_for_plotting_only,+PGA-Attention,√,×,1,sim_2_1_152,0,0.7075928886780694,1,0.62,Simulated plotting data only; not real experimental results.
simulated_for_plotting_only,+PGA-Attention,√,×,1,sim_2_1_153,1,0.7669393532820709,1,0.62,Simulated plotting data only; not real experimental results.
simulated_for_plotting_only,+PGA-Attention,√,×,1,sim_2_1_154,0,0.4410936269844655,0,0.62,Simulated plotting data only; not real experimental results.
simulated_for_plotting_only,+PGA-Attention,√,×,1,sim_2_1_155,1,0.7771009227640919,1,0.62,Simulated plotting data only; not real experimental results.
simulated_for_plotting_only,+PGA-Attention,√,×,1,sim_2_1_156,0,0.4514217371159874,0,0.62,Simulated plotting data only; not real experimental results.
simulated_for_plotting_only,+PGA-Attention,√,×,1,sim_2_1_157,0,0.3365092730596483,0,0.62,Simulated plotting data only; not real experimental results.
simulated_for_plotting_only,+PGA-Attention,√,×,1,sim_2_1_158,0,0.2479709515048637,0,0.62,Simulated plotting data only; not real experimental results.
simulated_for_plotting_only,+PGA-Attention,√,×,1,sim_2_1_159,0,0.4679275996746006,0,0.62,Simulated plotting data only; not real experimental results.
simulated_for_plotting_only,+PGA-Attention,√,×,1,sim_2_1_160,1,0.8692419319731478,1,0.62,Simulated plotting data only; not real experimental results.
simulated_for_plotting_only,+PGA-Attention,√,×,1,sim_2_1_161,1,0.4543995945044715,0,0.62,Simulated plotting data only; not real experimental results.
simulated_for_plotting_only,+PGA-Attention,√,×,1,sim_2_1_162,1,0.767769311932739,1,0.62,Simulated plotting data only; not real experimental results.
simulated_for_plotting_only,+PGA-Attention,√,×,1,sim_2_1_163,0,0.518463368400421,0,0.62,Simulated plotting data only; not real experimental results.
simulated_for_plotting_only,+PGA-Attention,√,×,1,sim_2_1_164,0,0.659475261690624,1,0.62,Simulated plotting data only; not real experimental results.
simulated_for_plotting_only,+PGA-Attention,√,×,1,sim_2_1_165,0,0.5963080503073706,0,0.62,Simulated plotting data only; not real experimental results.
simulated_for_plotting_only,+PGA-Attention,√,×,1,sim_2_1_166,1,0.810752173009547,1,0.62,Simulated plotting data only; not real experimental results.
simulated_for_plotting_only,+PGA-Attention,√,×,1,sim_2_1_167,0,0.6362390044866418,1,0.62,Simulated plotting data only; not real experimental results.
simulated_for_plotting_only,+PGA-Attention,√,×,1,sim_2_1_168,0,0.7595136007280825,1,0.62,Simulated plotting data only; not real experimental results.
simulated_for_plotting_only,+PGA-Attention,√,×,1,sim_2_1_169,1,0.8328932231702323,1,0.62,Simulated plotting data only; not real experimental results.
simulated_for_plotting_only,+PGA-Attention,√,×,1,sim_2_1_170,0,0.770287286316215,1,0.62,Simulated plotting data only; not real experimental results.
simulated_for_plotting_only,+PGA-Attention,√,×,1,sim_2_1_171,0,0.8659229069766766,1,0.62,Simulated plotting data only; not real experimental results.
simulated_for_plotting_only,+PGA-Attention,√,×,1,sim_2_1_172,0,0.3914643084521146,0,0.62,Simulated plotting data only; not real experimental results.
simulated_for_plotting_only,+PGA-Attention,√,×,1,sim_2_1_173,0,0.4501767330350556,0,0.62,Simulated plotting data only; not real experimental results.
simulated_for_plotting_only,+PGA-Attention,√,×,1,sim_2_1_174,0,0.4792503889812056,0,0.62,Simulated plotting data only; not real experimental results.
simulated_for_plotting_only,+PGA-Attention,√,×,1,sim_2_1_175,0,0.2394124611519554,0,0.62,Simulated plotting data only; not real experimental results.
simulated_for_plotting_only,+PGA-Attention,√,×,1,sim_2_1_176,0,0.1893054418840694,0,0.62,Simulated plotting data only; not real experimental results.
simulated_for_plotting_only,+PGA-Attention,√,×,1,sim_2_1_177,0,0.4940511357491851,0,0.62,Simulated plotting data only; not real experimental results.
simulated_for_plotting_only,+PGA-Attention,√,×,1,sim_2_1_178,0,0.5826198066173318,0,0.62,Simulated plotting data only; not real experimental results.
simulated_for_plotting_only,+PGA-Attention,√,×,1,sim_2_1_179,0,0.2311097952464127,0,0.62,Simulated plotting data only; not real experimental results.
simulated_for_plotting_only,+PGA-Attention,√,×,1,sim_2_1_180,0,0.4831407699607576,0,0.62,Simulated plotting data only; not real experimental results.
simulated_for_plotting_only,+PGA-Attention,√,×,1,sim_2_1_181,1,0.5933864573225682,0,0.62,Simulated plotting data only; not real experimental results.
simulated_for_plotting_only,+PGA-Attention,√,×,1,sim_2_1_182,0,0.2870483055658541,0,0.62,Simulated plotting data only; not real experimental results.
simulated_for_plotting_only,+PGA-Attention,√,×,1,sim_2_1_183,0,0.2390438591543422,0,0.62,Simulated plotting data only; not real experimental results.
simulated_for_plotting_only,+PGA-Attention,√,×,2,sim_2_2_001,0,0.4089133078170208,0,0.52,Simulated plotting data only; not real experimental results.
simulated_for_plotting_only,+PGA-Attention,√,×,2,sim_2_2_002,0,0.4892335224494589,0,0.52,Simulated plotting data only; not real experimental results.
simulated_for_plotting_only,+PGA-Attention,√,×,2,sim_2_2_003,1,0.9883505193658292,1,0.52,Simulated plotting data only; not real experimental results.
simulated_for_plotting_only,+PGA-Attention,√,×,2,sim_2_2_004,1,0.9698340774564588,1,0.52,Simulated plotting data only; not real experimental results.
simulated_for_plotting_only,+PGA-Attention,√,×,2,sim_2_2_005,0,0.3612247949486083,0,0.52,Simulated plotting data only; not real experimental results.
simulated_for_plotting_only,+PGA-Attention,√,×,2,sim_2_2_006,0,0.4290874495731649,0,0.52,Simulated plotting data only; not real experimental results.
simulated_for_plotting_only,+PGA-Attention,√,×,2,sim_2_2_007,1,0.7183868724414705,1,0.52,Simulated plotting data only; not real experimental results.
simulated_for_plotting_only,+PGA-Attention,√,×,2,sim_2_2_008,0,0.8393849197799048,1,0.52,Simulated plotting data only; not real experimental results.
simulated_for_plotting_only,+PGA-Attention,√,×,2,sim_2_2_009,1,0.7595532479922704,1,0.52,Simulated plotting data only; not real experimental results.
simulated_for_plotting_only,+PGA-Attention,√,×,2,sim_2_2_010,0,0.5892729600450293,1,0.52,Simulated plotting data only; not real experimental results.
simulated_for_plotting_only,+PGA-Attention,√,×,2,sim_2_2_011,0,0.4931154316561004,0,0.52,Simulated plotting data only; not real experimental results.
simulated_for_plotting_only,+PGA-Attention,√,×,2,sim_2_2_012,0,0.7844947881484396,1,0.52,Simulated plotting data only; not real experimental results.
simulated_for_plotting_only,+PGA-Attention,√,×,2,sim_2_2_013,0,0.767336981513081,1,0.52,Simulated plotting data only; not real experimental results.
simulated_for_plotting_only,+PGA-Attention,√,×,2,sim_2_2_014,0,0.3296622419074493,0,0.52,Simulated plotting data only; not real experimental results.
simulated_for_plotting_only,+PGA-Attention,√,×,2,sim_2_2_015,0,0.6156723146812626,1,0.52,Simulated plotting data only; not real experimental results.
simulated_for_plotting_only,+PGA-Attention,√,×,2,sim_2_2_016,1,0.7534177551271236,1,0.52,Simulated plotting data only; not real experimental results.
simulated_for_plotting_only,+PGA-Attention,√,×,2,sim_2_2_017,1,0.9679524160154472,1,0.52,Simulated plotting data only; not real experimental results.
simulated_for_plotting_only,+PGA-Attention,√,×,2,sim_2_2_018,0,0.255596193271136,0,0.52,Simulated plotting data only; not real experimental results.
simulated_for_plotting_only,+PGA-Attention,√,×,2,sim_2_2_019,0,0.2517788552454842,0,0.52,Simulated plotting data only; not real experimental results.
simulated_for_plotting_only,+PGA-Attention,√,×,2,sim_2_2_020,0,0.1850290667234073,0,0.52,Simulated plotting data only; not real experimental results.
simulated_for_plotting_only,+PGA-Attention,√,×,2,sim_2_2_021,0,0.2927790394817082,0,0.52,Simulated plotting data only; not real experimental results.
simulated_for_plotting_only,+PGA-Attention,√,×,2,sim_2_2_022,0,0.5308063511060127,1,0.52,Simulated plotting data only; not real experimental results.
simulated_for_plotting_only,+PGA-Attention,√,×,2,sim_2_2_023,0,0.4904985708775045,0,0.52,Simulated plotting data only; not real experimental results.
simulated_for_plotting_only,+PGA-Attention,√,×,2,sim_2_2_024,0,0.7574123853609112,1,0.52,Simulated plotting data only; not real experimental results.
simulated_for_plotting_only,+PGA-Attention,√,×,2,sim_2_2_025,0,0.3219962430204652,0,0.52,Simulated plotting data only; not real experimental results.
simulated_for_plotting_only,+PGA-Attention,√,×,2,sim_2_2_026,0,0.3902252674132028,0,0.52,Simulated plotting data only; not real experimental results.
simulated_for_plotting_only,+PGA-Attention,√,×,2,sim_2_2_027,0,0.4112406530193853,0,0.52,Simulated plotting data only; not real experimental results.
simulated_for_plotting_only,+PGA-Attention,√,×,2,sim_2_2_028,0,0.5430356770811511,1,0.52,Simulated plotting data only; not real experimental results.
simulated_for_plotting_only,+PGA-Attention,√,×,2,sim_2_2_029,0,0.6304764647768029,1,0.52,Simulated plotting data only; not real experimental results.
simulated_for_plotting_only,+PGA-Attention,√,×,2,sim_2_2_030,0,0.9137598225158629,1,0.52,Simulated plotting data only; not real experimental results.
simulated_for_plotting_only,+PGA-Attention,√,×,2,sim_2_2_031,0,0.7496436370858226,1,0.52,Simulated plotting data only; not real experimental results.
simulated_for_plotting_only,+PGA-Attention,√,×,2,sim_2_2_032,0,0.1442053205906249,0,0.52,Simulated plotting data only; not real experimental results.
simulated_for_plotting_only,+PGA-Attention,√,×,2,sim_2_2_033,1,0.6716134923793403,1,0.52,Simulated plotting data only; not real experimental results.
simulated_for_plotting_only,+PGA-Attention,√,×,2,sim_2_2_034,0,0.3315831717208063,0,0.52,Simulated plotting data only; not real experimental results.
simulated_for_plotting_only,+PGA-Attention,√,×,2,sim_2_2_035,0,0.412197373994505,0,0.52,Simulated plotting data only; not real experimental results.
simulated_for_plotting_only,+PGA-Attention,√,×,2,sim_2_2_036,0,0.7486134830326615,1,0.52,Simulated plotting data only; not real experimental results.
simulated_for_plotting_only,+PGA-Attention,√,×,2,sim_2_2_037,1,0.7896630218917567,1,0.52,Simulated plotting data only; not real experimental results.
simulated_for_plotting_only,+PGA-Attention,√,×,2,sim_2_2_038,0,0.3243847944497421,0,0.52,Simulated plotting data only; not real experimental results.
simulated_for_plotting_only,+PGA-Attention,√,×,2,sim_2_2_039,0,0.0534969763450986,0,0.52,Simulated plotting data only; not real experimental results.
simulated_for_plotting_only,+PGA-Attention,√,×,2,sim_2_2_040,0,0.6873798536945226,1,0.52,Simulated plotting data only; not real experimental results.
simulated_for_plotting_only,+PGA-Attention,√,×,2,sim_2_2_041,1,0.8083242603996672,1,0.52,Simulated plotting data only; not real experimental results.
simulated_for_plotting_only,+PGA-Attention,√,×,2,sim_2_2_042,1,0.9165199207746922,1,0.52,Simulated plotting data only; not real experimental results.
simulated_for_plotting_only,+PGA-Attention,√,×,2,sim_2_2_043,0,0.1249464062267362,0,0.52,Simulated plotting data only; not real experimental results.
simulated_for_plotting_only,+PGA-Attention,√,×,2,sim_2_2_044,1,0.4662818641044817,0,0.52,Simulated plotting data only; not real experimental results.
simulated_for_plotting_only,+PGA-Attention,√,×,2,sim_2_2_045,0,0.4898699792545777,0,0.52,Simulated plotting data only; not real experimental results.
simulated_for_plotting_only,+PGA-Attention,√,×,2,sim_2_2_046,0,0.688847997429236,1,0.52,Simulated plotting data only; not real experimental results.
simulated_for_plotting_only,+PGA-Attention,√,×,2,sim_2_2_047,0,0.8606800989270329,1,0.52,Simulated plotting data only; not real experimental results.
simulated_for_plotting_only,+PGA-Attention,√,×,2,sim_2_2_048,0,0.6704642094221286,1,0.52,Simulated plotting data only; not real experimental results.
simulated_for_plotting_only,+PGA-Attention,√,×,2,sim_2_2_049,0,0.3898066917438769,0,0.52,Simulated plotting data only; not real experimental results.
simulated_for_plotting_only,+PGA-Attention,√,×,2,sim_2_2_050,0,0.5505390060570765,1,0.52,Simulated plotting data only; not real experimental results.
simulated_for_plotting_only,+PGA-Attention,√,×,2,sim_2_2_051,0,0.477283348536395,0,0.52,Simulated plotting data only; not real experimental results.
simulated_for_plotting_only,+PGA-Attention,√,×,2,sim_2_2_052,1,0.6890521488710363,1,0.52,Simulated plotting data only; not real experimental results.
simulated_for_plotting_only,+PGA-Attention,√,×,2,sim_2_2_053,1,0.934529137970846,1,0.52,Simulated plotting data only; not real experimental results.
simulated_for_plotting_only,+PGA-Attention,√,×,2,sim_2_2_054,0,0.403318202703499,0,0.52,Simulated plotting data only; not real experimental results.
simulated_for_plotting_only,+PGA-Attention,√,×,2,sim_2_2_055,0,0.8089194480337084,1,0.52,Simulated plotting data only; not real experimental results.
simulated_for_plotting_only,+PGA-Attention,√,×,2,sim_2_2_056,1,0.9165345201329608,1,0.52,Simulated plotting data only; not real experimental results.
simulated_for_plotting_only,+PGA-Attention,√,×,2,sim_2_2_057,0,0.4883596040452407,0,0.52,Simulated plotting data only; not real experimental results.
simulated_for_plotting_only,+PGA-Attention,√,×,2,sim_2_2_058,1,0.9067984872446648,1,0.52,Simulated plotting data only; not real experimental results.
simulated_for_plotting_only,+PGA-Attention,√,×,2,sim_2_2_059,0,0.4604023891622326,0,0.52,Simulated plotting data only; not real experimental results.
simulated_for_plotting_only,+PGA-Attention,√,×,2,sim_2_2_060,0,0.5444487575588325,1,0.52,Simulated plotting data only; not real experimental results.
simulated_for_plotting_only,+PGA-Attention,√,×,2,sim_2_2_061,1,0.8250942002013899,1,0.52,Simulated plotting data only; not real experimental results.
simulated_for_plotting_only,+PGA-Attention,√,×,2,sim_2_2_062,0,0.5914893421550231,1,0.52,Simulated plotting data only; not real experimental results.
simulated_for_plotting_only,+PGA-Attention,√,×,2,sim_2_2_063,1,0.9446546197420528,1,0.52,Simulated plotting data only; not real experimental results.
simulated_for_plotting_only,+PGA-Attention,√,×,2,sim_2_2_064,0,0.7165620903278207,1,0.52,Simulated plotting data only; not real experimental results.
simulated_for_plotting_only,+PGA-Attention,√,×,2,sim_2_2_065,1,0.3527142022694485,0,0.52,Simulated plotting data only; not real experimental results.
simulated_for_plotting_only,+PGA-Attention,√,×,2,sim_2_2_066,0,0.8219705102109607,1,0.52,Simulated plotting data only; not real experimental results.
simulated_for_plotting_only,+PGA-Attention,√,×,2,sim_2_2_067,0,0.5186080666803761,0,0.52,Simulated plotting data only; not real experimental results.
simulated_for_plotting_only,+PGA-Attention,√,×,2,sim_2_2_068,0,0.2683642326023846,0,0.52,Simulated plotting data only; not real experimental results.
simulated_for_plotting_only,+PGA-Attention,√,×,2,sim_2_2_069,0,0.5510084121153505,1,0.52,Simulated plotting data only; not real experimental results.
simulated_for_plotting_only,+PGA-Attention,√,×,2,sim_2_2_070,0,0.5582756296928016,1,0.52,Simulated plotting data only; not real experimental results.
simulated_for_plotting_only,+PGA-Attention,√,×,2,sim_2_2_071,0,0.4287606654513606,0,0.52,Simulated plotting data only; not real experimental results.
simulated_for_plotting_only,+PGA-Attention,√,×,2,sim_2_2_072,0,0.4306290837886355,0,0.52,Simulated plotting data only; not real experimental results.
simulated_for_plotting_only,+PGA-Attention,√,×,2,sim_2_2_073,1,0.8979961081047545,1,0.52,Simulated plotting data only; not real experimental results.
simulated_for_plotting_only,+PGA-Attention,√,×,2,sim_2_2_074,0,0.6521534651574005,1,0.52,Simulated plotting data only; not real experimental results.
simulated_for_plotting_only,+PGA-Attention,√,×,2,sim_2_2_075,0,0.3886039019200654,0,0.52,Simulated plotting data only; not real experimental results.
simulated_for_plotting_only,+PGA-Attention,√,×,2,sim_2_2_076,0,0.4750478612650256,0,0.52,Simulated plotting data only; not real experimental results.
simulated_for_plotting_only,+PGA-Attention,√,×,2,sim_2_2_077,0,0.2722525971075351,0,0.52,Simulated plotting data only; not real experimental results.
simulated_for_plotting_only,+PGA-Attention,√,×,2,sim_2_2_078,1,0.8625486461302398,1,0.52,Simulated plotting data only; not real experimental results.
simulated_for_plotting_only,+PGA-Attention,√,×,2,sim_2_2_079,1,0.9274126296609662,1,0.52,Simulated plotting data only; not real experimental results.
simulated_for_plotting_only,+PGA-Attention,√,×,2,sim_2_2_080,1,0.7406351414032227,1,0.52,Simulated plotting data only; not real experimental results.
simulated_for_plotting_only,+PGA-Attention,√,×,2,sim_2_2_081,1,0.9075494686670578,1,0.52,Simulated plotting data only; not real experimental results.
simulated_for_plotting_only,+PGA-Attention,√,×,2,sim_2_2_082,0,0.3964911370148286,0,0.52,Simulated plotting data only; not real experimental results.
simulated_for_plotting_only,+PGA-Attention,√,×,2,sim_2_2_083,1,0.4040522617119955,0,0.52,Simulated plotting data only; not real experimental results.
simulated_for_plotting_only,+PGA-Attention,√,×,2,sim_2_2_084,0,0.6387781658774837,1,0.52,Simulated plotting data only; not real experimental results.
simulated_for_plotting_only,+PGA-Attention,√,×,2,sim_2_2_085,0,0.5197404666996955,0,0.52,Simulated plotting data only; not real experimental results.
simulated_for_plotting_only,+PGA-Attention,√,×,2,sim_2_2_086,0,0.3858238979553395,0,0.52,Simulated plotting data only; not real experimental results.
simulated_for_plotting_only,+PGA-Attention,√,×,2,sim_2_2_087,1,0.8348814685767832,1,0.52,Simulated plotting data only; not real experimental results.
simulated_for_plotting_only,+PGA-Attention,√,×,2,sim_2_2_088,0,0.2422477092556409,0,0.52,Simulated plotting data only; not real experimental results.
simulated_for_plotting_only,+PGA-Attention,√,×,2,sim_2_2_089,0,0.1338874856243774,0,0.52,Simulated plotting data only; not real experimental results.
simulated_for_plotting_only,+PGA-Attention,√,×,2,sim_2_2_090,0,0.4506044161720351,0,0.52,Simulated plotting data only; not real experimental results.
simulated_for_plotting_only,+PGA-Attention,√,×,2,sim_2_2_091,0,0.8087977122199761,1,0.52,Simulated plotting data only; not real experimental results.
simulated_for_plotting_only,+PGA-Attention,√,×,2,sim_2_2_092,0,0.4203652495612883,0,0.52,Simulated plotting data only; not real experimental results.
simulated_for_plotting_only,+PGA-Attention,√,×,2,sim_2_2_093,1,0.6554690239532279,1,0.52,Simulated plotting data only; not real experimental results.
simulated_for_plotting_only,+PGA-Attention,√,×,2,sim_2_2_094,0,0.3526812223090422,0,0.52,Simulated plotting data only; not real experimental results.
simulated_for_plotting_only,+PGA-Attention,√,×,2,sim_2_2_095,0,0.576203744659016,1,0.52,Simulated plotting data only; not real experimental results.
simulated_for_plotting_only,+PGA-Attention,√,×,2,sim_2_2_096,1,0.8063965697841984,1,0.52,Simulated plotting data only; not real experimental results.
simulated_for_plotting_only,+PGA-Attention,√,×,2,sim_2_2_097,1,0.5225960613668942,1,0.52,Simulated plotting data only; not real experimental results.
simulated_for_plotting_only,+PGA-Attention,√,×,2,sim_2_2_098,0,0.7480152817942224,1,0.52,Simulated plotting data only; not real experimental results.
simulated_for_plotting_only,+PGA-Attention,√,×,2,sim_2_2_099,1,0.9286272829484404,1,0.52,Simulated plotting data only; not real experimental results.
simulated_for_plotting_only,+PGA-Attention,√,×,2,sim_2_2_100,1,0.9140964380471364,1,0.52,Simulated plotting data only; not real experimental results.
simulated_for_plotting_only,+PGA-Attention,√,×,2,sim_2_2_101,0,0.8006721513438994,1,0.52,Simulated plotting data only; not real experimental results.
simulated_for_plotting_only,+PGA-Attention,√,×,2,sim_2_2_102,0,0.749687392719477,1,0.52,Simulated plotting data only; not real experimental results.
simulated_for_plotting_only,+PGA-Attention,√,×,2,sim_2_2_103,0,0.5496846564304659,1,0.52,Simulated plotting data only; not real experimental results.
simulated_for_plotting_only,+PGA-Attention,√,×,2,sim_2_2_104,1,0.717855747009757,1,0.52,Simulated plotting data only; not real experimental results.
simulated_for_plotting_only,+PGA-Attention,√,×,2,sim_2_2_105,0,0.3682583966641916,0,0.52,Simulated plotting data only; not real experimental results.
simulated_for_plotting_only,+PGA-Attention,√,×,2,sim_2_2_106,0,0.449368003653902,0,0.52,Simulated plotting data only; not real experimental results.
simulated_for_plotting_only,+PGA-Attention,√,×,2,sim_2_2_107,0,0.9061405054190786,1,0.52,Simulated plotting data only; not real experimental results.
simulated_for_plotting_only,+PGA-Attention,√,×,2,sim_2_2_108,0,0.4415080069477241,0,0.52,Simulated plotting data only; not real experimental results.
simulated_for_plotting_only,+PGA-Attention,√,×,2,sim_2_2_109,1,0.8690072897460871,1,0.52,Simulated plotting data only; not real experimental results.
simulated_for_plotting_only,+PGA-Attention,√,×,2,sim_2_2_110,1,0.9137605325780764,1,0.52,Simulated plotting data only; not real experimental results.
simulated_for_plotting_only,+PGA-Attention,√,×,2,sim_2_2_111,0,0.3096382131838704,0,0.52,Simulated plotting data only; not real experimental results.
simulated_for_plotting_only,+PGA-Attention,√,×,2,sim_2_2_112,0,0.5583395728834624,1,0.52,Simulated plotting data only; not real experimental results.
simulated_for_plotting_only,+PGA-Attention,√,×,2,sim_2_2_113,0,0.7795129160352378,1,0.52,Simulated plotting data only; not real experimental results.
simulated_for_plotting_only,+PGA-Attention,√,×,2,sim_2_2_114,0,0.4724129856171574,0,0.52,Simulated plotting data only; not real experimental results.
simulated_for_plotting_only,+PGA-Attention,√,×,2,sim_2_2_115,0,0.8381225494620959,1,0.52,Simulated plotting data only; not real experimental results.
simulated_for_plotting_only,+PGA-Attention,√,×,2,sim_2_2_116,1,0.5388766893637763,1,0.52,Simulated plotting data only; not real experimental results.
simulated_for_plotting_only,+PGA-Attention,√,×,2,sim_2_2_117,1,0.46940339532672,0,0.52,Simulated plotting data only; not real experimental results.
simulated_for_plotting_only,+PGA-Attention,√,×,2,sim_2_2_118,0,0.7058483228862342,1,0.52,Simulated plotting data only; not real experimental results.
simulated_for_plotting_only,+PGA-Attention,√,×,2,sim_2_2_119,1,0.8266699086627746,1,0.52,Simulated plotting data only; not real experimental results.
simulated_for_plotting_only,+PGA-Attention,√,×,2,sim_2_2_120,1,0.5883386374199552,1,0.52,Simulated plotting data only; not real experimental results.
simulated_for_plotting_only,+PGA-Attention,√,×,2,sim_2_2_121,0,0.852662824038627,1,0.52,Simulated plotting data only; not real experimental results.
simulated_for_plotting_only,+PGA-Attention,√,×,2,sim_2_2_122,1,0.968002534396569,1,0.52,Simulated plotting data only; not real experimental results.
simulated_for_plotting_only,+PGA-Attention,√,×,2,sim_2_2_123,0,0.5942362525998452,1,0.52,Simulated plotting data only; not real experimental results.
simulated_for_plotting_only,+PGA-Attention,√,×,2,sim_2_2_124,0,0.2110571886976972,0,0.52,Simulated plotting data only; not real experimental results.
simulated_for_plotting_only,+PGA-Attention,√,×,2,sim_2_2_125,0,0.3392313591704833,0,0.52,Simulated plotting data only; not real experimental results.
simulated_for_plotting_only,+PGA-Attention,√,×,2,sim_2_2_126,0,0.8099609872768768,1,0.52,Simulated plotting data only; not real experimental results.
simulated_for_plotting_only,+PGA-Attention,√,×,2,sim_2_2_127,0,0.6457193226042941,1,0.52,Simulated plotting data only; not real experimental results.
simulated_for_plotting_only,+PGA-Attention,√,×,2,sim_2_2_128,1,0.7739584916838115,1,0.52,Simulated plotting data only; not real experimental results.
simulated_for_plotting_only,+PGA-Attention,√,×,2,sim_2_2_129,0,0.7252255133956369,1,0.52,Simulated plotting data only; not real experimental results.
simulated_for_plotting_only,+PGA-Attention,√,×,2,sim_2_2_130,1,0.9648465307634518,1,0.52,Simulated plotting data only; not real experimental results.
simulated_for_plotting_only,+PGA-Attention,√,×,2,sim_2_2_131,1,0.992259963314801,1,0.52,Simulated plotting data only; not real experimental results.
simulated_for_plotting_only,+PGA-Attention,√,×,2,sim_2_2_132,1,0.6690311232329371,1,0.52,Simulated plotting data only; not real experimental results.
simulated_for_plotting_only,+PGA-Attention,√,×,2,sim_2_2_133,0,0.4063580734813019,0,0.52,Simulated plotting data only; not real experimental results.
simulated_for_plotting_only,+PGA-Attention,√,×,2,sim_2_2_134,1,0.8198468507970801,1,0.52,Simulated plotting data only; not real experimental results.
simulated_for_plotting_only,+PGA-Attention,√,×,2,sim_2_2_135,0,0.6589219734641286,1,0.52,Simulated plotting data only; not real experimental results.
simulated_for_plotting_only,+PGA-Attention,√,×,2,sim_2_2_136,0,0.2833487620053099,0,0.52,Simulated plotting data only; not real experimental results.
simulated_for_plotting_only,+PGA-Attention,√,×,2,sim_2_2_137,0,0.5445123094717064,1,0.52,Simulated plotting data only; not real experimental results.
simulated_for_plotting_only,+PGA-Attention,√,×,2,sim_2_2_138,1,0.8305790110163529,1,0.52,Simulated plotting data only; not real experimental results.
simulated_for_plotting_only,+PGA-Attention,√,×,2,sim_2_2_139,0,0.3307721151131778,0,0.52,Simulated plotting data only; not real experimental results.
simulated_for_plotting_only,+PGA-Attention,√,×,2,sim_2_2_140,0,0.5814398018973628,1,0.52,Simulated plotting data only; not real experimental results.
simulated_for_plotting_only,+PGA-Attention,√,×,2,sim_2_2_141,0,0.5752005276857695,1,0.52,Simulated plotting data only; not real experimental results.
simulated_for_plotting_only,+PGA-Attention,√,×,2,sim_2_2_142,1,0.5095825016469608,0,0.52,Simulated plotting data only; not real experimental results.
simulated_for_plotting_only,+PGA-Attention,√,×,2,sim_2_2_143,1,0.8631800052289619,1,0.52,Simulated plotting data only; not real experimental results.
simulated_for_plotting_only,+PGA-Attention,√,×,2,sim_2_2_144,0,0.8429102287371512,1,0.52,Simulated plotting data only; not real experimental results.
simulated_for_plotting_only,+PGA-Attention,√,×,2,sim_2_2_145,0,0.2981976660005951,0,0.52,Simulated plotting data only; not real experimental results.
simulated_for_plotting_only,+PGA-Attention,√,×,2,sim_2_2_146,0,0.6654665104723143,1,0.52,Simulated plotting data only; not real experimental results.
simulated_for_plotting_only,+PGA-Attention,√,×,2,sim_2_2_147,0,0.7084457196264313,1,0.52,Simulated plotting data only; not real experimental results.
simulated_for_plotting_only,+PGA-Attention,√,×,2,sim_2_2_148,0,0.4099545421840166,0,0.52,Simulated plotting data only; not real experimental results.
simulated_for_plotting_only,+PGA-Attention,√,×,2,sim_2_2_149,1,0.8056701412153614,1,0.52,Simulated plotting data only; not real experimental results.
simulated_for_plotting_only,+PGA-Attention,√,×,2,sim_2_2_150,0,0.3231483494738036,0,0.52,Simulated plotting data only; not real experimental results.
simulated_for_plotting_only,+PGA-Attention,√,×,2,sim_2_2_151,0,0.5027707866430766,0,0.52,Simulated plotting data only; not real experimental results.
simulated_for_plotting_only,+PGA-Attention,√,×,2,sim_2_2_152,0,0.4466388749786324,0,0.52,Simulated plotting data only; not real experimental results.
simulated_for_plotting_only,+PGA-Attention,√,×,2,sim_2_2_153,1,0.7712673643957243,1,0.52,Simulated plotting data only; not real experimental results.
simulated_for_plotting_only,+PGA-Attention,√,×,2,sim_2_2_154,0,0.6530113256588855,1,0.52,Simulated plotting data only; not real experimental results.
simulated_for_plotting_only,+PGA-Attention,√,×,2,sim_2_2_155,0,0.1908032538280896,0,0.52,Simulated plotting data only; not real experimental results.
simulated_for_plotting_only,+PGA-Attention,√,×,2,sim_2_2_156,0,0.4382854235704685,0,0.52,Simulated plotting data only; not real experimental results.
simulated_for_plotting_only,+PGA-Attention,√,×,2,sim_2_2_157,0,0.6022532743731219,1,0.52,Simulated plotting data only; not real experimental results.
simulated_for_plotting_only,+PGA-Attention,√,×,2,sim_2_2_158,0,0.594854204080702,1,0.52,Simulated plotting data only; not real experimental results.
simulated_for_plotting_only,+PGA-Attention,√,×,2,sim_2_2_159,0,0.5111558005168981,0,0.52,Simulated plotting data only; not real experimental results.
simulated_for_plotting_only,+PGA-Attention,√,×,2,sim_2_2_160,0,0.2104527745094593,0,0.52,Simulated plotting data only; not real experimental results.
simulated_for_plotting_only,+PGA-Attention,√,×,2,sim_2_2_161,0,0.8186423874320726,1,0.52,Simulated plotting data only; not real experimental results.
simulated_for_plotting_only,+PGA-Attention,√,×,2,sim_2_2_162,0,0.3185988428343764,0,0.52,Simulated plotting data only; not real experimental results.
simulated_for_plotting_only,+PGA-Attention,√,×,2,sim_2_2_163,0,0.509779945847214,0,0.52,Simulated plotting data only; not real experimental results.
simulated_for_plotting_only,+PGA-Attention,√,×,2,sim_2_2_164,0,0.4144863094714753,0,0.52,Simulated plotting data only; not real experimental results.
simulated_for_plotting_only,+PGA-Attention,√,×,2,sim_2_2_165,0,0.4958016271726923,0,0.52,Simulated plotting data only; not real experimental results.
simulated_for_plotting_only,+PGA-Attention,√,×,2,sim_2_2_166,0,0.8737662513936434,1,0.52,Simulated plotting data only; not real experimental results.
simulated_for_plotting_only,+PGA-Attention,√,×,2,sim_2_2_167,0,0.4009575930068715,0,0.52,Simulated plotting data only; not real experimental results.
simulated_for_plotting_only,+PGA-Attention,√,×,2,sim_2_2_168,1,0.6253958980319301,1,0.52,Simulated plotting data only; not real experimental results.
simulated_for_plotting_only,+PGA-Attention,√,×,2,sim_2_2_169,0,0.6824709649881193,1,0.52,Simulated plotting data only; not real experimental results.
simulated_for_plotting_only,+PGA-Attention,√,×,2,sim_2_2_170,1,0.8372010432409762,1,0.52,Simulated plotting data only; not real experimental results.
simulated_for_plotting_only,+PGA-Attention,√,×,2,sim_2_2_171,1,0.8685431871418483,1,0.52,Simulated plotting data only; not real experimental results.
simulated_for_plotting_only,+PGA-Attention,√,×,2,sim_2_2_172,0,0.6246720260758877,1,0.52,Simulated plotting data only; not real experimental results.
simulated_for_plotting_only,+PGA-Attention,√,×,2,sim_2_2_173,0,0.761456472028541,1,0.52,Simulated plotting data only; not real experimental results.
simulated_for_plotting_only,+PGA-Attention,√,×,2,sim_2_2_174,0,0.324812879015841,0,0.52,Simulated plotting data only; not real experimental results.
simulated_for_plotting_only,+PGA-Attention,√,×,2,sim_2_2_175,0,0.6928312332359025,1,0.52,Simulated plotting data only; not real experimental results.
simulated_for_plotting_only,+PGA-Attention,√,×,2,sim_2_2_176,0,0.2346384461254868,0,0.52,Simulated plotting data only; not real experimental results.
simulated_for_plotting_only,+PGA-Attention,√,×,2,sim_2_2_177,0,0.4450122221947558,0,0.52,Simulated plotting data only; not real experimental results.
simulated_for_plotting_only,+PGA-Attention,√,×,2,sim_2_2_178,0,0.9134764175232276,1,0.52,Simulated plotting data only; not real experimental results.
simulated_for_plotting_only,+PGA-Attention,√,×,2,sim_2_2_179,0,0.4803379485018452,0,0.52,Simulated plotting data only; not real experimental results.
simulated_for_plotting_only,+PGA-Attention,√,×,2,sim_2_2_180,0,0.4936782780174098,0,0.52,Simulated plotting data only; not real experimental results.
simulated_for_plotting_only,+PGA-Attention,√,×,2,sim_2_2_181,1,0.9636190173702652,1,0.52,Simulated plotting data only; not real experimental results.
simulated_for_plotting_only,+PGA-Attention,√,×,2,sim_2_2_182,0,0.9194663676372736,1,0.52,Simulated plotting data only; not real experimental results.
simulated_for_plotting_only,+PGA-Attention,√,×,2,sim_2_2_183,1,0.9754045687885406,1,0.52,Simulated plotting data only; not real experimental results.
simulated_for_plotting_only,+PGA-Attention,√,×,3,sim_2_3_001,1,0.895430586143677,1,0.61,Simulated plotting data only; not real experimental results.
simulated_for_plotting_only,+PGA-Attention,√,×,3,sim_2_3_002,0,0.2495724997074771,0,0.61,Simulated plotting data only; not real experimental results.
simulated_for_plotting_only,+PGA-Attention,√,×,3,sim_2_3_003,0,0.8316934934088436,1,0.61,Simulated plotting data only; not real experimental results.
simulated_for_plotting_only,+PGA-Attention,√,×,3,sim_2_3_004,0,0.3681484380712302,0,0.61,Simulated plotting data only; not real experimental results.
simulated_for_plotting_only,+PGA-Attention,√,×,3,sim_2_3_005,0,0.2830340096924629,0,0.61,Simulated plotting data only; not real experimental results.
simulated_for_plotting_only,+PGA-Attention,√,×,3,sim_2_3_006,0,0.0980966148586501,0,0.61,Simulated plotting data only; not real experimental results.
simulated_for_plotting_only,+PGA-Attention,√,×,3,sim_2_3_007,0,0.1581239341409584,0,0.61,Simulated plotting data only; not real experimental results.
simulated_for_plotting_only,+PGA-Attention,√,×,3,sim_2_3_008,0,0.3614611148587202,0,0.61,Simulated plotting data only; not real experimental results.
simulated_for_plotting_only,+PGA-Attention,√,×,3,sim_2_3_009,0,0.4188724984169112,0,0.61,Simulated plotting data only; not real experimental results.
simulated_for_plotting_only,+PGA-Attention,√,×,3,sim_2_3_010,0,0.7508510433637944,1,0.61,Simulated plotting data only; not real experimental results.
simulated_for_plotting_only,+PGA-Attention,√,×,3,sim_2_3_011,0,0.5401402188095059,0,0.61,Simulated plotting data only; not real experimental results.
simulated_for_plotting_only,+PGA-Attention,√,×,3,sim_2_3_012,1,0.9139183399838536,1,0.61,Simulated plotting data only; not real experimental results.
simulated_for_plotting_only,+PGA-Attention,√,×,3,sim_2_3_013,0,0.7401808946751879,1,0.61,Simulated plotting data only; not real experimental results.
simulated_for_plotting_only,+PGA-Attention,√,×,3,sim_2_3_014,0,0.3512808609461393,0,0.61,Simulated plotting data only; not real experimental results.
simulated_for_plotting_only,+PGA-Attention,√,×,3,sim_2_3_015,0,0.6141738573151344,1,0.61,Simulated plotting data only; not real experimental results.
simulated_for_plotting_only,+PGA-Attention,√,×,3,sim_2_3_016,0,0.7722872012174697,1,0.61,Simulated plotting data only; not real experimental results.
simulated_for_plotting_only,+PGA-Attention,√,×,3,sim_2_3_017,0,0.4132788965177513,0,0.61,Simulated plotting data only; not real experimental results.
simulated_for_plotting_only,+PGA-Attention,√,×,3,sim_2_3_018,0,0.3954918918282949,0,0.61,Simulated plotting data only; not real experimental results.
simulated_for_plotting_only,+PGA-Attention,√,×,3,sim_2_3_019,0,0.5254314954666044,0,0.61,Simulated plotting data only; not real experimental results.
simulated_for_plotting_only,+PGA-Attention,√,×,3,sim_2_3_020,1,0.6901987403154213,1,0.61,Simulated plotting data only; not real experimental results.
simulated_for_plotting_only,+PGA-Attention,√,×,3,sim_2_3_021,1,0.9207360816826056,1,0.61,Simulated plotting data only; not real experimental results.
simulated_for_plotting_only,+PGA-Attention,√,×,3,sim_2_3_022,1,0.8571279772680522,1,0.61,Simulated plotting data only; not real experimental results.
simulated_for_plotting_only,+PGA-Attention,√,×,3,sim_2_3_023,0,0.8386209915000044,1,0.61,Simulated plotting data only; not real experimental results.
simulated_for_plotting_only,+PGA-Attention,√,×,3,sim_2_3_024,0,0.3280743708194611,0,0.61,Simulated plotting data only; not real experimental results.
simulated_for_plotting_only,+PGA-Attention,√,×,3,sim_2_3_025,1,0.8054873676661295,1,0.61,Simulated plotting data only; not real experimental results.
simulated_for_plotting_only,+PGA-Attention,√,×,3,sim_2_3_026,0,0.4056575765634147,0,0.61,Simulated plotting data only; not real experimental results.
simulated_for_plotting_only,+PGA-Attention,√,×,3,sim_2_3_027,0,0.3702034843096633,0,0.61,Simulated plotting data only; not real experimental results.
simulated_for_plotting_only,+PGA-Attention,√,×,3,sim_2_3_028,0,0.56874351100276,0,0.61,Simulated plotting data only; not real experimental results.
simulated_for_plotting_only,+PGA-Attention,√,×,3,sim_2_3_029,1,0.759571867096587,1,0.61,Simulated plotting data only; not real experimental results.
simulated_for_plotting_only,+PGA-Attention,√,×,3,sim_2_3_030,0,0.803184005442088,1,0.61,Simulated plotting data only; not real experimental results.
simulated_for_plotting_only,+PGA-Attention,√,×,3,sim_2_3_031,0,0.5685004940438314,0,0.61,Simulated plotting data only; not real experimental results.
simulated_for_plotting_only,+PGA-Attention,√,×,3,sim_2_3_032,1,0.751875613266321,1,0.61,Simulated plotting data only; not real experimental results.
simulated_for_plotting_only,+PGA-Attention,√,×,3,sim_2_3_033,1,0.8989890102747817,1,0.61,Simulated plotting data only; not real experimental results.
simulated_for_plotting_only,+PGA-Attention,√,×,3,sim_2_3_034,0,0.4191966711884107,0,0.61,Simulated plotting data only; not real experimental results.
simulated_for_plotting_only,+PGA-Attention,√,×,3,sim_2_3_035,0,0.8533654800038203,1,0.61,Simulated plotting data only; not real experimental results.
simulated_for_plotting_only,+PGA-Attention,√,×,3,sim_2_3_036,1,0.911838808961679,1,0.61,Simulated plotting data only; not real experimental results.
simulated_for_plotting_only,+PGA-Attention,√,×,3,sim_2_3_037,0,0.6264596887087014,1,0.61,Simulated plotting data only; not real experimental results.
simulated_for_plotting_only,+PGA-Attention,√,×,3,sim_2_3_038,1,0.7461093784136273,1,0.61,Simulated plotting data only; not real experimental results.
simulated_for_plotting_only,+PGA-Attention,√,×,3,sim_2_3_039,0,0.3194318197324173,0,0.61,Simulated plotting data only; not real experimental results.
simulated_for_plotting_only,+PGA-Attention,√,×,3,sim_2_3_040,0,0.1929192116295726,0,0.61,Simulated plotting data only; not real experimental results.
simulated_for_plotting_only,+PGA-Attention,√,×,3,sim_2_3_041,1,0.9703838810826858,1,0.61,Simulated plotting data only; not real experimental results.
simulated_for_plotting_only,+PGA-Attention,√,×,3,sim_2_3_042,0,0.3603431265796498,0,0.61,Simulated plotting data only; not real experimental results.
simulated_for_plotting_only,+PGA-Attention,√,×,3,sim_2_3_043,1,0.9557431418511412,1,0.61,Simulated plotting data only; not real experimental results.
simulated_for_plotting_only,+PGA-Attention,√,×,3,sim_2_3_044,0,0.8079000805143016,1,0.61,Simulated plotting data only; not real experimental results.
simulated_for_plotting_only,+PGA-Attention,√,×,3,sim_2_3_045,0,0.4861900857281785,0,0.61,Simulated plotting data only; not real experimental results.
simulated_for_plotting_only,+PGA-Attention,√,×,3,sim_2_3_046,1,0.9590856959607406,1,0.61,Simulated plotting data only; not real experimental results.
simulated_for_plotting_only,+PGA-Attention,√,×,3,sim_2_3_047,0,0.3462332280386309,0,0.61,Simulated plotting data only; not real experimental results.
simulated_for_plotting_only,+PGA-Attention,√,×,3,sim_2_3_048,0,0.8727076976247348,1,0.61,Simulated plotting data only; not real experimental results.
simulated_for_plotting_only,+PGA-Attention,√,×,3,sim_2_3_049,0,0.3874092928272769,0,0.61,Simulated plotting data only; not real experimental results.
simulated_for_plotting_only,+PGA-Attention,√,×,3,sim_2_3_050,0,0.4745214779669551,0,0.61,Simulated plotting data only; not real experimental results.
simulated_for_plotting_only,+PGA-Attention,√,×,3,sim_2_3_051,0,0.5555913709959206,0,0.61,Simulated plotting data only; not real experimental results.
simulated_for_plotting_only,+PGA-Attention,√,×,3,sim_2_3_052,0,0.0640617538775106,0,0.61,Simulated plotting data only; not real experimental results.
simulated_for_plotting_only,+PGA-Attention,√,×,3,sim_2_3_053,0,0.2173724632215515,0,0.61,Simulated plotting data only; not real experimental results.
simulated_for_plotting_only,+PGA-Attention,√,×,3,sim_2_3_054,0,0.2316963831445079,0,0.61,Simulated plotting data only; not real experimental results.
simulated_for_plotting_only,+PGA-Attention,√,×,3,sim_2_3_055,0,0.6633945106389563,1,0.61,Simulated plotting data only; not real experimental results.
simulated_for_plotting_only,+PGA-Attention,√,×,3,sim_2_3_056,0,0.722263807755847,1,0.61,Simulated plotting data only; not real experimental results.
simulated_for_plotting_only,+PGA-Attention,√,×,3,sim_2_3_057,0,0.8106938604676402,1,0.61,Simulated plotting data only; not real experimental results.
simulated_for_plotting_only,+PGA-Attention,√,×,3,sim_2_3_058,0,0.76549951081842,1,0.61,Simulated plotting data only; not real experimental results.
simulated_for_plotting_only,+PGA-Attention,√,×,3,sim_2_3_059,0,0.7284233064707508,1,0.61,Simulated plotting data only; not real experimental results.
simulated_for_plotting_only,+PGA-Attention,√,×,3,sim_2_3_060,0,0.2402183318348043,0,0.61,Simulated plotting data only; not real experimental results.
simulated_for_plotting_only,+PGA-Attention,√,×,3,sim_2_3_061,1,0.815646258306848,1,0.61,Simulated plotting data only; not real experimental results.
simulated_for_plotting_only,+PGA-Attention,√,×,3,sim_2_3_062,0,0.4643285957150382,0,0.61,Simulated plotting data only; not real experimental results.
simulated_for_plotting_only,+PGA-Attention,√,×,3,sim_2_3_063,1,0.9701473690946648,1,0.61,Simulated plotting data only; not real experimental results.
simulated_for_plotting_only,+PGA-Attention,√,×,3,sim_2_3_064,1,0.8115625161440595,1,0.61,Simulated plotting data only; not real experimental results.
simulated_for_plotting_only,+PGA-Attention,√,×,3,sim_2_3_065,0,0.6813838582824131,1,0.61,Simulated plotting data only; not real experimental results.
simulated_for_plotting_only,+PGA-Attention,√,×,3,sim_2_3_066,0,0.4120904981680006,0,0.61,Simulated plotting data only; not real experimental results.
simulated_for_plotting_only,+PGA-Attention,√,×,3,sim_2_3_067,1,0.9619200677454348,1,0.61,Simulated plotting data only; not real experimental results.
simulated_for_plotting_only,+PGA-Attention,√,×,3,sim_2_3_068,1,0.7996340883435304,1,0.61,Simulated plotting data only; not real experimental results.
simulated_for_plotting_only,+PGA-Attention,√,×,3,sim_2_3_069,0,0.9430580522734456,1,0.61,Simulated plotting data only; not real experimental results.
simulated_for_plotting_only,+PGA-Attention,√,×,3,sim_2_3_070,0,0.5061797440381609,0,0.61,Simulated plotting data only; not real experimental results.
simulated_for_plotting_only,+PGA-Attention,√,×,3,sim_2_3_071,0,0.6720596511239856,1,0.61,Simulated plotting data only; not real experimental results.
simulated_for_plotting_only,+PGA-Attention,√,×,3,sim_2_3_072,0,0.4044520445307946,0,0.61,Simulated plotting data only; not real experimental results.
simulated_for_plotting_only,+PGA-Attention,√,×,3,sim_2_3_073,0,0.8795018554086621,1,0.61,Simulated plotting data only; not real experimental results.
simulated_for_plotting_only,+PGA-Attention,√,×,3,sim_2_3_074,0,0.2902144086095369,0,0.61,Simulated plotting data only; not real experimental results.
simulated_for_plotting_only,+PGA-Attention,√,×,3,sim_2_3_075,1,0.9013634620933376,1,0.61,Simulated plotting data only; not real experimental results.
simulated_for_plotting_only,+PGA-Attention,√,×,3,sim_2_3_076,0,0.3107659408529055,0,0.61,Simulated plotting data only; not real experimental results.
simulated_for_plotting_only,+PGA-Attention,√,×,3,sim_2_3_077,0,0.5220220607864041,0,0.61,Simulated plotting data only; not real experimental results.
simulated_for_plotting_only,+PGA-Attention,√,×,3,sim_2_3_078,0,0.0801168051797461,0,0.61,Simulated plotting data only; not real experimental results.
simulated_for_plotting_only,+PGA-Attention,√,×,3,sim_2_3_079,1,0.3555337062387961,0,0.61,Simulated plotting data only; not real experimental results.
simulated_for_plotting_only,+PGA-Attention,√,×,3,sim_2_3_080,1,0.5633161757386693,0,0.61,Simulated plotting data only; not real experimental results.
simulated_for_plotting_only,+PGA-Attention,√,×,3,sim_2_3_081,0,0.6326640992942804,1,0.61,Simulated plotting data only; not real experimental results.
simulated_for_plotting_only,+PGA-Attention,√,×,3,sim_2_3_082,0,0.1659534818643993,0,0.61,Simulated plotting data only; not real experimental results.
simulated_for_plotting_only,+PGA-Attention,√,×,3,sim_2_3_083,0,0.7284980697374251,1,0.61,Simulated plotting data only; not real experimental results.
simulated_for_plotting_only,+PGA-Attention,√,×,3,sim_2_3_084,0,0.5305543591684754,0,0.61,Simulated plotting data only; not real experimental results.
simulated_for_plotting_only,+PGA-Attention,√,×,3,sim_2_3_085,0,0.6955012948918599,1,0.61,Simulated plotting data only; not real experimental results.
simulated_for_plotting_only,+PGA-Attention,√,×,3,sim_2_3_086,0,0.6111369204727185,1,0.61,Simulated plotting data only; not real experimental results.
simulated_for_plotting_only,+PGA-Attention,√,×,3,sim_2_3_087,1,0.2411278434060946,0,0.61,Simulated plotting data only; not real experimental results.
simulated_for_plotting_only,+PGA-Attention,√,×,3,sim_2_3_088,0,0.6064031295707456,0,0.61,Simulated plotting data only; not real experimental results.
simulated_for_plotting_only,+PGA-Attention,√,×,3,sim_2_3_089,0,0.6768708563356766,1,0.61,Simulated plotting data only; not real experimental results.
simulated_for_plotting_only,+PGA-Attention,√,×,3,sim_2_3_090,0,0.6610625300327448,1,0.61,Simulated plotting data only; not real experimental results.
simulated_for_plotting_only,+PGA-Attention,√,×,3,sim_2_3_091,0,0.6429413597404403,1,0.61,Simulated plotting data only; not real experimental results.
simulated_for_plotting_only,+PGA-Attention,√,×,3,sim_2_3_092,1,0.8921101372135489,1,0.61,Simulated plotting data only; not real experimental results.
simulated_for_plotting_only,+PGA-Attention,√,×,3,sim_2_3_093,0,0.5151520806392378,0,0.61,Simulated plotting data only; not real experimental results.
simulated_for_plotting_only,+PGA-Attention,√,×,3,sim_2_3_094,0,0.6818544204185352,1,0.61,Simulated plotting data only; not real experimental results.
simulated_for_plotting_only,+PGA-Attention,√,×,3,sim_2_3_095,0,0.833696468529597,1,0.61,Simulated plotting data only; not real experimental results.
simulated_for_plotting_only,+PGA-Attention,√,×,3,sim_2_3_096,1,0.3412376514302576,0,0.61,Simulated plotting data only; not real experimental results.
simulated_for_plotting_only,+PGA-Attention,√,×,3,sim_2_3_097,1,0.8364038889090784,1,0.61,Simulated plotting data only; not real experimental results.
simulated_for_plotting_only,+PGA-Attention,√,×,3,sim_2_3_098,1,0.8008019651434566,1,0.61,Simulated plotting data only; not real experimental results.
simulated_for_plotting_only,+PGA-Attention,√,×,3,sim_2_3_099,1,0.864164425506524,1,0.61,Simulated plotting data only; not real experimental results.
simulated_for_plotting_only,+PGA-Attention,√,×,3,sim_2_3_100,0,0.0325651106762793,0,0.61,Simulated plotting data only; not real experimental results.
simulated_for_plotting_only,+PGA-Attention,√,×,3,sim_2_3_101,0,0.555645363531158,0,0.61,Simulated plotting data only; not real experimental results.
simulated_for_plotting_only,+PGA-Attention,√,×,3,sim_2_3_102,0,0.6074163560002954,0,0.61,Simulated plotting data only; not real experimental results.
simulated_for_plotting_only,+PGA-Attention,√,×,3,sim_2_3_103,0,0.3658693665468435,0,0.61,Simulated plotting data only; not real experimental results.
simulated_for_plotting_only,+PGA-Attention,√,×,3,sim_2_3_104,1,0.8428084316184872,1,0.61,Simulated plotting data only; not real experimental results.
simulated_for_plotting_only,+PGA-Attention,√,×,3,sim_2_3_105,1,0.8245356531828844,1,0.61,Simulated plotting data only; not real experimental results.
simulated_for_plotting_only,+PGA-Attention,√,×,3,sim_2_3_106,0,0.3807992423679627,0,0.61,Simulated plotting data only; not real experimental results.
simulated_for_plotting_only,+PGA-Attention,√,×,3,sim_2_3_107,1,0.8140115067654022,1,0.61,Simulated plotting data only; not real experimental results.
simulated_for_plotting_only,+PGA-Attention,√,×,3,sim_2_3_108,1,0.8970086532024543,1,0.61,Simulated plotting data only; not real experimental results.
simulated_for_plotting_only,+PGA-Attention,√,×,3,sim_2_3_109,0,0.5313654569503048,0,0.61,Simulated plotting data only; not real experimental results.
simulated_for_plotting_only,+PGA-Attention,√,×,3,sim_2_3_110,0,0.5647884780364786,0,0.61,Simulated plotting data only; not real experimental results.
simulated_for_plotting_only,+PGA-Attention,√,×,3,sim_2_3_111,0,0.350970276012143,0,0.61,Simulated plotting data only; not real experimental results.
simulated_for_plotting_only,+PGA-Attention,√,×,3,sim_2_3_112,0,0.5496783054744186,0,0.61,Simulated plotting data only; not real experimental results.
simulated_for_plotting_only,+PGA-Attention,√,×,3,sim_2_3_113,1,0.61233388827251,1,0.61,Simulated plotting data only; not real experimental results.
simulated_for_plotting_only,+PGA-Attention,√,×,3,sim_2_3_114,0,0.638199019794138,1,0.61,Simulated plotting data only; not real experimental results.
simulated_for_plotting_only,+PGA-Attention,√,×,3,sim_2_3_115,0,0.6773233952694022,1,0.61,Simulated plotting data only; not real experimental results.
simulated_for_plotting_only,+PGA-Attention,√,×,3,sim_2_3_116,0,0.5550187638582469,0,0.61,Simulated plotting data only; not real experimental results.
simulated_for_plotting_only,+PGA-Attention,√,×,3,sim_2_3_117,0,0.130544823089839,0,0.61,Simulated plotting data only; not real experimental results.
simulated_for_plotting_only,+PGA-Attention,√,×,3,sim_2_3_118,0,0.4962551270647737,0,0.61,Simulated plotting data only; not real experimental results.
simulated_for_plotting_only,+PGA-Attention,√,×,3,sim_2_3_119,1,0.9566156153040908,1,0.61,Simulated plotting data only; not real experimental results.
simulated_for_plotting_only,+PGA-Attention,√,×,3,sim_2_3_120,0,0.2913780936877378,0,0.61,Simulated plotting data only; not real experimental results.
simulated_for_plotting_only,+PGA-Attention,√,×,3,sim_2_3_121,0,0.3715568943329477,0,0.61,Simulated plotting data only; not real experimental results.
simulated_for_plotting_only,+PGA-Attention,√,×,3,sim_2_3_122,1,0.7506047255615603,1,0.61,Simulated plotting data only; not real experimental results.
simulated_for_plotting_only,+PGA-Attention,√,×,3,sim_2_3_123,0,0.5176777258233922,0,0.61,Simulated plotting data only; not real experimental results.
simulated_for_plotting_only,+PGA-Attention,√,×,3,sim_2_3_124,0,0.3879330540544287,0,0.61,Simulated plotting data only; not real experimental results.
simulated_for_plotting_only,+PGA-Attention,√,×,3,sim_2_3_125,1,0.6784427208683954,1,0.61,Simulated plotting data only; not real experimental results.
simulated_for_plotting_only,+PGA-Attention,√,×,3,sim_2_3_126,1,0.951868078078931,1,0.61,Simulated plotting data only; not real experimental results.
simulated_for_plotting_only,+PGA-Attention,√,×,3,sim_2_3_127,1,0.5945263327550945,0,0.61,Simulated plotting data only; not real experimental results.
simulated_for_plotting_only,+PGA-Attention,√,×,3,sim_2_3_128,0,0.6376810853556696,1,0.61,Simulated plotting data only; not real experimental results.
simulated_for_plotting_only,+PGA-Attention,√,×,3,sim_2_3_129,0,0.2489042812983497,0,0.61,Simulated plotting data only; not real experimental results.
simulated_for_plotting_only,+PGA-Attention,√,×,3,sim_2_3_130,1,0.738937720579304,1,0.61,Simulated plotting data only; not real experimental results.
simulated_for_plotting_only,+PGA-Attention,√,×,3,sim_2_3_131,0,0.2047111452099254,0,0.61,Simulated plotting data only; not real experimental results.
simulated_for_plotting_only,+PGA-Attention,√,×,3,sim_2_3_132,1,0.9596598149645796,1,0.61,Simulated plotting data only; not real experimental results.
simulated_for_plotting_only,+PGA-Attention,√,×,3,sim_2_3_133,0,0.7154560953857264,1,0.61,Simulated plotting data only; not real experimental results.
simulated_for_plotting_only,+PGA-Attention,√,×,3,sim_2_3_134,0,0.6307236333807268,1,0.61,Simulated plotting data only; not real experimental results.
simulated_for_plotting_only,+PGA-Attention,√,×,3,sim_2_3_135,1,0.929333686075241,1,0.61,Simulated plotting data only; not real experimental results.
simulated_for_plotting_only,+PGA-Attention,√,×,3,sim_2_3_136,0,0.0893737006597469,0,0.61,Simulated plotting data only; not real experimental results.
simulated_for_plotting_only,+PGA-Attention,√,×,3,sim_2_3_137,0,0.5073401642463724,0,0.61,Simulated plotting data only; not real experimental results.
simulated_for_plotting_only,+PGA-Attention,√,×,3,sim_2_3_138,0,0.28560909470265,0,0.61,Simulated plotting data only; not real experimental results.
simulated_for_plotting_only,+PGA-Attention,√,×,3,sim_2_3_139,1,0.7126279959640784,1,0.61,Simulated plotting data only; not real experimental results.
simulated_for_plotting_only,+PGA-Attention,√,×,3,sim_2_3_140,1,0.6430045932799173,1,0.61,Simulated plotting data only; not real experimental results.
simulated_for_plotting_only,+PGA-Attention,√,×,3,sim_2_3_141,0,0.4001387253016054,0,0.61,Simulated plotting data only; not real experimental results.
simulated_for_plotting_only,+PGA-Attention,√,×,3,sim_2_3_142,0,0.3412783545571963,0,0.61,Simulated plotting data only; not real experimental results.
simulated_for_plotting_only,+PGA-Attention,√,×,3,sim_2_3_143,1,0.860455859491851,1,0.61,Simulated plotting data only; not real experimental results.
simulated_for_plotting_only,+PGA-Attention,√,×,3,sim_2_3_144,1,0.8933919600422789,1,0.61,Simulated plotting data only; not real experimental results.
simulated_for_plotting_only,+PGA-Attention,√,×,3,sim_2_3_145,0,0.302333627410649,0,0.61,Simulated plotting data only; not real experimental results.
simulated_for_plotting_only,+PGA-Attention,√,×,3,sim_2_3_146,0,0.3765339678599639,0,0.61,Simulated plotting data only; not real experimental results.
simulated_for_plotting_only,+PGA-Attention,√,×,3,sim_2_3_147,0,0.1822392092695343,0,0.61,Simulated plotting data only; not real experimental results.
simulated_for_plotting_only,+PGA-Attention,√,×,3,sim_2_3_148,0,0.8181189067064228,1,0.61,Simulated plotting data only; not real experimental results.
simulated_for_plotting_only,+PGA-Attention,√,×,3,sim_2_3_149,0,0.0944135826201321,0,0.61,Simulated plotting data only; not real experimental results.
simulated_for_plotting_only,+PGA-Attention,√,×,3,sim_2_3_150,0,0.4720589670334824,0,0.61,Simulated plotting data only; not real experimental results.
simulated_for_plotting_only,+PGA-Attention,√,×,3,sim_2_3_151,0,0.6974364193369026,1,0.61,Simulated plotting data only; not real experimental results.
simulated_for_plotting_only,+PGA-Attention,√,×,3,sim_2_3_152,0,0.3756756656514526,0,0.61,Simulated plotting data only; not real experimental results.
simulated_for_plotting_only,+PGA-Attention,√,×,3,sim_2_3_153,1,0.912867666243558,1,0.61,Simulated plotting data only; not real experimental results.
simulated_for_plotting_only,+PGA-Attention,√,×,3,sim_2_3_154,0,0.3463950951181558,0,0.61,Simulated plotting data only; not real experimental results.
simulated_for_plotting_only,+PGA-Attention,√,×,3,sim_2_3_155,0,0.8617996998849636,1,0.61,Simulated plotting data only; not real experimental results.
simulated_for_plotting_only,+PGA-Attention,√,×,3,sim_2_3_156,1,0.8446139402938323,1,0.61,Simulated plotting data only; not real experimental results.
simulated_for_plotting_only,+PGA-Attention,√,×,3,sim_2_3_157,0,0.4678824361457625,0,0.61,Simulated plotting data only; not real experimental results.
simulated_for_plotting_only,+PGA-Attention,√,×,3,sim_2_3_158,0,0.2887162220579222,0,0.61,Simulated plotting data only; not real experimental results.
simulated_for_plotting_only,+PGA-Attention,√,×,3,sim_2_3_159,1,0.8307341759850336,1,0.61,Simulated plotting data only; not real experimental results.
simulated_for_plotting_only,+PGA-Attention,√,×,3,sim_2_3_160,1,0.7706606528266451,1,0.61,Simulated plotting data only; not real experimental results.
simulated_for_plotting_only,+PGA-Attention,√,×,3,sim_2_3_161,0,0.5938065920999979,0,0.61,Simulated plotting data only; not real experimental results.
simulated_for_plotting_only,+PGA-Attention,√,×,3,sim_2_3_162,0,0.6084591778387971,0,0.61,Simulated plotting data only; not real experimental results.
simulated_for_plotting_only,+PGA-Attention,√,×,3,sim_2_3_163,0,0.447550095534389,0,0.61,Simulated plotting data only; not real experimental results.
simulated_for_plotting_only,+PGA-Attention,√,×,3,sim_2_3_164,1,0.7396781357687837,1,0.61,Simulated plotting data only; not real experimental results.
simulated_for_plotting_only,+PGA-Attention,√,×,3,sim_2_3_165,0,0.8775407256940388,1,0.61,Simulated plotting data only; not real experimental results.
simulated_for_plotting_only,+PGA-Attention,√,×,3,sim_2_3_166,0,0.4622306772514791,0,0.61,Simulated plotting data only; not real experimental results.
simulated_for_plotting_only,+PGA-Attention,√,×,3,sim_2_3_167,0,0.2510866353155809,0,0.61,Simulated plotting data only; not real experimental results.
simulated_for_plotting_only,+PGA-Attention,√,×,3,sim_2_3_168,0,0.8479904385567549,1,0.61,Simulated plotting data only; not real experimental results.
simulated_for_plotting_only,+PGA-Attention,√,×,3,sim_2_3_169,0,0.6928900285053483,1,0.61,Simulated plotting data only; not real experimental results.
simulated_for_plotting_only,+PGA-Attention,√,×,3,sim_2_3_170,1,0.8283008429323724,1,0.61,Simulated plotting data only; not real experimental results.
simulated_for_plotting_only,+PGA-Attention,√,×,3,sim_2_3_171,0,0.5980957969668904,0,0.61,Simulated plotting data only; not real experimental results.
simulated_for_plotting_only,+PGA-Attention,√,×,3,sim_2_3_172,0,0.4353436998000775,0,0.61,Simulated plotting data only; not real experimental results.
simulated_for_plotting_only,+PGA-Attention,√,×,3,sim_2_3_173,0,0.2441694000960227,0,0.61,Simulated plotting data only; not real experimental results.
simulated_for_plotting_only,+PGA-Attention,√,×,3,sim_2_3_174,0,0.8082293918695521,1,0.61,Simulated plotting data only; not real experimental results.
simulated_for_plotting_only,+PGA-Attention,√,×,3,sim_2_3_175,0,0.2635085338649803,0,0.61,Simulated plotting data only; not real experimental results.
simulated_for_plotting_only,+PGA-Attention,√,×,3,sim_2_3_176,0,0.4704634060033851,0,0.61,Simulated plotting data only; not real experimental results.
simulated_for_plotting_only,+PGA-Attention,√,×,3,sim_2_3_177,0,0.3397464119778285,0,0.61,Simulated plotting data only; not real experimental results.
simulated_for_plotting_only,+PGA-Attention,√,×,3,sim_2_3_178,1,0.9207571867282152,1,0.61,Simulated plotting data only; not real experimental results.
simulated_for_plotting_only,+PGA-Attention,√,×,3,sim_2_3_179,1,0.9185458454412236,1,0.61,Simulated plotting data only; not real experimental results.
simulated_for_plotting_only,+PGA-Attention,√,×,3,sim_2_3_180,0,0.7270124913398699,1,0.61,Simulated plotting data only; not real experimental results.
simulated_for_plotting_only,+PGA-Attention,√,×,3,sim_2_3_181,0,0.4892117555724316,0,0.61,Simulated plotting data only; not real experimental results.
simulated_for_plotting_only,+PGA-Attention,√,×,3,sim_2_3_182,0,0.58398706087839,0,0.61,Simulated plotting data only; not real experimental results.
simulated_for_plotting_only,+PGA-Attention,√,×,3,sim_2_3_183,0,0.5512952507959744,0,0.61,Simulated plotting data only; not real experimental results.
simulated_for_plotting_only,+PGA-Attention,√,×,4,sim_2_4_001,0,0.6582065915767512,1,0.5800000000000001,Simulated plotting data only; not real experimental results.
simulated_for_plotting_only,+PGA-Attention,√,×,4,sim_2_4_002,0,0.576455457835974,0,0.5800000000000001,Simulated plotting data only; not real experimental results.
simulated_for_plotting_only,+PGA-Attention,√,×,4,sim_2_4_003,0,0.141751020466095,0,0.5800000000000001,Simulated plotting data only; not real experimental results.
simulated_for_plotting_only,+PGA-Attention,√,×,4,sim_2_4_004,0,0.6245333476517216,1,0.5800000000000001,Simulated plotting data only; not real experimental results.
simulated_for_plotting_only,+PGA-Attention,√,×,4,sim_2_4_005,0,0.5264959169214878,0,0.5800000000000001,Simulated plotting data only; not real experimental results.
simulated_for_plotting_only,+PGA-Attention,√,×,4,sim_2_4_006,0,0.0729220370440738,0,0.5800000000000001,Simulated plotting data only; not real experimental results.
simulated_for_plotting_only,+PGA-Attention,√,×,4,sim_2_4_007,1,0.8159475975946732,1,0.5800000000000001,Simulated plotting data only; not real experimental results.
simulated_for_plotting_only,+PGA-Attention,√,×,4,sim_2_4_008,0,0.1435474085926238,0,0.5800000000000001,Simulated plotting data only; not real experimental results.
simulated_for_plotting_only,+PGA-Attention,√,×,4,sim_2_4_009,0,0.8438404640842743,1,0.5800000000000001,Simulated plotting data only; not real experimental results.
simulated_for_plotting_only,+PGA-Attention,√,×,4,sim_2_4_010,1,0.923277227277876,1,0.5800000000000001,Simulated plotting data only; not real experimental results.
simulated_for_plotting_only,+PGA-Attention,√,×,4,sim_2_4_011,0,0.6856473342621884,1,0.5800000000000001,Simulated plotting data only; not real experimental results.
simulated_for_plotting_only,+PGA-Attention,√,×,4,sim_2_4_012,0,0.7870861420787832,1,0.5800000000000001,Simulated plotting data only; not real experimental results.
simulated_for_plotting_only,+PGA-Attention,√,×,4,sim_2_4_013,0,0.5641677643543828,0,0.5800000000000001,Simulated plotting data only; not real experimental results.
simulated_for_plotting_only,+PGA-Attention,√,×,4,sim_2_4_014,1,0.901580692749554,1,0.5800000000000001,Simulated plotting data only; not real experimental results.
simulated_for_plotting_only,+PGA-Attention,√,×,4,sim_2_4_015,0,0.6455106108143234,1,0.5800000000000001,Simulated plotting data only; not real experimental results.
simulated_for_plotting_only,+PGA-Attention,√,×,4,sim_2_4_016,0,0.3847655239384257,0,0.5800000000000001,Simulated plotting data only; not real experimental results.
simulated_for_plotting_only,+PGA-Attention,√,×,4,sim_2_4_017,0,0.5340558378874419,0,0.5800000000000001,Simulated plotting data only; not real experimental results.
simulated_for_plotting_only,+PGA-Attention,√,×,4,sim_2_4_018,0,0.4039684588773717,0,0.5800000000000001,Simulated plotting data only; not real experimental results.
simulated_for_plotting_only,+PGA-Attention,√,×,4,sim_2_4_019,0,0.2566794473437803,0,0.5800000000000001,Simulated plotting data only; not real experimental results.
simulated_for_plotting_only,+PGA-Attention,√,×,4,sim_2_4_020,1,0.843042351510661,1,0.5800000000000001,Simulated plotting data only; not real experimental results.
simulated_for_plotting_only,+PGA-Attention,√,×,4,sim_2_4_021,0,0.3041615741624713,0,0.5800000000000001,Simulated plotting data only; not real experimental results.
simulated_for_plotting_only,+PGA-Attention,√,×,4,sim_2_4_022,0,0.7338092361027165,1,0.5800000000000001,Simulated plotting data only; not real experimental results.
simulated_for_plotting_only,+PGA-Attention,√,×,4,sim_2_4_023,0,0.572722538000076,0,0.5800000000000001,Simulated plotting data only; not real experimental results.
simulated_for_plotting_only,+PGA-Attention,√,×,4,sim_2_4_024,1,0.5752654976094937,0,0.5800000000000001,Simulated plotting data only; not real experimental results.
simulated_for_plotting_only,+PGA-Attention,√,×,4,sim_2_4_025,0,0.1856001544314357,0,0.5800000000000001,Simulated plotting data only; not real experimental results.
simulated_for_plotting_only,+PGA-Attention,√,×,4,sim_2_4_026,1,0.8232699252249883,1,0.5800000000000001,Simulated plotting data only; not real experimental results.
simulated_for_plotting_only,+PGA-Attention,√,×,4,sim_2_4_027,0,0.1921395016316446,0,0.5800000000000001,Simulated plotting data only; not real experimental results.
simulated_for_plotting_only,+PGA-Attention,√,×,4,sim_2_4_028,1,0.8823224124763401,1,0.5800000000000001,Simulated plotting data only; not real experimental results.
simulated_for_plotting_only,+PGA-Attention,√,×,4,sim_2_4_029,0,0.7760150084537653,1,0.5800000000000001,Simulated plotting data only; not real experimental results.
simulated_for_plotting_only,+PGA-Attention,√,×,4,sim_2_4_030,1,0.8510813294056628,1,0.5800000000000001,Simulated plotting data only; not real experimental results.
simulated_for_plotting_only,+PGA-Attention,√,×,4,sim_2_4_031,0,0.4516701421788571,0,0.5800000000000001,Simulated plotting data only; not real experimental results.
simulated_for_plotting_only,+PGA-Attention,√,×,4,sim_2_4_032,0,0.3889056093705363,0,0.5800000000000001,Simulated plotting data only; not real experimental results.
simulated_for_plotting_only,+PGA-Attention,√,×,4,sim_2_4_033,0,0.85234575689536,1,0.5800000000000001,Simulated plotting data only; not real experimental results.
simulated_for_plotting_only,+PGA-Attention,√,×,4,sim_2_4_034,1,0.9263685500550872,1,0.5800000000000001,Simulated plotting data only; not real experimental results.
simulated_for_plotting_only,+PGA-Attention,√,×,4,sim_2_4_035,0,0.6766213818272808,1,0.5800000000000001,Simulated plotting data only; not real experimental results.
simulated_for_plotting_only,+PGA-Attention,√,×,4,sim_2_4_036,0,0.7320117583567046,1,0.5800000000000001,Simulated plotting data only; not real experimental results.
simulated_for_plotting_only,+PGA-Attention,√,×,4,sim_2_4_037,0,0.3185299697097944,0,0.5800000000000001,Simulated plotting data only; not real experimental results.
simulated_for_plotting_only,+PGA-Attention,√,×,4,sim_2_4_038,0,0.6198697650498494,1,0.5800000000000001,Simulated plotting data only; not real experimental results.
simulated_for_plotting_only,+PGA-Attention,√,×,4,sim_2_4_039,1,0.8908812031799997,1,0.5800000000000001,Simulated plotting data only; not real experimental results.
simulated_for_plotting_only,+PGA-Attention,√,×,4,sim_2_4_040,1,0.7957184214688686,1,0.5800000000000001,Simulated plotting data only; not real experimental results.
simulated_for_plotting_only,+PGA-Attention,√,×,4,sim_2_4_041,0,0.7486824693715173,1,0.5800000000000001,Simulated plotting data only; not real experimental results.
simulated_for_plotting_only,+PGA-Attention,√,×,4,sim_2_4_042,0,0.610627558796238,1,0.5800000000000001,Simulated plotting data only; not real experimental results.
simulated_for_plotting_only,+PGA-Attention,√,×,4,sim_2_4_043,0,0.3761529909351406,0,0.5800000000000001,Simulated plotting data only; not real experimental results.
simulated_for_plotting_only,+PGA-Attention,√,×,4,sim_2_4_044,1,0.8224624579162996,1,0.5800000000000001,Simulated plotting data only; not real experimental results.
simulated_for_plotting_only,+PGA-Attention,√,×,4,sim_2_4_045,1,0.894942792941935,1,0.5800000000000001,Simulated plotting data only; not real experimental results.
simulated_for_plotting_only,+PGA-Attention,√,×,4,sim_2_4_046,1,0.6819010536313468,1,0.5800000000000001,Simulated plotting data only; not real experimental results.
simulated_for_plotting_only,+PGA-Attention,√,×,4,sim_2_4_047,0,0.6616638961551021,1,0.5800000000000001,Simulated plotting data only; not real experimental results.
simulated_for_plotting_only,+PGA-Attention,√,×,4,sim_2_4_048,1,0.6772146377522137,1,0.5800000000000001,Simulated plotting data only; not real experimental results.
simulated_for_plotting_only,+PGA-Attention,√,×,4,sim_2_4_049,0,0.4163052674063667,0,0.5800000000000001,Simulated plotting data only; not real experimental results.
simulated_for_plotting_only,+PGA-Attention,√,×,4,sim_2_4_050,0,0.2625965913720565,0,0.5800000000000001,Simulated plotting data only; not real experimental results.
simulated_for_plotting_only,+PGA-Attention,√,×,4,sim_2_4_051,1,0.9384342315549088,1,0.5800000000000001,Simulated plotting data only; not real experimental results.
simulated_for_plotting_only,+PGA-Attention,√,×,4,sim_2_4_052,0,0.4256151861305093,0,0.5800000000000001,Simulated plotting data only; not real experimental results.
simulated_for_plotting_only,+PGA-Attention,√,×,4,sim_2_4_053,0,0.4532943437473497,0,0.5800000000000001,Simulated plotting data only; not real experimental results.
simulated_for_plotting_only,+PGA-Attention,√,×,4,sim_2_4_054,1,0.7586728053625078,1,0.5800000000000001,Simulated plotting data only; not real experimental results.
simulated_for_plotting_only,+PGA-Attention,√,×,4,sim_2_4_055,1,0.5187497122281945,0,0.5800000000000001,Simulated plotting data only; not real experimental results.
simulated_for_plotting_only,+PGA-Attention,√,×,4,sim_2_4_056,0,0.4338019245470484,0,0.5800000000000001,Simulated plotting data only; not real experimental results.
simulated_for_plotting_only,+PGA-Attention,√,×,4,sim_2_4_057,0,0.8501727794076388,1,0.5800000000000001,Simulated plotting data only; not real experimental results.
simulated_for_plotting_only,+PGA-Attention,√,×,4,sim_2_4_058,0,0.3669092527133594,0,0.5800000000000001,Simulated plotting data only; not real experimental results.
simulated_for_plotting_only,+PGA-Attention,√,×,4,sim_2_4_059,0,0.4966133671791175,0,0.5800000000000001,Simulated plotting data only; not real experimental results.
simulated_for_plotting_only,+PGA-Attention,√,×,4,sim_2_4_060,0,0.4923030199002156,0,0.5800000000000001,Simulated plotting data only; not real experimental results.
simulated_for_plotting_only,+PGA-Attention,√,×,4,sim_2_4_061,0,0.5546480070490044,0,0.5800000000000001,Simulated plotting data only; not real experimental results.
simulated_for_plotting_only,+PGA-Attention,√,×,4,sim_2_4_062,0,0.4988935431803141,0,0.5800000000000001,Simulated plotting data only; not real experimental results.
simulated_for_plotting_only,+PGA-Attention,√,×,4,sim_2_4_063,0,0.5625892132460758,0,0.5800000000000001,Simulated plotting data only; not real experimental results.
simulated_for_plotting_only,+PGA-Attention,√,×,4,sim_2_4_064,0,0.4286930314564989,0,0.5800000000000001,Simulated plotting data only; not real experimental results.
simulated_for_plotting_only,+PGA-Attention,√,×,4,sim_2_4_065,1,0.7913917766203085,1,0.5800000000000001,Simulated plotting data only; not real experimental results.
simulated_for_plotting_only,+PGA-Attention,√,×,4,sim_2_4_066,1,0.9153595643515408,1,0.5800000000000001,Simulated plotting data only; not real experimental results.
simulated_for_plotting_only,+PGA-Attention,√,×,4,sim_2_4_067,0,0.6849298535435755,1,0.5800000000000001,Simulated plotting data only; not real experimental results.
simulated_for_plotting_only,+PGA-Attention,√,×,4,sim_2_4_068,0,0.7101070079665733,1,0.5800000000000001,Simulated plotting data only; not real experimental results.
simulated_for_plotting_only,+PGA-Attention,√,×,4,sim_2_4_069,0,0.63586367833868,1,0.5800000000000001,Simulated plotting data only; not real experimental results.
simulated_for_plotting_only,+PGA-Attention,√,×,4,sim_2_4_070,0,0.6438912394698442,1,0.5800000000000001,Simulated plotting data only; not real experimental results.
simulated_for_plotting_only,+PGA-Attention,√,×,4,sim_2_4_071,1,0.8868752374701742,1,0.5800000000000001,Simulated plotting data only; not real experimental results.
simulated_for_plotting_only,+PGA-Attention,√,×,4,sim_2_4_072,0,0.190760338314967,0,0.5800000000000001,Simulated plotting data only; not real experimental results.
simulated_for_plotting_only,+PGA-Attention,√,×,4,sim_2_4_073,0,0.5809728628913338,1,0.5800000000000001,Simulated plotting data only; not real experimental results.
simulated_for_plotting_only,+PGA-Attention,√,×,4,sim_2_4_074,1,0.8094383364722894,1,0.5800000000000001,Simulated plotting data only; not real experimental results.
simulated_for_plotting_only,+PGA-Attention,√,×,4,sim_2_4_075,0,0.573100210361736,0,0.5800000000000001,Simulated plotting data only; not real experimental results.
simulated_for_plotting_only,+PGA-Attention,√,×,4,sim_2_4_076,0,0.2447629894177448,0,0.5800000000000001,Simulated plotting data only; not real experimental results.
simulated_for_plotting_only,+PGA-Attention,√,×,4,sim_2_4_077,1,0.660569767084164,1,0.5800000000000001,Simulated plotting data only; not real experimental results.
simulated_for_plotting_only,+PGA-Attention,√,×,4,sim_2_4_078,1,0.8031188569567668,1,0.5800000000000001,Simulated plotting data only; not real experimental results.
simulated_for_plotting_only,+PGA-Attention,√,×,4,sim_2_4_079,0,0.7469078038158901,1,0.5800000000000001,Simulated plotting data only; not real experimental results.
simulated_for_plotting_only,+PGA-Attention,√,×,4,sim_2_4_080,0,0.5965870240520589,1,0.5800000000000001,Simulated plotting data only; not real experimental results.
simulated_for_plotting_only,+PGA-Attention,√,×,4,sim_2_4_081,0,0.7416804505471741,1,0.5800000000000001,Simulated plotting data only; not real experimental results.
simulated_for_plotting_only,+PGA-Attention,√,×,4,sim_2_4_082,0,0.7168212674590083,1,0.5800000000000001,Simulated plotting data only; not real experimental results.
simulated_for_plotting_only,+PGA-Attention,√,×,4,sim_2_4_083,0,0.459279522384172,0,0.5800000000000001,Simulated plotting data only; not real experimental results.
simulated_for_plotting_only,+PGA-Attention,√,×,4,sim_2_4_084,0,0.8447208864401619,1,0.5800000000000001,Simulated plotting data only; not real experimental results.
simulated_for_plotting_only,+PGA-Attention,√,×,4,sim_2_4_085,0,0.2223009199885442,0,0.5800000000000001,Simulated plotting data only; not real experimental results.
simulated_for_plotting_only,+PGA-Attention,√,×,4,sim_2_4_086,0,0.3446078498300651,0,0.5800000000000001,Simulated plotting data only; not real experimental results.
simulated_for_plotting_only,+PGA-Attention,√,×,4,sim_2_4_087,0,0.2260558513356664,0,0.5800000000000001,Simulated plotting data only; not real experimental results.
simulated_for_plotting_only,+PGA-Attention,√,×,4,sim_2_4_088,0,0.2515689636245875,0,0.5800000000000001,Simulated plotting data only; not real experimental results.
simulated_for_plotting_only,+PGA-Attention,√,×,4,sim_2_4_089,0,0.3608233095546043,0,0.5800000000000001,Simulated plotting data only; not real experimental results.
simulated_for_plotting_only,+PGA-Attention,√,×,4,sim_2_4_090,1,0.866617879147939,1,0.5800000000000001,Simulated plotting data only; not real experimental results.
simulated_for_plotting_only,+PGA-Attention,√,×,4,sim_2_4_091,1,0.7231502102842542,1,0.5800000000000001,Simulated plotting data only; not real experimental results.
simulated_for_plotting_only,+PGA-Attention,√,×,4,sim_2_4_092,0,0.3322561559174605,0,0.5800000000000001,Simulated plotting data only; not real experimental results.
simulated_for_plotting_only,+PGA-Attention,√,×,4,sim_2_4_093,0,0.6902239030329865,1,0.5800000000000001,Simulated plotting data only; not real experimental results.
simulated_for_plotting_only,+PGA-Attention,√,×,4,sim_2_4_094,1,0.946940271752752,1,0.5800000000000001,Simulated plotting data only; not real experimental results.
simulated_for_plotting_only,+PGA-Attention,√,×,4,sim_2_4_095,0,0.4690939970499684,0,0.5800000000000001,Simulated plotting data only; not real experimental results.
simulated_for_plotting_only,+PGA-Attention,√,×,4,sim_2_4_096,1,0.9512656036112525,1,0.5800000000000001,Simulated plotting data only; not real experimental results.
simulated_for_plotting_only,+PGA-Attention,√,×,4,sim_2_4_097,1,0.9357128322920184,1,0.5800000000000001,Simulated plotting data only; not real experimental results.
simulated_for_plotting_only,+PGA-Attention,√,×,4,sim_2_4_098,0,0.372531177820013,0,0.5800000000000001,Simulated plotting data only; not real experimental results.
simulated_for_plotting_only,+PGA-Attention,√,×,4,sim_2_4_099,0,0.704992201375452,1,0.5800000000000001,Simulated plotting data only; not real experimental results.
simulated_for_plotting_only,+PGA-Attention,√,×,4,sim_2_4_100,0,0.2055457956944887,0,0.5800000000000001,Simulated plotting data only; not real experimental results.
simulated_for_plotting_only,+PGA-Attention,√,×,4,sim_2_4_101,1,0.8697743754533532,1,0.5800000000000001,Simulated plotting data only; not real experimental results.
simulated_for_plotting_only,+PGA-Attention,√,×,4,sim_2_4_102,1,0.5675537325631772,0,0.5800000000000001,Simulated plotting data only; not real experimental results.
simulated_for_plotting_only,+PGA-Attention,√,×,4,sim_2_4_103,1,0.6571921974302171,1,0.5800000000000001,Simulated plotting data only; not real experimental results.
simulated_for_plotting_only,+PGA-Attention,√,×,4,sim_2_4_104,0,0.8687812949293421,1,0.5800000000000001,Simulated plotting data only; not real experimental results.
simulated_for_plotting_only,+PGA-Attention,√,×,4,sim_2_4_105,0,0.3578628880106133,0,0.5800000000000001,Simulated plotting data only; not real experimental results.
simulated_for_plotting_only,+PGA-Attention,√,×,4,sim_2_4_106,1,0.8306106576155866,1,0.5800000000000001,Simulated plotting data only; not real experimental results.
simulated_for_plotting_only,+PGA-Attention,√,×,4,sim_2_4_107,0,0.287026272042037,0,0.5800000000000001,Simulated plotting data only; not real experimental results.
simulated_for_plotting_only,+PGA-Attention,√,×,4,sim_2_4_108,0,0.4441300452176211,0,0.5800000000000001,Simulated plotting data only; not real experimental results.
simulated_for_plotting_only,+PGA-Attention,√,×,4,sim_2_4_109,1,0.91213424901771,1,0.5800000000000001,Simulated plotting data only; not real experimental results.
simulated_for_plotting_only,+PGA-Attention,√,×,4,sim_2_4_110,0,0.6854455551899833,1,0.5800000000000001,Simulated plotting data only; not real experimental results.
simulated_for_plotting_only,+PGA-Attention,√,×,4,sim_2_4_111,0,0.7079808875803523,1,0.5800000000000001,Simulated plotting data only; not real experimental results.
simulated_for_plotting_only,+PGA-Attention,√,×,4,sim_2_4_112,0,0.1179892783448138,0,0.5800000000000001,Simulated plotting data only; not real experimental results.
simulated_for_plotting_only,+PGA-Attention,√,×,4,sim_2_4_113,0,0.3870526723443125,0,0.5800000000000001,Simulated plotting data only; not real experimental results.
simulated_for_plotting_only,+PGA-Attention,√,×,4,sim_2_4_114,0,0.540498047541278,0,0.5800000000000001,Simulated plotting data only; not real experimental results.
simulated_for_plotting_only,+PGA-Attention,√,×,4,sim_2_4_115,0,0.6524708146285052,1,0.5800000000000001,Simulated plotting data only; not real experimental results.
simulated_for_plotting_only,+PGA-Attention,√,×,4,sim_2_4_116,0,0.3789096617436061,0,0.5800000000000001,Simulated plotting data only; not real experimental results.
simulated_for_plotting_only,+PGA-Attention,√,×,4,sim_2_4_117,0,0.3587156495411517,0,0.5800000000000001,Simulated plotting data only; not real experimental results.
simulated_for_plotting_only,+PGA-Attention,√,×,4,sim_2_4_118,1,0.974300024699924,1,0.5800000000000001,Simulated plotting data only; not real experimental results.
simulated_for_plotting_only,+PGA-Attention,√,×,4,sim_2_4_119,0,0.778084454771879,1,0.5800000000000001,Simulated plotting data only; not real experimental results.
simulated_for_plotting_only,+PGA-Attention,√,×,4,sim_2_4_120,1,0.8919915883569471,1,0.5800000000000001,Simulated plotting data only; not real experimental results.
simulated_for_plotting_only,+PGA-Attention,√,×,4,sim_2_4_121,0,0.6702502332411066,1,0.5800000000000001,Simulated plotting data only; not real experimental results.
simulated_for_plotting_only,+PGA-Attention,√,×,4,sim_2_4_122,0,0.2427963042668108,0,0.5800000000000001,Simulated plotting data only; not real experimental results.
simulated_for_plotting_only,+PGA-Attention,√,×,4,sim_2_4_123,1,0.9581401371009464,1,0.5800000000000001,Simulated plotting data only; not real experimental results.
simulated_for_plotting_only,+PGA-Attention,√,×,4,sim_2_4_124,0,0.3657717529156934,0,0.5800000000000001,Simulated plotting data only; not real experimental results.
simulated_for_plotting_only,+PGA-Attention,√,×,4,sim_2_4_125,0,0.8152695625425765,1,0.5800000000000001,Simulated plotting data only; not real experimental results.
simulated_for_plotting_only,+PGA-Attention,√,×,4,sim_2_4_126,1,0.8171232240251408,1,0.5800000000000001,Simulated plotting data only; not real experimental results.
simulated_for_plotting_only,+PGA-Attention,√,×,4,sim_2_4_127,1,0.7409759966018699,1,0.5800000000000001,Simulated plotting data only; not real experimental results.
simulated_for_plotting_only,+PGA-Attention,√,×,4,sim_2_4_128,0,0.6280025784317586,1,0.5800000000000001,Simulated plotting data only; not real experimental results.
simulated_for_plotting_only,+PGA-Attention,√,×,4,sim_2_4_129,0,0.6374377364401882,1,0.5800000000000001,Simulated plotting data only; not real experimental results.
simulated_for_plotting_only,+PGA-Attention,√,×,4,sim_2_4_130,0,0.650101104191811,1,0.5800000000000001,Simulated plotting data only; not real experimental results.
simulated_for_plotting_only,+PGA-Attention,√,×,4,sim_2_4_131,1,0.9323719790902076,1,0.5800000000000001,Simulated plotting data only; not real experimental results.
simulated_for_plotting_only,+PGA-Attention,√,×,4,sim_2_4_132,0,0.6415887742270604,1,0.5800000000000001,Simulated plotting data only; not real experimental results.
simulated_for_plotting_only,+PGA-Attention,√,×,4,sim_2_4_133,0,0.6041175915645421,1,0.5800000000000001,Simulated plotting data only; not real experimental results.
simulated_for_plotting_only,+PGA-Attention,√,×,4,sim_2_4_134,1,0.985764345770782,1,0.5800000000000001,Simulated plotting data only; not real experimental results.
simulated_for_plotting_only,+PGA-Attention,√,×,4,sim_2_4_135,1,0.5585400862975852,0,0.5800000000000001,Simulated plotting data only; not real experimental results.
simulated_for_plotting_only,+PGA-Attention,√,×,4,sim_2_4_136,0,0.8234516552751975,1,0.5800000000000001,Simulated plotting data only; not real experimental results.
simulated_for_plotting_only,+PGA-Attention,√,×,4,sim_2_4_137,0,0.6699903590015925,1,0.5800000000000001,Simulated plotting data only; not real experimental results.
simulated_for_plotting_only,+PGA-Attention,√,×,4,sim_2_4_138,0,0.737839588501514,1,0.5800000000000001,Simulated plotting data only; not real experimental results.
simulated_for_plotting_only,+PGA-Attention,√,×,4,sim_2_4_139,1,0.9201684512478052,1,0.5800000000000001,Simulated plotting data only; not real experimental results.
simulated_for_plotting_only,+PGA-Attention,√,×,4,sim_2_4_140,0,0.5359295913109714,0,0.5800000000000001,Simulated plotting data only; not real experimental results.
simulated_for_plotting_only,+PGA-Attention,√,×,4,sim_2_4_141,0,0.3122376252919597,0,0.5800000000000001,Simulated plotting data only; not real experimental results.
simulated_for_plotting_only,+PGA-Attention,√,×,4,sim_2_4_142,1,0.9445443464165264,1,0.5800000000000001,Simulated plotting data only; not real experimental results.
simulated_for_plotting_only,+PGA-Attention,√,×,4,sim_2_4_143,1,0.8873532379531807,1,0.5800000000000001,Simulated plotting data only; not real experimental results.
simulated_for_plotting_only,+PGA-Attention,√,×,4,sim_2_4_144,0,0.4576659250802219,0,0.5800000000000001,Simulated plotting data only; not real experimental results.
simulated_for_plotting_only,+PGA-Attention,√,×,4,sim_2_4_145,0,0.7677739208321047,1,0.5800000000000001,Simulated plotting data only; not real experimental results.
simulated_for_plotting_only,+PGA-Attention,√,×,4,sim_2_4_146,0,0.6342368483059779,1,0.5800000000000001,Simulated plotting data only; not real experimental results.
simulated_for_plotting_only,+PGA-Attention,√,×,4,sim_2_4_147,0,0.5372645259240855,0,0.5800000000000001,Simulated plotting data only; not real experimental results.
simulated_for_plotting_only,+PGA-Attention,√,×,4,sim_2_4_148,0,0.6394830726839387,1,0.5800000000000001,Simulated plotting data only; not real experimental results.
simulated_for_plotting_only,+PGA-Attention,√,×,4,sim_2_4_149,0,0.4351468273687455,0,0.5800000000000001,Simulated plotting data only; not real experimental results.
simulated_for_plotting_only,+PGA-Attention,√,×,4,sim_2_4_150,0,0.8606507534112942,1,0.5800000000000001,Simulated plotting data only; not real experimental results.
simulated_for_plotting_only,+PGA-Attention,√,×,4,sim_2_4_151,0,0.2401869455740723,0,0.5800000000000001,Simulated plotting data only; not real experimental results.
simulated_for_plotting_only,+PGA-Attention,√,×,4,sim_2_4_152,0,0.2521347903014061,0,0.5800000000000001,Simulated plotting data only; not real experimental results.
simulated_for_plotting_only,+PGA-Attention,√,×,4,sim_2_4_153,0,0.62066376044907,1,0.5800000000000001,Simulated plotting data only; not real experimental results.
simulated_for_plotting_only,+PGA-Attention,√,×,4,sim_2_4_154,0,0.0748633621119909,0,0.5800000000000001,Simulated plotting data only; not real experimental results.
simulated_for_plotting_only,+PGA-Attention,√,×,4,sim_2_4_155,1,0.976384695787488,1,0.5800000000000001,Simulated plotting data only; not real experimental results.
simulated_for_plotting_only,+PGA-Attention,√,×,4,sim_2_4_156,0,0.7546196995337086,1,0.5800000000000001,Simulated plotting data only; not real experimental results.
simulated_for_plotting_only,+PGA-Attention,√,×,4,sim_2_4_157,0,0.2587829086997488,0,0.5800000000000001,Simulated plotting data only; not real experimental results.
simulated_for_plotting_only,+PGA-Attention,√,×,4,sim_2_4_158,0,0.4124506878934564,0,0.5800000000000001,Simulated plotting data only; not real experimental results.
simulated_for_plotting_only,+PGA-Attention,√,×,4,sim_2_4_159,0,0.5765371225695897,0,0.5800000000000001,Simulated plotting data only; not real experimental results.
simulated_for_plotting_only,+PGA-Attention,√,×,4,sim_2_4_160,0,0.840916374907526,1,0.5800000000000001,Simulated plotting data only; not real experimental results.
simulated_for_plotting_only,+PGA-Attention,√,×,4,sim_2_4_161,0,0.3514468475857287,0,0.5800000000000001,Simulated plotting data only; not real experimental results.
simulated_for_plotting_only,+PGA-Attention,√,×,4,sim_2_4_162,1,0.9089590493003112,1,0.5800000000000001,Simulated plotting data only; not real experimental results.
simulated_for_plotting_only,+PGA-Attention,√,×,4,sim_2_4_163,0,0.8807838348135001,1,0.5800000000000001,Simulated plotting data only; not real experimental results.
simulated_for_plotting_only,+PGA-Attention,√,×,4,sim_2_4_164,0,0.222303403007994,0,0.5800000000000001,Simulated plotting data only; not real experimental results.
simulated_for_plotting_only,+PGA-Attention,√,×,4,sim_2_4_165,1,0.9697112788112632,1,0.5800000000000001,Simulated plotting data only; not real experimental results.
simulated_for_plotting_only,+PGA-Attention,√,×,4,sim_2_4_166,0,0.2947627126912812,0,0.5800000000000001,Simulated plotting data only; not real experimental results.
simulated_for_plotting_only,+PGA-Attention,√,×,4,sim_2_4_167,0,0.3550827805991883,0,0.5800000000000001,Simulated plotting data only; not real experimental results.
simulated_for_plotting_only,+PGA-Attention,√,×,4,sim_2_4_168,0,0.5640996161792582,0,0.5800000000000001,Simulated plotting data only; not real experimental results.
simulated_for_plotting_only,+PGA-Attention,√,×,4,sim_2_4_169,0,0.7744407465338105,1,0.5800000000000001,Simulated plotting data only; not real experimental results.
simulated_for_plotting_only,+PGA-Attention,√,×,4,sim_2_4_170,0,0.6430998326869707,1,0.5800000000000001,Simulated plotting data only; not real experimental results.
simulated_for_plotting_only,+PGA-Attention,√,×,4,sim_2_4_171,1,0.9401441607297516,1,0.5800000000000001,Simulated plotting data only; not real experimental results.
simulated_for_plotting_only,+PGA-Attention,√,×,4,sim_2_4_172,0,0.613919316358546,1,0.5800000000000001,Simulated plotting data only; not real experimental results.
simulated_for_plotting_only,+PGA-Attention,√,×,4,sim_2_4_173,0,0.2519555525126367,0,0.5800000000000001,Simulated plotting data only; not real experimental results.
simulated_for_plotting_only,+PGA-Attention,√,×,4,sim_2_4_174,1,0.5863291447085045,1,0.5800000000000001,Simulated plotting data only; not real experimental results.
simulated_for_plotting_only,+PGA-Attention,√,×,4,sim_2_4_175,1,0.95933229371663,1,0.5800000000000001,Simulated plotting data only; not real experimental results.
simulated_for_plotting_only,+PGA-Attention,√,×,4,sim_2_4_176,0,0.4545376382989999,0,0.5800000000000001,Simulated plotting data only; not real experimental results.
simulated_for_plotting_only,+PGA-Attention,√,×,4,sim_2_4_177,0,0.6905752671001947,1,0.5800000000000001,Simulated plotting data only; not real experimental results.
simulated_for_plotting_only,+PGA-Attention,√,×,4,sim_2_4_178,0,0.3639929908081326,0,0.5800000000000001,Simulated plotting data only; not real experimental results.
simulated_for_plotting_only,+PGA-Attention,√,×,4,sim_2_4_179,1,0.8692335157596314,1,0.5800000000000001,Simulated plotting data only; not real experimental results.
simulated_for_plotting_only,+PGA-Attention,√,×,4,sim_2_4_180,0,0.4900003993479083,0,0.5800000000000001,Simulated plotting data only; not real experimental results.
simulated_for_plotting_only,+PGA-Attention,√,×,4,sim_2_4_181,1,0.9856683591002824,1,0.5800000000000001,Simulated plotting data only; not real experimental results.
simulated_for_plotting_only,+PGA-Attention,√,×,4,sim_2_4_182,0,0.3653447918701482,0,0.5800000000000001,Simulated plotting data only; not real experimental results.
simulated_for_plotting_only,+PGA-Attention,√,×,4,sim_2_4_183,0,0.2008229846105121,0,0.5800000000000001,Simulated plotting data only; not real experimental results.
simulated_for_plotting_only,+PGA-Attention,√,×,5,sim_2_5_001,0,0.2323160111136608,0,0.64,Simulated plotting data only; not real experimental results.
simulated_for_plotting_only,+PGA-Attention,√,×,5,sim_2_5_002,1,0.8337436718291381,1,0.64,Simulated plotting data only; not real experimental results.
simulated_for_plotting_only,+PGA-Attention,√,×,5,sim_2_5_003,1,0.7786440091252885,1,0.64,Simulated plotting data only; not real experimental results.
simulated_for_plotting_only,+PGA-Attention,√,×,5,sim_2_5_004,0,0.1341586495332127,0,0.64,Simulated plotting data only; not real experimental results.
simulated_for_plotting_only,+PGA-Attention,√,×,5,sim_2_5_005,0,0.8007040365256097,1,0.64,Simulated plotting data only; not real experimental results.
simulated_for_plotting_only,+PGA-Attention,√,×,5,sim_2_5_006,1,0.8148395434791431,1,0.64,Simulated plotting data only; not real experimental results.
simulated_for_plotting_only,+PGA-Attention,√,×,5,sim_2_5_007,0,0.8010889599265653,1,0.64,Simulated plotting data only; not real experimental results.
simulated_for_plotting_only,+PGA-Attention,√,×,5,sim_2_5_008,0,0.6542397033282403,1,0.64,Simulated plotting data only; not real experimental results.
simulated_for_plotting_only,+PGA-Attention,√,×,5,sim_2_5_009,0,0.8197951649072144,1,0.64,Simulated plotting data only; not real experimental results.
simulated_for_plotting_only,+PGA-Attention,√,×,5,sim_2_5_010,0,0.432660352465833,0,0.64,Simulated plotting data only; not real experimental results.
simulated_for_plotting_only,+PGA-Attention,√,×,5,sim_2_5_011,0,0.4493057145292387,0,0.64,Simulated plotting data only; not real experimental results.
simulated_for_plotting_only,+PGA-Attention,√,×,5,sim_2_5_012,0,0.7193784815735293,1,0.64,Simulated plotting data only; not real experimental results.
simulated_for_plotting_only,+PGA-Attention,√,×,5,sim_2_5_013,0,0.679782846073018,1,0.64,Simulated plotting data only; not real experimental results.
simulated_for_plotting_only,+PGA-Attention,√,×,5,sim_2_5_014,0,0.1838742121544813,0,0.64,Simulated plotting data only; not real experimental results.
simulated_for_plotting_only,+PGA-Attention,√,×,5,sim_2_5_015,1,0.9435588936835748,1,0.64,Simulated plotting data only; not real experimental results.
simulated_for_plotting_only,+PGA-Attention,√,×,5,sim_2_5_016,0,0.1768759721778951,0,0.64,Simulated plotting data only; not real experimental results.
simulated_for_plotting_only,+PGA-Attention,√,×,5,sim_2_5_017,0,0.5488057398445827,0,0.64,Simulated plotting data only; not real experimental results.
simulated_for_plotting_only,+PGA-Attention,√,×,5,sim_2_5_018,0,0.4625864880071911,0,0.64,Simulated plotting data only; not real experimental results.
simulated_for_plotting_only,+PGA-Attention,√,×,5,sim_2_5_019,0,0.8793100611185423,1,0.64,Simulated plotting data only; not real experimental results.
simulated_for_plotting_only,+PGA-Attention,√,×,5,sim_2_5_020,0,0.2954125938579277,0,0.64,Simulated plotting data only; not real experimental results.
simulated_for_plotting_only,+PGA-Attention,√,×,5,sim_2_5_021,0,0.8827056065483719,1,0.64,Simulated plotting data only; not real experimental results.
simulated_for_plotting_only,+PGA-Attention,√,×,5,sim_2_5_022,0,0.336537303649405,0,0.64,Simulated plotting data only; not real experimental results.
simulated_for_plotting_only,+PGA-Attention,√,×,5,sim_2_5_023,0,0.5640380278210284,0,0.64,Simulated plotting data only; not real experimental results.
simulated_for_plotting_only,+PGA-Attention,√,×,5,sim_2_5_024,0,0.4592636630092755,0,0.64,Simulated plotting data only; not real experimental results.
simulated_for_plotting_only,+PGA-Attention,√,×,5,sim_2_5_025,0,0.7762120049011969,1,0.64,Simulated plotting data only; not real experimental results.
simulated_for_plotting_only,+PGA-Attention,√,×,5,sim_2_5_026,0,0.4972655281521387,0,0.64,Simulated plotting data only; not real experimental results.
simulated_for_plotting_only,+PGA-Attention,√,×,5,sim_2_5_027,0,0.7354793127596276,1,0.64,Simulated plotting data only; not real experimental results.
simulated_for_plotting_only,+PGA-Attention,√,×,5,sim_2_5_028,0,0.6107207794363125,0,0.64,Simulated plotting data only; not real experimental results.
simulated_for_plotting_only,+PGA-Attention,√,×,5,sim_2_5_029,1,0.7525367582567415,1,0.64,Simulated plotting data only; not real experimental results.
simulated_for_plotting_only,+PGA-Attention,√,×,5,sim_2_5_030,0,0.8005329320978372,1,0.64,Simulated plotting data only; not real experimental results.
simulated_for_plotting_only,+PGA-Attention,√,×,5,sim_2_5_031,1,0.8613027592428691,1,0.64,Simulated plotting data only; not real experimental results.
simulated_for_plotting_only,+PGA-Attention,√,×,5,sim_2_5_032,1,0.836147228695248,1,0.64,Simulated plotting data only; not real experimental results.
simulated_for_plotting_only,+PGA-Attention,√,×,5,sim_2_5_033,0,0.5179938360273242,0,0.64,Simulated plotting data only; not real experimental results.
simulated_for_plotting_only,+PGA-Attention,√,×,5,sim_2_5_034,0,0.1269200127953326,0,0.64,Simulated plotting data only; not real experimental results.
simulated_for_plotting_only,+PGA-Attention,√,×,5,sim_2_5_035,1,0.879502883388825,1,0.64,Simulated plotting data only; not real experimental results.
simulated_for_plotting_only,+PGA-Attention,√,×,5,sim_2_5_036,0,0.5115011160760757,0,0.64,Simulated plotting data only; not real experimental results.
simulated_for_plotting_only,+PGA-Attention,√,×,5,sim_2_5_037,1,0.9325033578219876,1,0.64,Simulated plotting data only; not real experimental results.
simulated_for_plotting_only,+PGA-Attention,√,×,5,sim_2_5_038,1,0.9713424104680252,1,0.64,Simulated plotting data only; not real experimental results.
simulated_for_plotting_only,+PGA-Attention,√,×,5,sim_2_5_039,0,0.3587907675338833,0,0.64,Simulated plotting data only; not real experimental results.
simulated_for_plotting_only,+PGA-Attention,√,×,5,sim_2_5_040,1,0.8241048943216306,1,0.64,Simulated plotting data only; not real experimental results.
simulated_for_plotting_only,+PGA-Attention,√,×,5,sim_2_5_041,0,0.5496323604730444,0,0.64,Simulated plotting data only; not real experimental results.
simulated_for_plotting_only,+PGA-Attention,√,×,5,sim_2_5_042,0,0.6130700974816349,0,0.64,Simulated plotting data only; not real experimental results.
simulated_for_plotting_only,+PGA-Attention,√,×,5,sim_2_5_043,0,0.6247555463041978,0,0.64,Simulated plotting data only; not real experimental results.
simulated_for_plotting_only,+PGA-Attention,√,×,5,sim_2_5_044,1,0.8912195516144543,1,0.64,Simulated plotting data only; not real experimental results.
simulated_for_plotting_only,+PGA-Attention,√,×,5,sim_2_5_045,0,0.3646345978826059,0,0.64,Simulated plotting data only; not real experimental results.
simulated_for_plotting_only,+PGA-Attention,√,×,5,sim_2_5_046,0,0.591406722178558,0,0.64,Simulated plotting data only; not real experimental results.
simulated_for_plotting_only,+PGA-Attention,√,×,5,sim_2_5_047,1,0.9445297939557774,1,0.64,Simulated plotting data only; not real experimental results.
simulated_for_plotting_only,+PGA-Attention,√,×,5,sim_2_5_048,1,0.8876950562666777,1,0.64,Simulated plotting data only; not real experimental results.
simulated_for_plotting_only,+PGA-Attention,√,×,5,sim_2_5_049,0,0.558305696536297,0,0.64,Simulated plotting data only; not real experimental results.
simulated_for_plotting_only,+PGA-Attention,√,×,5,sim_2_5_050,1,0.6057412882919463,0,0.64,Simulated plotting data only; not real experimental results.
simulated_for_plotting_only,+PGA-Attention,√,×,5,sim_2_5_051,0,0.456149587280901,0,0.64,Simulated plotting data only; not real experimental results.
simulated_for_plotting_only,+PGA-Attention,√,×,5,sim_2_5_052,0,0.1799909963055576,0,0.64,Simulated plotting data only; not real experimental results.
simulated_for_plotting_only,+PGA-Attention,√,×,5,sim_2_5_053,1,0.9471476929166512,1,0.64,Simulated plotting data only; not real experimental results.
simulated_for_plotting_only,+PGA-Attention,√,×,5,sim_2_5_054,0,0.391457765630065,0,0.64,Simulated plotting data only; not real experimental results.
simulated_for_plotting_only,+PGA-Attention,√,×,5,sim_2_5_055,1,0.76788200685837,1,0.64,Simulated plotting data only; not real experimental results.
simulated_for_plotting_only,+PGA-Attention,√,×,5,sim_2_5_056,0,0.5409405788153336,0,0.64,Simulated plotting data only; not real experimental results.
simulated_for_plotting_only,+PGA-Attention,√,×,5,sim_2_5_057,1,0.8771240640330692,1,0.64,Simulated plotting data only; not real experimental results.
simulated_for_plotting_only,+PGA-Attention,√,×,5,sim_2_5_058,0,0.2826979115583045,0,0.64,Simulated plotting data only; not real experimental results.
simulated_for_plotting_only,+PGA-Attention,√,×,5,sim_2_5_059,0,0.4753254542222695,0,0.64,Simulated plotting data only; not real experimental results.
simulated_for_plotting_only,+PGA-Attention,√,×,5,sim_2_5_060,0,0.2453853489468784,0,0.64,Simulated plotting data only; not real experimental results.
simulated_for_plotting_only,+PGA-Attention,√,×,5,sim_2_5_061,0,0.2921819743558762,0,0.64,Simulated plotting data only; not real experimental results.
simulated_for_plotting_only,+PGA-Attention,√,×,5,sim_2_5_062,1,0.8546086001293336,1,0.64,Simulated plotting data only; not real experimental results.
simulated_for_plotting_only,+PGA-Attention,√,×,5,sim_2_5_063,0,0.4895873656870343,0,0.64,Simulated plotting data only; not real experimental results.
simulated_for_plotting_only,+PGA-Attention,√,×,5,sim_2_5_064,1,0.9144059587595156,1,0.64,Simulated plotting data only; not real experimental results.
simulated_for_plotting_only,+PGA-Attention,√,×,5,sim_2_5_065,0,0.3339676673320437,0,0.64,Simulated plotting data only; not real experimental results.
simulated_for_plotting_only,+PGA-Attention,√,×,5,sim_2_5_066,1,0.87798156352251,1,0.64,Simulated plotting data only; not real experimental results.
simulated_for_plotting_only,+PGA-Attention,√,×,5,sim_2_5_067,0,0.1859400781331046,0,0.64,Simulated plotting data only; not real experimental results.
simulated_for_plotting_only,+PGA-Attention,√,×,5,sim_2_5_068,0,0.2492457633333119,0,0.64,Simulated plotting data only; not real experimental results.
simulated_for_plotting_only,+PGA-Attention,√,×,5,sim_2_5_069,0,0.4406070324202046,0,0.64,Simulated plotting data only; not real experimental results.
simulated_for_plotting_only,+PGA-Attention,√,×,5,sim_2_5_070,0,0.4081019418701803,0,0.64,Simulated plotting data only; not real experimental results.
simulated_for_plotting_only,+PGA-Attention,√,×,5,sim_2_5_071,0,0.4542822206765869,0,0.64,Simulated plotting data only; not real experimental results.
simulated_for_plotting_only,+PGA-Attention,√,×,5,sim_2_5_072,1,0.7895323396739572,1,0.64,Simulated plotting data only; not real experimental results.
simulated_for_plotting_only,+PGA-Attention,√,×,5,sim_2_5_073,0,0.537652229919552,0,0.64,Simulated plotting data only; not real experimental results.
simulated_for_plotting_only,+PGA-Attention,√,×,5,sim_2_5_074,0,0.7491717522183378,1,0.64,Simulated plotting data only; not real experimental results.
simulated_for_plotting_only,+PGA-Attention,√,×,5,sim_2_5_075,0,0.5336995310871963,0,0.64,Simulated plotting data only; not real experimental results.
simulated_for_plotting_only,+PGA-Attention,√,×,5,sim_2_5_076,0,0.4446952025404266,0,0.64,Simulated plotting data only; not real experimental results.
simulated_for_plotting_only,+PGA-Attention,√,×,5,sim_2_5_077,0,0.5831508047807714,0,0.64,Simulated plotting data only; not real experimental results.
simulated_for_plotting_only,+PGA-Attention,√,×,5,sim_2_5_078,0,0.6088882040160672,0,0.64,Simulated plotting data only; not real experimental results.
simulated_for_plotting_only,+PGA-Attention,√,×,5,sim_2_5_079,1,0.8946411733421927,1,0.64,Simulated plotting data only; not real experimental results.
simulated_for_plotting_only,+PGA-Attention,√,×,5,sim_2_5_080,0,0.5868441724148207,0,0.64,Simulated plotting data only; not real experimental results.
simulated_for_plotting_only,+PGA-Attention,√,×,5,sim_2_5_081,0,0.3177110164056343,0,0.64,Simulated plotting data only; not real experimental results.
simulated_for_plotting_only,+PGA-Attention,√,×,5,sim_2_5_082,1,0.9091841801737852,1,0.64,Simulated plotting data only; not real experimental results.
simulated_for_plotting_only,+PGA-Attention,√,×,5,sim_2_5_083,1,0.8578900904771972,1,0.64,Simulated plotting data only; not real experimental results.
simulated_for_plotting_only,+PGA-Attention,√,×,5,sim_2_5_084,0,0.3426778094842709,0,0.64,Simulated plotting data only; not real experimental results.
simulated_for_plotting_only,+PGA-Attention,√,×,5,sim_2_5_085,0,0.1164142758391035,0,0.64,Simulated plotting data only; not real experimental results.
simulated_for_plotting_only,+PGA-Attention,√,×,5,sim_2_5_086,1,0.9600499909389328,1,0.64,Simulated plotting data only; not real experimental results.
simulated_for_plotting_only,+PGA-Attention,√,×,5,sim_2_5_087,0,0.3831628046789403,0,0.64,Simulated plotting data only; not real experimental results.
simulated_for_plotting_only,+PGA-Attention,√,×,5,sim_2_5_088,1,0.9511235932443972,1,0.64,Simulated plotting data only; not real experimental results.
simulated_for_plotting_only,+PGA-Attention,√,×,5,sim_2_5_089,0,0.3392884917710355,0,0.64,Simulated plotting data only; not real experimental results.
simulated_for_plotting_only,+PGA-Attention,√,×,5,sim_2_5_090,0,0.5096419142602234,0,0.64,Simulated plotting data only; not real experimental results.
simulated_for_plotting_only,+PGA-Attention,√,×,5,sim_2_5_091,0,0.2370625903053203,0,0.64,Simulated plotting data only; not real experimental results.
simulated_for_plotting_only,+PGA-Attention,√,×,5,sim_2_5_092,0,0.6137688773363013,0,0.64,Simulated plotting data only; not real experimental results.
simulated_for_plotting_only,+PGA-Attention,√,×,5,sim_2_5_093,1,0.8611787240415489,1,0.64,Simulated plotting data only; not real experimental results.
simulated_for_plotting_only,+PGA-Attention,√,×,5,sim_2_5_094,0,0.4358101870334332,0,0.64,Simulated plotting data only; not real experimental results.
simulated_for_plotting_only,+PGA-Attention,√,×,5,sim_2_5_095,0,0.2311527399230966,0,0.64,Simulated plotting data only; not real experimental results.
simulated_for_plotting_only,+PGA-Attention,√,×,5,sim_2_5_096,0,0.5870340060616204,0,0.64,Simulated plotting data only; not real experimental results.
simulated_for_plotting_only,+PGA-Attention,√,×,5,sim_2_5_097,0,0.744990295063733,1,0.64,Simulated plotting data only; not real experimental results.
simulated_for_plotting_only,+PGA-Attention,√,×,5,sim_2_5_098,1,0.9191991791744144,1,0.64,Simulated plotting data only; not real experimental results.
simulated_for_plotting_only,+PGA-Attention,√,×,5,sim_2_5_099,1,0.3992482672347667,0,0.64,Simulated plotting data only; not real experimental results.
simulated_for_plotting_only,+PGA-Attention,√,×,5,sim_2_5_100,0,0.6774166856085241,1,0.64,Simulated plotting data only; not real experimental results.
simulated_for_plotting_only,+PGA-Attention,√,×,5,sim_2_5_101,1,0.9194789391783008,1,0.64,Simulated plotting data only; not real experimental results.
simulated_for_plotting_only,+PGA-Attention,√,×,5,sim_2_5_102,1,0.9378464168889564,1,0.64,Simulated plotting data only; not real experimental results.
simulated_for_plotting_only,+PGA-Attention,√,×,5,sim_2_5_103,0,0.6334335618802588,0,0.64,Simulated plotting data only; not real experimental results.
simulated_for_plotting_only,+PGA-Attention,√,×,5,sim_2_5_104,1,0.971726579656192,1,0.64,Simulated plotting data only; not real experimental results.
simulated_for_plotting_only,+PGA-Attention,√,×,5,sim_2_5_105,1,0.9629414550679488,1,0.64,Simulated plotting data only; not real experimental results.
simulated_for_plotting_only,+PGA-Attention,√,×,5,sim_2_5_106,0,0.1534327574922971,0,0.64,Simulated plotting data only; not real experimental results.
simulated_for_plotting_only,+PGA-Attention,√,×,5,sim_2_5_107,0,0.113476197249047,0,0.64,Simulated plotting data only; not real experimental results.
simulated_for_plotting_only,+PGA-Attention,√,×,5,sim_2_5_108,0,0.6175033339946501,0,0.64,Simulated plotting data only; not real experimental results.
simulated_for_plotting_only,+PGA-Attention,√,×,5,sim_2_5_109,0,0.6404728931275483,1,0.64,Simulated plotting data only; not real experimental results.
simulated_for_plotting_only,+PGA-Attention,√,×,5,sim_2_5_110,0,0.2995274860931323,0,0.64,Simulated plotting data only; not real experimental results.
simulated_for_plotting_only,+PGA-Attention,√,×,5,sim_2_5_111,0,0.3512066780483674,0,0.64,Simulated plotting data only; not real experimental results.
simulated_for_plotting_only,+PGA-Attention,√,×,5,sim_2_5_112,1,0.8650947439931774,1,0.64,Simulated plotting data only; not real experimental results.
simulated_for_plotting_only,+PGA-Attention,√,×,5,sim_2_5_113,0,0.5202722213204319,0,0.64,Simulated plotting data only; not real experimental results.
simulated_for_plotting_only,+PGA-Attention,√,×,5,sim_2_5_114,0,0.489101353968157,0,0.64,Simulated plotting data only; not real experimental results.
simulated_for_plotting_only,+PGA-Attention,√,×,5,sim_2_5_115,0,0.2624838309470639,0,0.64,Simulated plotting data only; not real experimental results.
simulated_for_plotting_only,+PGA-Attention,√,×,5,sim_2_5_116,0,0.2661423171435472,0,0.64,Simulated plotting data only; not real experimental results.
simulated_for_plotting_only,+PGA-Attention,√,×,5,sim_2_5_117,0,0.5100540093133566,0,0.64,Simulated plotting data only; not real experimental results.
simulated_for_plotting_only,+PGA-Attention,√,×,5,sim_2_5_118,0,0.3578322074496594,0,0.64,Simulated plotting data only; not real experimental results.
simulated_for_plotting_only,+PGA-Attention,√,×,5,sim_2_5_119,0,0.6921072167190226,1,0.64,Simulated plotting data only; not real experimental results.
simulated_for_plotting_only,+PGA-Attention,√,×,5,sim_2_5_120,0,0.6006013657407522,0,0.64,Simulated plotting data only; not real experimental results.
simulated_for_plotting_only,+PGA-Attention,√,×,5,sim_2_5_121,1,0.8210112111533666,1,0.64,Simulated plotting data only; not real experimental results.
simulated_for_plotting_only,+PGA-Attention,√,×,5,sim_2_5_122,0,0.8459748239769646,1,0.64,Simulated plotting data only; not real experimental results.
simulated_for_plotting_only,+PGA-Attention,√,×,5,sim_2_5_123,1,0.685909670114897,1,0.64,Simulated plotting data only; not real experimental results.
simulated_for_plotting_only,+PGA-Attention,√,×,5,sim_2_5_124,0,0.5581870782384369,0,0.64,Simulated plotting data only; not real experimental results.
simulated_for_plotting_only,+PGA-Attention,√,×,5,sim_2_5_125,0,0.2809284468454847,0,0.64,Simulated plotting data only; not real experimental results.
simulated_for_plotting_only,+PGA-Attention,√,×,5,sim_2_5_126,0,0.5603399512024143,0,0.64,Simulated plotting data only; not real experimental results.
simulated_for_plotting_only,+PGA-Attention,√,×,5,sim_2_5_127,0,0.3255769475201255,0,0.64,Simulated plotting data only; not real experimental results.
simulated_for_plotting_only,+PGA-Attention,√,×,5,sim_2_5_128,0,0.1990751131204729,0,0.64,Simulated plotting data only; not real experimental results.
simulated_for_plotting_only,+PGA-Attention,√,×,5,sim_2_5_129,1,0.8433043009530299,1,0.64,Simulated plotting data only; not real experimental results.
simulated_for_plotting_only,+PGA-Attention,√,×,5,sim_2_5_130,0,0.7124437700569736,1,0.64,Simulated plotting data only; not real experimental results.
simulated_for_plotting_only,+PGA-Attention,√,×,5,sim_2_5_131,0,0.737903668601206,1,0.64,Simulated plotting data only; not real experimental results.
simulated_for_plotting_only,+PGA-Attention,√,×,5,sim_2_5_132,0,0.0701674539786672,0,0.64,Simulated plotting data only; not real experimental results.
simulated_for_plotting_only,+PGA-Attention,√,×,5,sim_2_5_133,1,0.9787504638321888,1,0.64,Simulated plotting data only; not real experimental results.
simulated_for_plotting_only,+PGA-Attention,√,×,5,sim_2_5_134,0,0.3650980429940368,0,0.64,Simulated plotting data only; not real experimental results.
simulated_for_plotting_only,+PGA-Attention,√,×,5,sim_2_5_135,0,0.5876832732206582,0,0.64,Simulated plotting data only; not real experimental results.
simulated_for_plotting_only,+PGA-Attention,√,×,5,sim_2_5_136,0,0.6522532641226496,1,0.64,Simulated plotting data only; not real experimental results.
simulated_for_plotting_only,+PGA-Attention,√,×,5,sim_2_5_137,0,0.3287364430499698,0,0.64,Simulated plotting data only; not real experimental results.
simulated_for_plotting_only,+PGA-Attention,√,×,5,sim_2_5_138,1,0.8418137291058505,1,0.64,Simulated plotting data only; not real experimental results.
simulated_for_plotting_only,+PGA-Attention,√,×,5,sim_2_5_139,0,0.5690550749778379,0,0.64,Simulated plotting data only; not real experimental results.
simulated_for_plotting_only,+PGA-Attention,√,×,5,sim_2_5_140,0,0.2772989888985582,0,0.64,Simulated plotting data only; not real experimental results.
simulated_for_plotting_only,+PGA-Attention,√,×,5,sim_2_5_141,1,0.9264805303592146,1,0.64,Simulated plotting data only; not real experimental results.
simulated_for_plotting_only,+PGA-Attention,√,×,5,sim_2_5_142,0,0.1715321011600691,0,0.64,Simulated plotting data only; not real experimental results.
simulated_for_plotting_only,+PGA-Attention,√,×,5,sim_2_5_143,0,0.5407115007142277,0,0.64,Simulated plotting data only; not real experimental results.
simulated_for_plotting_only,+PGA-Attention,√,×,5,sim_2_5_144,1,0.9147087206695022,1,0.64,Simulated plotting data only; not real experimental results.
simulated_for_plotting_only,+PGA-Attention,√,×,5,sim_2_5_145,1,0.9370135912960148,1,0.64,Simulated plotting data only; not real experimental results.
simulated_for_plotting_only,+PGA-Attention,√,×,5,sim_2_5_146,1,0.8334599622365044,1,0.64,Simulated plotting data only; not real experimental results.
simulated_for_plotting_only,+PGA-Attention,√,×,5,sim_2_5_147,0,0.7375176047754962,1,0.64,Simulated plotting data only; not real experimental results.
simulated_for_plotting_only,+PGA-Attention,√,×,5,sim_2_5_148,0,0.4913161619770546,0,0.64,Simulated plotting data only; not real experimental results.
simulated_for_plotting_only,+PGA-Attention,√,×,5,sim_2_5_149,0,0.5184234713099795,0,0.64,Simulated plotting data only; not real experimental results.
simulated_for_plotting_only,+PGA-Attention,√,×,5,sim_2_5_150,0,0.378497426753909,0,0.64,Simulated plotting data only; not real experimental results.
simulated_for_plotting_only,+PGA-Attention,√,×,5,sim_2_5_151,0,0.7090891055305563,1,0.64,Simulated plotting data only; not real experimental results.
simulated_for_plotting_only,+PGA-Attention,√,×,5,sim_2_5_152,0,0.4185649781577164,0,0.64,Simulated plotting data only; not real experimental results.
simulated_for_plotting_only,+PGA-Attention,√,×,5,sim_2_5_153,0,0.4732619411949398,0,0.64,Simulated plotting data only; not real experimental results.
simulated_for_plotting_only,+PGA-Attention,√,×,5,sim_2_5_154,0,0.1946747721406099,0,0.64,Simulated plotting data only; not real experimental results.
simulated_for_plotting_only,+PGA-Attention,√,×,5,sim_2_5_155,0,0.1443736099847437,0,0.64,Simulated plotting data only; not real experimental results.
simulated_for_plotting_only,+PGA-Attention,√,×,5,sim_2_5_156,0,0.3049616791539387,0,0.64,Simulated plotting data only; not real experimental results.
simulated_for_plotting_only,+PGA-Attention,√,×,5,sim_2_5_157,0,0.4502565517638879,0,0.64,Simulated plotting data only; not real experimental results.
simulated_for_plotting_only,+PGA-Attention,√,×,5,sim_2_5_158,1,0.9491188673473532,1,0.64,Simulated plotting data only; not real experimental results.
simulated_for_plotting_only,+PGA-Attention,√,×,5,sim_2_5_159,0,0.1327149507082565,0,0.64,Simulated plotting data only; not real experimental results.
simulated_for_plotting_only,+PGA-Attention,√,×,5,sim_2_5_160,0,0.2971235138909388,0,0.64,Simulated plotting data only; not real experimental results.
simulated_for_plotting_only,+PGA-Attention,√,×,5,sim_2_5_161,0,0.7274544462752363,1,0.64,Simulated plotting data only; not real experimental results.
simulated_for_plotting_only,+PGA-Attention,√,×,5,sim_2_5_162,0,0.6484368237976033,1,0.64,Simulated plotting data only; not real experimental results.
simulated_for_plotting_only,+PGA-Attention,√,×,5,sim_2_5_163,1,0.9764997296861668,1,0.64,Simulated plotting data only; not real experimental results.
simulated_for_plotting_only,+PGA-Attention,√,×,5,sim_2_5_164,1,0.6407498040579455,1,0.64,Simulated plotting data only; not real experimental results.
simulated_for_plotting_only,+PGA-Attention,√,×,5,sim_2_5_165,1,0.8996593705760215,1,0.64,Simulated plotting data only; not real experimental results.
simulated_for_plotting_only,+PGA-Attention,√,×,5,sim_2_5_166,1,0.6317165731215554,0,0.64,Simulated plotting data only; not real experimental results.
simulated_for_plotting_only,+PGA-Attention,√,×,5,sim_2_5_167,1,0.8064696230603501,1,0.64,Simulated plotting data only; not real experimental results.
simulated_for_plotting_only,+PGA-Attention,√,×,5,sim_2_5_168,0,0.2921325573362629,0,0.64,Simulated plotting data only; not real experimental results.
simulated_for_plotting_only,+PGA-Attention,√,×,5,sim_2_5_169,0,0.4056147727576946,0,0.64,Simulated plotting data only; not real experimental results.
simulated_for_plotting_only,+PGA-Attention,√,×,5,sim_2_5_170,0,0.722827400866507,1,0.64,Simulated plotting data only; not real experimental results.
simulated_for_plotting_only,+PGA-Attention,√,×,5,sim_2_5_171,1,0.7993490267769976,1,0.64,Simulated plotting data only; not real experimental results.
simulated_for_plotting_only,+PGA-Attention,√,×,5,sim_2_5_172,0,0.6387302336615786,0,0.64,Simulated plotting data only; not real experimental results.
simulated_for_plotting_only,+PGA-Attention,√,×,5,sim_2_5_173,0,0.47798790102676,0,0.64,Simulated plotting data only; not real experimental results.
simulated_for_plotting_only,+PGA-Attention,√,×,5,sim_2_5_174,0,0.6718895191819548,1,0.64,Simulated plotting data only; not real experimental results.
simulated_for_plotting_only,+PGA-Attention,√,×,5,sim_2_5_175,0,0.7944527480923081,1,0.64,Simulated plotting data only; not real experimental results.
simulated_for_plotting_only,+PGA-Attention,√,×,5,sim_2_5_176,0,0.7111204652128867,1,0.64,Simulated plotting data only; not real experimental results.
simulated_for_plotting_only,+PGA-Attention,√,×,5,sim_2_5_177,0,0.8045547231710354,1,0.64,Simulated plotting data only; not real experimental results.
simulated_for_plotting_only,+PGA-Attention,√,×,5,sim_2_5_178,1,0.7663871974129829,1,0.64,Simulated plotting data only; not real experimental results.
simulated_for_plotting_only,+PGA-Attention,√,×,5,sim_2_5_179,0,0.4491536972911245,0,0.64,Simulated plotting data only; not real experimental results.
simulated_for_plotting_only,+PGA-Attention,√,×,5,sim_2_5_180,0,0.4194495317045224,0,0.64,Simulated plotting data only; not real experimental results.
simulated_for_plotting_only,+PGA-Attention,√,×,5,sim_2_5_181,0,0.4247975894505619,0,0.64,Simulated plotting data only; not real experimental results.
simulated_for_plotting_only,+PGA-Attention,√,×,5,sim_2_5_182,0,0.2454432278188268,0,0.64,Simulated plotting data only; not real experimental results.
simulated_for_plotting_only,+PGA-Attention,√,×,5,sim_2_5_183,1,0.9224299275605136,1,0.64,Simulated plotting data only; not real experimental results.
simulated_for_plotting_only,+PGA-Arithmetic,×,√,1,sim_3_1_001,1,0.8563630997235442,1,0.63,Simulated plotting data only; not real experimental results.
simulated_for_plotting_only,+PGA-Arithmetic,×,√,1,sim_3_1_002,0,0.4199226267470813,0,0.63,Simulated plotting data only; not real experimental results.
simulated_for_plotting_only,+PGA-Arithmetic,×,√,1,sim_3_1_003,0,0.6834376397411078,1,0.63,Simulated plotting data only; not real experimental results.
simulated_for_plotting_only,+PGA-Arithmetic,×,√,1,sim_3_1_004,0,0.4706044501644395,0,0.63,Simulated plotting data only; not real experimental results.
simulated_for_plotting_only,+PGA-Arithmetic,×,√,1,sim_3_1_005,0,0.6922162985598043,1,0.63,Simulated plotting data only; not real experimental results.
simulated_for_plotting_only,+PGA-Arithmetic,×,√,1,sim_3_1_006,1,0.8050212842465392,1,0.63,Simulated plotting data only; not real experimental results.
simulated_for_plotting_only,+PGA-Arithmetic,×,√,1,sim_3_1_007,0,0.5037670080138599,0,0.63,Simulated plotting data only; not real experimental results.
simulated_for_plotting_only,+PGA-Arithmetic,×,√,1,sim_3_1_008,0,0.2320713340902064,0,0.63,Simulated plotting data only; not real experimental results.
simulated_for_plotting_only,+PGA-Arithmetic,×,√,1,sim_3_1_009,0,0.2964913683562293,0,0.63,Simulated plotting data only; not real experimental results.
simulated_for_plotting_only,+PGA-Arithmetic,×,√,1,sim_3_1_010,0,0.7805162606584698,1,0.63,Simulated plotting data only; not real experimental results.
simulated_for_plotting_only,+PGA-Arithmetic,×,√,1,sim_3_1_011,0,0.8080420125776858,1,0.63,Simulated plotting data only; not real experimental results.
simulated_for_plotting_only,+PGA-Arithmetic,×,√,1,sim_3_1_012,0,0.2570010690440472,0,0.63,Simulated plotting data only; not real experimental results.
simulated_for_plotting_only,+PGA-Arithmetic,×,√,1,sim_3_1_013,0,0.594731584280663,0,0.63,Simulated plotting data only; not real experimental results.
simulated_for_plotting_only,+PGA-Arithmetic,×,√,1,sim_3_1_014,0,0.466931270751744,0,0.63,Simulated plotting data only; not real experimental results.
simulated_for_plotting_only,+PGA-Arithmetic,×,√,1,sim_3_1_015,0,0.3388782837866593,0,0.63,Simulated plotting data only; not real experimental results.
simulated_for_plotting_only,+PGA-Arithmetic,×,√,1,sim_3_1_016,1,0.805232747274544,1,0.63,Simulated plotting data only; not real experimental results.
simulated_for_plotting_only,+PGA-Arithmetic,×,√,1,sim_3_1_017,0,0.4376595394609742,0,0.63,Simulated plotting data only; not real experimental results.
simulated_for_plotting_only,+PGA-Arithmetic,×,√,1,sim_3_1_018,1,0.8056371781127895,1,0.63,Simulated plotting data only; not real experimental results.
simulated_for_plotting_only,+PGA-Arithmetic,×,√,1,sim_3_1_019,0,0.6718322869984414,1,0.63,Simulated plotting data only; not real experimental results.
simulated_for_plotting_only,+PGA-Arithmetic,×,√,1,sim_3_1_020,0,0.6540841356491851,1,0.63,Simulated plotting data only; not real experimental results.
simulated_for_plotting_only,+PGA-Arithmetic,×,√,1,sim_3_1_021,0,0.2289150717461967,0,0.63,Simulated plotting data only; not real experimental results.
simulated_for_plotting_only,+PGA-Arithmetic,×,√,1,sim_3_1_022,1,0.4376777656846997,0,0.63,Simulated plotting data only; not real experimental results.
simulated_for_plotting_only,+PGA-Arithmetic,×,√,1,sim_3_1_023,0,0.4327934217688807,0,0.63,Simulated plotting data only; not real experimental results.
simulated_for_plotting_only,+PGA-Arithmetic,×,√,1,sim_3_1_024,1,0.8677771625311808,1,0.63,Simulated plotting data only; not real experimental results.
simulated_for_plotting_only,+PGA-Arithmetic,×,√,1,sim_3_1_025,0,0.7433051252928489,1,0.63,Simulated plotting data only; not real experimental results.
simulated_for_plotting_only,+PGA-Arithmetic,×,√,1,sim_3_1_026,1,0.907396998113341,1,0.63,Simulated plotting data only; not real experimental results.
simulated_for_plotting_only,+PGA-Arithmetic,×,√,1,sim_3_1_027,1,0.9248435702301416,1,0.63,Simulated plotting data only; not real experimental results.
simulated_for_plotting_only,+PGA-Arithmetic,×,√,1,sim_3_1_028,1,0.4375936881722509,0,0.63,Simulated plotting data only; not real experimental results.
simulated_for_plotting_only,+PGA-Arithmetic,×,√,1,sim_3_1_029,0,0.548061316826213,0,0.63,Simulated plotting data only; not real experimental results.
simulated_for_plotting_only,+PGA-Arithmetic,×,√,1,sim_3_1_030,1,0.8583875174977814,1,0.63,Simulated plotting data only; not real experimental results.
simulated_for_plotting_only,+PGA-Arithmetic,×,√,1,sim_3_1_031,0,0.3134497503966311,0,0.63,Simulated plotting data only; not real experimental results.
simulated_for_plotting_only,+PGA-Arithmetic,×,√,1,sim_3_1_032,0,0.7897529219957516,1,0.63,Simulated plotting data only; not real experimental results.
simulated_for_plotting_only,+PGA-Arithmetic,×,√,1,sim_3_1_033,0,0.3857904998450064,0,0.63,Simulated plotting data only; not real experimental results.
simulated_for_plotting_only,+PGA-Arithmetic,×,√,1,sim_3_1_034,0,0.1919920849954201,0,0.63,Simulated plotting data only; not real experimental results.
simulated_for_plotting_only,+PGA-Arithmetic,×,√,1,sim_3_1_035,0,0.7097797267248478,1,0.63,Simulated plotting data only; not real experimental results.
simulated_for_plotting_only,+PGA-Arithmetic,×,√,1,sim_3_1_036,0,0.3213192454247041,0,0.63,Simulated plotting data only; not real experimental results.
simulated_for_plotting_only,+PGA-Arithmetic,×,√,1,sim_3_1_037,0,0.202937937810322,0,0.63,Simulated plotting data only; not real experimental results.
simulated_for_plotting_only,+PGA-Arithmetic,×,√,1,sim_3_1_038,0,0.4145123930209248,0,0.63,Simulated plotting data only; not real experimental results.
simulated_for_plotting_only,+PGA-Arithmetic,×,√,1,sim_3_1_039,0,0.2845807002746205,0,0.63,Simulated plotting data only; not real experimental results.
simulated_for_plotting_only,+PGA-Arithmetic,×,√,1,sim_3_1_040,0,0.4065512438820786,0,0.63,Simulated plotting data only; not real experimental results.
simulated_for_plotting_only,+PGA-Arithmetic,×,√,1,sim_3_1_041,0,0.1505018757337561,0,0.63,Simulated plotting data only; not real experimental results.
simulated_for_plotting_only,+PGA-Arithmetic,×,√,1,sim_3_1_042,1,0.9529719992731108,1,0.63,Simulated plotting data only; not real experimental results.
simulated_for_plotting_only,+PGA-Arithmetic,×,√,1,sim_3_1_043,0,0.655956462576902,1,0.63,Simulated plotting data only; not real experimental results.
simulated_for_plotting_only,+PGA-Arithmetic,×,√,1,sim_3_1_044,0,0.7883150529803561,1,0.63,Simulated plotting data only; not real experimental results.
simulated_for_plotting_only,+PGA-Arithmetic,×,√,1,sim_3_1_045,0,0.2991282796717294,0,0.63,Simulated plotting data only; not real experimental results.
simulated_for_plotting_only,+PGA-Arithmetic,×,√,1,sim_3_1_046,1,0.7497437860114681,1,0.63,Simulated plotting data only; not real experimental results.
simulated_for_plotting_only,+PGA-Arithmetic,×,√,1,sim_3_1_047,0,0.3646555640559255,0,0.63,Simulated plotting data only; not real experimental results.
simulated_for_plotting_only,+PGA-Arithmetic,×,√,1,sim_3_1_048,0,0.7467452897199194,1,0.63,Simulated plotting data only; not real experimental results.
simulated_for_plotting_only,+PGA-Arithmetic,×,√,1,sim_3_1_049,0,0.5317509759364121,0,0.63,Simulated plotting data only; not real experimental results.
simulated_for_plotting_only,+PGA-Arithmetic,×,√,1,sim_3_1_050,0,0.1639764277386726,0,0.63,Simulated plotting data only; not real experimental results.
simulated_for_plotting_only,+PGA-Arithmetic,×,√,1,sim_3_1_051,1,0.902850351471445,1,0.63,Simulated plotting data only; not real experimental results.
simulated_for_plotting_only,+PGA-Arithmetic,×,√,1,sim_3_1_052,0,0.5580538721047523,0,0.63,Simulated plotting data only; not real experimental results.
simulated_for_plotting_only,+PGA-Arithmetic,×,√,1,sim_3_1_053,0,0.2055945494883364,0,0.63,Simulated plotting data only; not real experimental results.
simulated_for_plotting_only,+PGA-Arithmetic,×,√,1,sim_3_1_054,1,0.6786366786005178,1,0.63,Simulated plotting data only; not real experimental results.
simulated_for_plotting_only,+PGA-Arithmetic,×,√,1,sim_3_1_055,1,0.8342460285424261,1,0.63,Simulated plotting data only; not real experimental results.
simulated_for_plotting_only,+PGA-Arithmetic,×,√,1,sim_3_1_056,1,0.557708516049978,0,0.63,Simulated plotting data only; not real experimental results.
simulated_for_plotting_only,+PGA-Arithmetic,×,√,1,sim_3_1_057,1,0.9053702766499244,1,0.63,Simulated plotting data only; not real experimental results.
simulated_for_plotting_only,+PGA-Arithmetic,×,√,1,sim_3_1_058,0,0.7366489082555816,1,0.63,Simulated plotting data only; not real experimental results.
simulated_for_plotting_only,+PGA-Arithmetic,×,√,1,sim_3_1_059,0,0.2672383145356369,0,0.63,Simulated plotting data only; not real experimental results.
simulated_for_plotting_only,+PGA-Arithmetic,×,√,1,sim_3_1_060,0,0.4174561562420867,0,0.63,Simulated plotting data only; not real experimental results.
simulated_for_plotting_only,+PGA-Arithmetic,×,√,1,sim_3_1_061,0,0.6185016568050594,0,0.63,Simulated plotting data only; not real experimental results.
simulated_for_plotting_only,+PGA-Arithmetic,×,√,1,sim_3_1_062,1,0.7982780437986527,1,0.63,Simulated plotting data only; not real experimental results.
simulated_for_plotting_only,+PGA-Arithmetic,×,√,1,sim_3_1_063,0,0.6385137950578611,1,0.63,Simulated plotting data only; not real experimental results.
simulated_for_plotting_only,+PGA-Arithmetic,×,√,1,sim_3_1_064,1,0.8899362628898455,1,0.63,Simulated plotting data only; not real experimental results.
simulated_for_plotting_only,+PGA-Arithmetic,×,√,1,sim_3_1_065,0,0.4304367665347405,0,0.63,Simulated plotting data only; not real experimental results.
simulated_for_plotting_only,+PGA-Arithmetic,×,√,1,sim_3_1_066,0,0.1421920619246413,0,0.63,Simulated plotting data only; not real experimental results.
simulated_for_plotting_only,+PGA-Arithmetic,×,√,1,sim_3_1_067,0,0.705818729907094,1,0.63,Simulated plotting data only; not real experimental results.
simulated_for_plotting_only,+PGA-Arithmetic,×,√,1,sim_3_1_068,1,0.5088196642198606,0,0.63,Simulated plotting data only; not real experimental results.
simulated_for_plotting_only,+PGA-Arithmetic,×,√,1,sim_3_1_069,0,0.6653718089114896,1,0.63,Simulated plotting data only; not real experimental results.
simulated_for_plotting_only,+PGA-Arithmetic,×,√,1,sim_3_1_070,1,0.6395604885261921,1,0.63,Simulated plotting data only; not real experimental results.
simulated_for_plotting_only,+PGA-Arithmetic,×,√,1,sim_3_1_071,0,0.4794216891785089,0,0.63,Simulated plotting data only; not real experimental results.
simulated_for_plotting_only,+PGA-Arithmetic,×,√,1,sim_3_1_072,1,0.9132898532688448,1,0.63,Simulated plotting data only; not real experimental results.
simulated_for_plotting_only,+PGA-Arithmetic,×,√,1,sim_3_1_073,0,0.4924282270838565,0,0.63,Simulated plotting data only; not real experimental results.
simulated_for_plotting_only,+PGA-Arithmetic,×,√,1,sim_3_1_074,1,0.8013468412137282,1,0.63,Simulated plotting data only; not real experimental results.
simulated_for_plotting_only,+PGA-Arithmetic,×,√,1,sim_3_1_075,0,0.7103827791296871,1,0.63,Simulated plotting data only; not real experimental results.
simulated_for_plotting_only,+PGA-Arithmetic,×,√,1,sim_3_1_076,1,0.9201497904778796,1,0.63,Simulated plotting data only; not real experimental results.
simulated_for_plotting_only,+PGA-Arithmetic,×,√,1,sim_3_1_077,0,0.449904693296713,0,0.63,Simulated plotting data only; not real experimental results.
simulated_for_plotting_only,+PGA-Arithmetic,×,√,1,sim_3_1_078,0,0.7288801934312761,1,0.63,Simulated plotting data only; not real experimental results.
simulated_for_plotting_only,+PGA-Arithmetic,×,√,1,sim_3_1_079,0,0.62546460802274,0,0.63,Simulated plotting data only; not real experimental results.
simulated_for_plotting_only,+PGA-Arithmetic,×,√,1,sim_3_1_080,1,0.9768108366631424,1,0.63,Simulated plotting data only; not real experimental results.
simulated_for_plotting_only,+PGA-Arithmetic,×,√,1,sim_3_1_081,0,0.5408007332322774,0,0.63,Simulated plotting data only; not real experimental results.
simulated_for_plotting_only,+PGA-Arithmetic,×,√,1,sim_3_1_082,1,0.9037973848291236,1,0.63,Simulated plotting data only; not real experimental results.
simulated_for_plotting_only,+PGA-Arithmetic,×,√,1,sim_3_1_083,0,0.5719368616842919,0,0.63,Simulated plotting data only; not real experimental results.
simulated_for_plotting_only,+PGA-Arithmetic,×,√,1,sim_3_1_084,0,0.2669529786715481,0,0.63,Simulated plotting data only; not real experimental results.
simulated_for_plotting_only,+PGA-Arithmetic,×,√,1,sim_3_1_085,1,0.9707080039882116,1,0.63,Simulated plotting data only; not real experimental results.
simulated_for_plotting_only,+PGA-Arithmetic,×,√,1,sim_3_1_086,0,0.5626801308464594,0,0.63,Simulated plotting data only; not real experimental results.
simulated_for_plotting_only,+PGA-Arithmetic,×,√,1,sim_3_1_087,0,0.1259583270033263,0,0.63,Simulated plotting data only; not real experimental results.
simulated_for_plotting_only,+PGA-Arithmetic,×,√,1,sim_3_1_088,0,0.6487917592351338,1,0.63,Simulated plotting data only; not real experimental results.
simulated_for_plotting_only,+PGA-Arithmetic,×,√,1,sim_3_1_089,0,0.2007085306048097,0,0.63,Simulated plotting data only; not real experimental results.
simulated_for_plotting_only,+PGA-Arithmetic,×,√,1,sim_3_1_090,0,0.7518847014881284,1,0.63,Simulated plotting data only; not real experimental results.
simulated_for_plotting_only,+PGA-Arithmetic,×,√,1,sim_3_1_091,1,0.8467167556232387,1,0.63,Simulated plotting data only; not real experimental results.
simulated_for_plotting_only,+PGA-Arithmetic,×,√,1,sim_3_1_092,1,0.7715723676923025,1,0.63,Simulated plotting data only; not real experimental results.
simulated_for_plotting_only,+PGA-Arithmetic,×,√,1,sim_3_1_093,0,0.6439650137245465,1,0.63,Simulated plotting data only; not real experimental results.
simulated_for_plotting_only,+PGA-Arithmetic,×,√,1,sim_3_1_094,0,0.5066207669040929,0,0.63,Simulated plotting data only; not real experimental results.
simulated_for_plotting_only,+PGA-Arithmetic,×,√,1,sim_3_1_095,0,0.5976264971391669,0,0.63,Simulated plotting data only; not real experimental results.
simulated_for_plotting_only,+PGA-Arithmetic,×,√,1,sim_3_1_096,0,0.5188192734993748,0,0.63,Simulated plotting data only; not real experimental results.
simulated_for_plotting_only,+PGA-Arithmetic,×,√,1,sim_3_1_097,0,0.9068335817198536,1,0.63,Simulated plotting data only; not real experimental results.
simulated_for_plotting_only,+PGA-Arithmetic,×,√,1,sim_3_1_098,1,0.579907345849401,0,0.63,Simulated plotting data only; not real experimental results.
simulated_for_plotting_only,+PGA-Arithmetic,×,√,1,sim_3_1_099,0,0.3685882721236591,0,0.63,Simulated plotting data only; not real experimental results.
simulated_for_plotting_only,+PGA-Arithmetic,×,√,1,sim_3_1_100,0,0.6804085087708863,1,0.63,Simulated plotting data only; not real experimental results.
simulated_for_plotting_only,+PGA-Arithmetic,×,√,1,sim_3_1_101,0,0.5674609578769736,0,0.63,Simulated plotting data only; not real experimental results.
simulated_for_plotting_only,+PGA-Arithmetic,×,√,1,sim_3_1_102,0,0.4936708042412989,0,0.63,Simulated plotting data only; not real experimental results.
simulated_for_plotting_only,+PGA-Arithmetic,×,√,1,sim_3_1_103,0,0.5349959209762932,0,0.63,Simulated plotting data only; not real experimental results.
simulated_for_plotting_only,+PGA-Arithmetic,×,√,1,sim_3_1_104,0,0.2262175869939674,0,0.63,Simulated plotting data only; not real experimental results.
simulated_for_plotting_only,+PGA-Arithmetic,×,√,1,sim_3_1_105,1,0.8853338906029287,1,0.63,Simulated plotting data only; not real experimental results.
simulated_for_plotting_only,+PGA-Arithmetic,×,√,1,sim_3_1_106,1,0.9682246731828196,1,0.63,Simulated plotting data only; not real experimental results.
simulated_for_plotting_only,+PGA-Arithmetic,×,√,1,sim_3_1_107,0,0.4061608159047947,0,0.63,Simulated plotting data only; not real experimental results.
simulated_for_plotting_only,+PGA-Arithmetic,×,√,1,sim_3_1_108,1,0.8540620159285864,1,0.63,Simulated plotting data only; not real experimental results.
simulated_for_plotting_only,+PGA-Arithmetic,×,√,1,sim_3_1_109,0,0.7491566097357915,1,0.63,Simulated plotting data only; not real experimental results.
simulated_for_plotting_only,+PGA-Arithmetic,×,√,1,sim_3_1_110,0,0.7331716233724016,1,0.63,Simulated plotting data only; not real experimental results.
simulated_for_plotting_only,+PGA-Arithmetic,×,√,1,sim_3_1_111,0,0.2981440816803613,0,0.63,Simulated plotting data only; not real experimental results.
simulated_for_plotting_only,+PGA-Arithmetic,×,√,1,sim_3_1_112,0,0.5528844737851898,0,0.63,Simulated plotting data only; not real experimental results.
simulated_for_plotting_only,+PGA-Arithmetic,×,√,1,sim_3_1_113,0,0.3746801353527386,0,0.63,Simulated plotting data only; not real experimental results.
simulated_for_plotting_only,+PGA-Arithmetic,×,√,1,sim_3_1_114,1,0.7673454738690243,1,0.63,Simulated plotting data only; not real experimental results.
simulated_for_plotting_only,+PGA-Arithmetic,×,√,1,sim_3_1_115,1,0.9352942388566368,1,0.63,Simulated plotting data only; not real experimental results.
simulated_for_plotting_only,+PGA-Arithmetic,×,√,1,sim_3_1_116,0,0.5142250989166,0,0.63,Simulated plotting data only; not real experimental results.
simulated_for_plotting_only,+PGA-Arithmetic,×,√,1,sim_3_1_117,0,0.8700548329213257,1,0.63,Simulated plotting data only; not real experimental results.
simulated_for_plotting_only,+PGA-Arithmetic,×,√,1,sim_3_1_118,1,0.8134803492575315,1,0.63,Simulated plotting data only; not real experimental results.
simulated_for_plotting_only,+PGA-Arithmetic,×,√,1,sim_3_1_119,0,0.7553456598426468,1,0.63,Simulated plotting data only; not real experimental results.
simulated_for_plotting_only,+PGA-Arithmetic,×,√,1,sim_3_1_120,0,0.5059643711749076,0,0.63,Simulated plotting data only; not real experimental results.
simulated_for_plotting_only,+PGA-Arithmetic,×,√,1,sim_3_1_121,0,0.6999155394716254,1,0.63,Simulated plotting data only; not real experimental results.
simulated_for_plotting_only,+PGA-Arithmetic,×,√,1,sim_3_1_122,0,0.1202418054352811,0,0.63,Simulated plotting data only; not real experimental results.
simulated_for_plotting_only,+PGA-Arithmetic,×,√,1,sim_3_1_123,1,0.6962579726901472,1,0.63,Simulated plotting data only; not real experimental results.
simulated_for_plotting_only,+PGA-Arithmetic,×,√,1,sim_3_1_124,0,0.2862346042458868,0,0.63,Simulated plotting data only; not real experimental results.
simulated_for_plotting_only,+PGA-Arithmetic,×,√,1,sim_3_1_125,0,0.4381165245285425,0,0.63,Simulated plotting data only; not real experimental results.
simulated_for_plotting_only,+PGA-Arithmetic,×,√,1,sim_3_1_126,0,0.5683074859069129,0,0.63,Simulated plotting data only; not real experimental results.
simulated_for_plotting_only,+PGA-Arithmetic,×,√,1,sim_3_1_127,0,0.7323274808436291,1,0.63,Simulated plotting data only; not real experimental results.
simulated_for_plotting_only,+PGA-Arithmetic,×,√,1,sim_3_1_128,0,0.9323719859919376,1,0.63,Simulated plotting data only; not real experimental results.
simulated_for_plotting_only,+PGA-Arithmetic,×,√,1,sim_3_1_129,0,0.5932260286061163,0,0.63,Simulated plotting data only; not real experimental results.
simulated_for_plotting_only,+PGA-Arithmetic,×,√,1,sim_3_1_130,1,0.8696647359423925,1,0.63,Simulated plotting data only; not real experimental results.
simulated_for_plotting_only,+PGA-Arithmetic,×,√,1,sim_3_1_131,1,0.9047703090688748,1,0.63,Simulated plotting data only; not real experimental results.
simulated_for_plotting_only,+PGA-Arithmetic,×,√,1,sim_3_1_132,1,0.7304677690469062,1,0.63,Simulated plotting data only; not real experimental results.
simulated_for_plotting_only,+PGA-Arithmetic,×,√,1,sim_3_1_133,0,0.7660962152337019,1,0.63,Simulated plotting data only; not real experimental results.
simulated_for_plotting_only,+PGA-Arithmetic,×,√,1,sim_3_1_134,0,0.5942422246918816,0,0.63,Simulated plotting data only; not real experimental results.
simulated_for_plotting_only,+PGA-Arithmetic,×,√,1,sim_3_1_135,0,0.7611770656683734,1,0.63,Simulated plotting data only; not real experimental results.
simulated_for_plotting_only,+PGA-Arithmetic,×,√,1,sim_3_1_136,0,0.7889626446813583,1,0.63,Simulated plotting data only; not real experimental results.
simulated_for_plotting_only,+PGA-Arithmetic,×,√,1,sim_3_1_137,0,0.4450763379748764,0,0.63,Simulated plotting data only; not real experimental results.
simulated_for_plotting_only,+PGA-Arithmetic,×,√,1,sim_3_1_138,0,0.4644118658913132,0,0.63,Simulated plotting data only; not real experimental results.
simulated_for_plotting_only,+PGA-Arithmetic,×,√,1,sim_3_1_139,1,0.8444647932048357,1,0.63,Simulated plotting data only; not real experimental results.
simulated_for_plotting_only,+PGA-Arithmetic,×,√,1,sim_3_1_140,0,0.8058397248539653,1,0.63,Simulated plotting data only; not real experimental results.
simulated_for_plotting_only,+PGA-Arithmetic,×,√,1,sim_3_1_141,1,0.798106056055577,1,0.63,Simulated plotting data only; not real experimental results.
simulated_for_plotting_only,+PGA-Arithmetic,×,√,1,sim_3_1_142,1,0.8759434409987454,1,0.63,Simulated plotting data only; not real experimental results.
simulated_for_plotting_only,+PGA-Arithmetic,×,√,1,sim_3_1_143,0,0.5238794250524381,0,0.63,Simulated plotting data only; not real experimental results.
simulated_for_plotting_only,+PGA-Arithmetic,×,√,1,sim_3_1_144,1,0.7613585947786464,1,0.63,Simulated plotting data only; not real experimental results.
simulated_for_plotting_only,+PGA-Arithmetic,×,√,1,sim_3_1_145,1,0.9788641067886472,1,0.63,Simulated plotting data only; not real experimental results.
simulated_for_plotting_only,+PGA-Arithmetic,×,√,1,sim_3_1_146,1,0.9651052966421912,1,0.63,Simulated plotting data only; not real experimental results.
simulated_for_plotting_only,+PGA-Arithmetic,×,√,1,sim_3_1_147,0,0.1790113287476195,0,0.63,Simulated plotting data only; not real experimental results.
simulated_for_plotting_only,+PGA-Arithmetic,×,√,1,sim_3_1_148,0,0.6566001678394363,1,0.63,Simulated plotting data only; not real experimental results.
simulated_for_plotting_only,+PGA-Arithmetic,×,√,1,sim_3_1_149,0,0.3440771793284352,0,0.63,Simulated plotting data only; not real experimental results.
simulated_for_plotting_only,+PGA-Arithmetic,×,√,1,sim_3_1_150,0,0.6911802370986238,1,0.63,Simulated plotting data only; not real experimental results.
simulated_for_plotting_only,+PGA-Arithmetic,×,√,1,sim_3_1_151,0,0.7938161436305017,1,0.63,Simulated plotting data only; not real experimental results.
simulated_for_plotting_only,+PGA-Arithmetic,×,√,1,sim_3_1_152,0,0.8773563833552365,1,0.63,Simulated plotting data only; not real experimental results.
simulated_for_plotting_only,+PGA-Arithmetic,×,√,1,sim_3_1_153,0,0.3711905983015111,0,0.63,Simulated plotting data only; not real experimental results.
simulated_for_plotting_only,+PGA-Arithmetic,×,√,1,sim_3_1_154,1,0.9089572177793914,1,0.63,Simulated plotting data only; not real experimental results.
simulated_for_plotting_only,+PGA-Arithmetic,×,√,1,sim_3_1_155,1,0.7529146499256753,1,0.63,Simulated plotting data only; not real experimental results.
simulated_for_plotting_only,+PGA-Arithmetic,×,√,1,sim_3_1_156,0,0.4597837345298631,0,0.63,Simulated plotting data only; not real experimental results.
simulated_for_plotting_only,+PGA-Arithmetic,×,√,1,sim_3_1_157,0,0.3573599396251914,0,0.63,Simulated plotting data only; not real experimental results.
simulated_for_plotting_only,+PGA-Arithmetic,×,√,1,sim_3_1_158,1,0.6869162536936811,1,0.63,Simulated plotting data only; not real experimental results.
simulated_for_plotting_only,+PGA-Arithmetic,×,√,1,sim_3_1_159,0,0.8080922070511523,1,0.63,Simulated plotting data only; not real experimental results.
simulated_for_plotting_only,+PGA-Arithmetic,×,√,1,sim_3_1_160,0,0.7087632274540379,1,0.63,Simulated plotting data only; not real experimental results.
simulated_for_plotting_only,+PGA-Arithmetic,×,√,1,sim_3_1_161,0,0.9350828773763566,1,0.63,Simulated plotting data only; not real experimental results.
simulated_for_plotting_only,+PGA-Arithmetic,×,√,1,sim_3_1_162,1,0.5392451251927982,0,0.63,Simulated plotting data only; not real experimental results.
simulated_for_plotting_only,+PGA-Arithmetic,×,√,1,sim_3_1_163,0,0.8619263682512261,1,0.63,Simulated plotting data only; not real experimental results.
simulated_for_plotting_only,+PGA-Arithmetic,×,√,1,sim_3_1_164,0,0.3857374866162655,0,0.63,Simulated plotting data only; not real experimental results.
simulated_for_plotting_only,+PGA-Arithmetic,×,√,1,sim_3_1_165,1,0.8550934777705602,1,0.63,Simulated plotting data only; not real experimental results.
simulated_for_plotting_only,+PGA-Arithmetic,×,√,1,sim_3_1_166,0,0.6068043013902648,0,0.63,Simulated plotting data only; not real experimental results.
simulated_for_plotting_only,+PGA-Arithmetic,×,√,1,sim_3_1_167,0,0.9179537294117256,1,0.63,Simulated plotting data only; not real experimental results.
simulated_for_plotting_only,+PGA-Arithmetic,×,√,1,sim_3_1_168,0,0.4311915035882415,0,0.63,Simulated plotting data only; not real experimental results.
simulated_for_plotting_only,+PGA-Arithmetic,×,√,1,sim_3_1_169,0,0.2833576397896726,0,0.63,Simulated plotting data only; not real experimental results.
simulated_for_plotting_only,+PGA-Arithmetic,×,√,1,sim_3_1_170,0,0.0806530480504812,0,0.63,Simulated plotting data only; not real experimental results.
simulated_for_plotting_only,+PGA-Arithmetic,×,√,1,sim_3_1_171,0,0.1809123938376901,0,0.63,Simulated plotting data only; not real experimental results.
simulated_for_plotting_only,+PGA-Arithmetic,×,√,1,sim_3_1_172,0,0.7362292658685576,1,0.63,Simulated plotting data only; not real experimental results.
simulated_for_plotting_only,+PGA-Arithmetic,×,√,1,sim_3_1_173,1,0.8101594985351327,1,0.63,Simulated plotting data only; not real experimental results.
simulated_for_plotting_only,+PGA-Arithmetic,×,√,1,sim_3_1_174,0,0.3196371412740028,0,0.63,Simulated plotting data only; not real experimental results.
simulated_for_plotting_only,+PGA-Arithmetic,×,√,1,sim_3_1_175,0,0.7182627260026345,1,0.63,Simulated plotting data only; not real experimental results.
simulated_for_plotting_only,+PGA-Arithmetic,×,√,1,sim_3_1_176,0,0.6269380564296194,0,0.63,Simulated plotting data only; not real experimental results.
simulated_for_plotting_only,+PGA-Arithmetic,×,√,1,sim_3_1_177,0,0.3065808932275173,0,0.63,Simulated plotting data only; not real experimental results.
simulated_for_plotting_only,+PGA-Arithmetic,×,√,1,sim_3_1_178,1,0.696543621581598,1,0.63,Simulated plotting data only; not real experimental results.
simulated_for_plotting_only,+PGA-Arithmetic,×,√,1,sim_3_1_179,0,0.813859327376385,1,0.63,Simulated plotting data only; not real experimental results.
simulated_for_plotting_only,+PGA-Arithmetic,×,√,1,sim_3_1_180,0,0.3155018826078446,0,0.63,Simulated plotting data only; not real experimental results.
simulated_for_plotting_only,+PGA-Arithmetic,×,√,1,sim_3_1_181,0,0.6546436622883198,1,0.63,Simulated plotting data only; not real experimental results.
simulated_for_plotting_only,+PGA-Arithmetic,×,√,1,sim_3_1_182,0,0.7262355098422842,1,0.63,Simulated plotting data only; not real experimental results.
simulated_for_plotting_only,+PGA-Arithmetic,×,√,1,sim_3_1_183,0,0.738794679163896,1,0.63,Simulated plotting data only; not real experimental results.
simulated_for_plotting_only,+PGA-Arithmetic,×,√,2,sim_3_2_001,0,0.8178141733735953,1,0.6,Simulated plotting data only; not real experimental results.
simulated_for_plotting_only,+PGA-Arithmetic,×,√,2,sim_3_2_002,0,0.5883397569157165,0,0.6,Simulated plotting data only; not real experimental results.
simulated_for_plotting_only,+PGA-Arithmetic,×,√,2,sim_3_2_003,0,0.7977448768670474,1,0.6,Simulated plotting data only; not real experimental results.
simulated_for_plotting_only,+PGA-Arithmetic,×,√,2,sim_3_2_004,0,0.4298756820025236,0,0.6,Simulated plotting data only; not real experimental results.
simulated_for_plotting_only,+PGA-Arithmetic,×,√,2,sim_3_2_005,0,0.3909391420335752,0,0.6,Simulated plotting data only; not real experimental results.
simulated_for_plotting_only,+PGA-Arithmetic,×,√,2,sim_3_2_006,0,0.1218871348813355,0,0.6,Simulated plotting data only; not real experimental results.
simulated_for_plotting_only,+PGA-Arithmetic,×,√,2,sim_3_2_007,0,0.6682523951987009,1,0.6,Simulated plotting data only; not real experimental results.
simulated_for_plotting_only,+PGA-Arithmetic,×,√,2,sim_3_2_008,0,0.8754553908132078,1,0.6,Simulated plotting data only; not real experimental results.
simulated_for_plotting_only,+PGA-Arithmetic,×,√,2,sim_3_2_009,0,0.7967451023805678,1,0.6,Simulated plotting data only; not real experimental results.
simulated_for_plotting_only,+PGA-Arithmetic,×,√,2,sim_3_2_010,1,0.6496840819946506,1,0.6,Simulated plotting data only; not real experimental results.
simulated_for_plotting_only,+PGA-Arithmetic,×,√,2,sim_3_2_011,0,0.2900204360884746,0,0.6,Simulated plotting data only; not real experimental results.
simulated_for_plotting_only,+PGA-Arithmetic,×,√,2,sim_3_2_012,0,0.6463395471802007,1,0.6,Simulated plotting data only; not real experimental results.
simulated_for_plotting_only,+PGA-Arithmetic,×,√,2,sim_3_2_013,0,0.6516577880318141,1,0.6,Simulated plotting data only; not real experimental results.
simulated_for_plotting_only,+PGA-Arithmetic,×,√,2,sim_3_2_014,0,0.6265578544120686,1,0.6,Simulated plotting data only; not real experimental results.
simulated_for_plotting_only,+PGA-Arithmetic,×,√,2,sim_3_2_015,0,0.1641733515907311,0,0.6,Simulated plotting data only; not real experimental results.
simulated_for_plotting_only,+PGA-Arithmetic,×,√,2,sim_3_2_016,0,0.4792841126606347,0,0.6,Simulated plotting data only; not real experimental results.
simulated_for_plotting_only,+PGA-Arithmetic,×,√,2,sim_3_2_017,1,0.6578276968488547,1,0.6,Simulated plotting data only; not real experimental results.
simulated_for_plotting_only,+PGA-Arithmetic,×,√,2,sim_3_2_018,1,0.8632403542327833,1,0.6,Simulated plotting data only; not real experimental results.
simulated_for_plotting_only,+PGA-Arithmetic,×,√,2,sim_3_2_019,0,0.3140165524035978,0,0.6,Simulated plotting data only; not real experimental results.
simulated_for_plotting_only,+PGA-Arithmetic,×,√,2,sim_3_2_020,0,0.5492061474637128,0,0.6,Simulated plotting data only; not real experimental results.
simulated_for_plotting_only,+PGA-Arithmetic,×,√,2,sim_3_2_021,0,0.3677021668765605,0,0.6,Simulated plotting data only; not real experimental results.
simulated_for_plotting_only,+PGA-Arithmetic,×,√,2,sim_3_2_022,1,0.8211922353549044,1,0.6,Simulated plotting data only; not real experimental results.
simulated_for_plotting_only,+PGA-Arithmetic,×,√,2,sim_3_2_023,0,0.1923163018866855,0,0.6,Simulated plotting data only; not real experimental results.
simulated_for_plotting_only,+PGA-Arithmetic,×,√,2,sim_3_2_024,1,0.8971638253689512,1,0.6,Simulated plotting data only; not real experimental results.
simulated_for_plotting_only,+PGA-Arithmetic,×,√,2,sim_3_2_025,1,0.858202163534704,1,0.6,Simulated plotting data only; not real experimental results.
simulated_for_plotting_only,+PGA-Arithmetic,×,√,2,sim_3_2_026,1,0.972342736739151,1,0.6,Simulated plotting data only; not real experimental results.
simulated_for_plotting_only,+PGA-Arithmetic,×,√,2,sim_3_2_027,1,0.5717279750425064,0,0.6,Simulated plotting data only; not real experimental results.
simulated_for_plotting_only,+PGA-Arithmetic,×,√,2,sim_3_2_028,1,0.7339698732808468,1,0.6,Simulated plotting data only; not real experimental results.
simulated_for_plotting_only,+PGA-Arithmetic,×,√,2,sim_3_2_029,0,0.748134190534469,1,0.6,Simulated plotting data only; not real experimental results.
simulated_for_plotting_only,+PGA-Arithmetic,×,√,2,sim_3_2_030,1,0.9611971882382412,1,0.6,Simulated plotting data only; not real experimental results.
simulated_for_plotting_only,+PGA-Arithmetic,×,√,2,sim_3_2_031,1,0.2729506180848259,0,0.6,Simulated plotting data only; not real experimental results.
simulated_for_plotting_only,+PGA-Arithmetic,×,√,2,sim_3_2_032,1,0.940471010847469,1,0.6,Simulated plotting data only; not real experimental results.
simulated_for_plotting_only,+PGA-Arithmetic,×,√,2,sim_3_2_033,1,0.9695233297879096,1,0.6,Simulated plotting data only; not real experimental results.
simulated_for_plotting_only,+PGA-Arithmetic,×,√,2,sim_3_2_034,0,0.5388999420702325,0,0.6,Simulated plotting data only; not real experimental results.
simulated_for_plotting_only,+PGA-Arithmetic,×,√,2,sim_3_2_035,0,0.6625336270168164,1,0.6,Simulated plotting data only; not real experimental results.
simulated_for_plotting_only,+PGA-Arithmetic,×,√,2,sim_3_2_036,1,0.963891743582866,1,0.6,Simulated plotting data only; not real experimental results.
simulated_for_plotting_only,+PGA-Arithmetic,×,√,2,sim_3_2_037,0,0.88466407539487,1,0.6,Simulated plotting data only; not real experimental results.
simulated_for_plotting_only,+PGA-Arithmetic,×,√,2,sim_3_2_038,0,0.6812517606714732,1,0.6,Simulated plotting data only; not real experimental results.
simulated_for_plotting_only,+PGA-Arithmetic,×,√,2,sim_3_2_039,0,0.4382747994926514,0,0.6,Simulated plotting data only; not real experimental results.
simulated_for_plotting_only,+PGA-Arithmetic,×,√,2,sim_3_2_040,1,0.8968698009638136,1,0.6,Simulated plotting data only; not real experimental results.
simulated_for_plotting_only,+PGA-Arithmetic,×,√,2,sim_3_2_041,1,0.9089747026778618,1,0.6,Simulated plotting data only; not real experimental results.
simulated_for_plotting_only,+PGA-Arithmetic,×,√,2,sim_3_2_042,0,0.8173580227601656,1,0.6,Simulated plotting data only; not real experimental results.
simulated_for_plotting_only,+PGA-Arithmetic,×,√,2,sim_3_2_043,0,0.3340320283288718,0,0.6,Simulated plotting data only; not real experimental results.
simulated_for_plotting_only,+PGA-Arithmetic,×,√,2,sim_3_2_044,1,0.8836630476708773,1,0.6,Simulated plotting data only; not real experimental results.
simulated_for_plotting_only,+PGA-Arithmetic,×,√,2,sim_3_2_045,0,0.522007655881322,0,0.6,Simulated plotting data only; not real experimental results.
simulated_for_plotting_only,+PGA-Arithmetic,×,√,2,sim_3_2_046,0,0.4799849511866261,0,0.6,Simulated plotting data only; not real experimental results.
simulated_for_plotting_only,+PGA-Arithmetic,×,√,2,sim_3_2_047,1,0.959208643662976,1,0.6,Simulated plotting data only; not real experimental results.
simulated_for_plotting_only,+PGA-Arithmetic,×,√,2,sim_3_2_048,0,0.7146022073454712,1,0.6,Simulated plotting data only; not real experimental results.
simulated_for_plotting_only,+PGA-Arithmetic,×,√,2,sim_3_2_049,0,0.2673903553352778,0,0.6,Simulated plotting data only; not real experimental results.
simulated_for_plotting_only,+PGA-Arithmetic,×,√,2,sim_3_2_050,0,0.4880927811916325,0,0.6,Simulated plotting data only; not real experimental results.
simulated_for_plotting_only,+PGA-Arithmetic,×,√,2,sim_3_2_051,0,0.5938391054035937,0,0.6,Simulated plotting data only; not real experimental results.
simulated_for_plotting_only,+PGA-Arithmetic,×,√,2,sim_3_2_052,1,0.8595677883410606,1,0.6,Simulated plotting data only; not real experimental results.
simulated_for_plotting_only,+PGA-Arithmetic,×,√,2,sim_3_2_053,0,0.3650101778684853,0,0.6,Simulated plotting data only; not real experimental results.
simulated_for_plotting_only,+PGA-Arithmetic,×,√,2,sim_3_2_054,0,0.6044975352876862,1,0.6,Simulated plotting data only; not real experimental results.
simulated_for_plotting_only,+PGA-Arithmetic,×,√,2,sim_3_2_055,0,0.2505099407761239,0,0.6,Simulated plotting data only; not real experimental results.
simulated_for_plotting_only,+PGA-Arithmetic,×,√,2,sim_3_2_056,0,0.6282326465140039,1,0.6,Simulated plotting data only; not real experimental results.
simulated_for_plotting_only,+PGA-Arithmetic,×,√,2,sim_3_2_057,1,0.8885700411040758,1,0.6,Simulated plotting data only; not real experimental results.
simulated_for_plotting_only,+PGA-Arithmetic,×,√,2,sim_3_2_058,0,0.1743594577394862,0,0.6,Simulated plotting data only; not real experimental results.
simulated_for_plotting_only,+PGA-Arithmetic,×,√,2,sim_3_2_059,0,0.2239506659993775,0,0.6,Simulated plotting data only; not real experimental results.
simulated_for_plotting_only,+PGA-Arithmetic,×,√,2,sim_3_2_060,1,0.7938717054052745,1,0.6,Simulated plotting data only; not real experimental results.
simulated_for_plotting_only,+PGA-Arithmetic,×,√,2,sim_3_2_061,0,0.1719644985762556,0,0.6,Simulated plotting data only; not real experimental results.
simulated_for_plotting_only,+PGA-Arithmetic,×,√,2,sim_3_2_062,0,0.5072256243282848,0,0.6,Simulated plotting data only; not real experimental results.
simulated_for_plotting_only,+PGA-Arithmetic,×,√,2,sim_3_2_063,0,0.8540137807928381,1,0.6,Simulated plotting data only; not real experimental results.
simulated_for_plotting_only,+PGA-Arithmetic,×,√,2,sim_3_2_064,1,0.9175768403917138,1,0.6,Simulated plotting data only; not real experimental results.
simulated_for_plotting_only,+PGA-Arithmetic,×,√,2,sim_3_2_065,0,0.2020657543909043,0,0.6,Simulated plotting data only; not real experimental results.
simulated_for_plotting_only,+PGA-Arithmetic,×,√,2,sim_3_2_066,0,0.4073129987127071,0,0.6,Simulated plotting data only; not real experimental results.
simulated_for_plotting_only,+PGA-Arithmetic,×,√,2,sim_3_2_067,1,0.9771162576611062,1,0.6,Simulated plotting data only; not real experimental results.
simulated_for_plotting_only,+PGA-Arithmetic,×,√,2,sim_3_2_068,0,0.3525034244865394,0,0.6,Simulated plotting data only; not real experimental results.
simulated_for_plotting_only,+PGA-Arithmetic,×,√,2,sim_3_2_069,0,0.5191007095035026,0,0.6,Simulated plotting data only; not real experimental results.
simulated_for_plotting_only,+PGA-Arithmetic,×,√,2,sim_3_2_070,0,0.3615255132944913,0,0.6,Simulated plotting data only; not real experimental results.
simulated_for_plotting_only,+PGA-Arithmetic,×,√,2,sim_3_2_071,0,0.3986130288875048,0,0.6,Simulated plotting data only; not real experimental results.
simulated_for_plotting_only,+PGA-Arithmetic,×,√,2,sim_3_2_072,0,0.7315865354940105,1,0.6,Simulated plotting data only; not real experimental results.
simulated_for_plotting_only,+PGA-Arithmetic,×,√,2,sim_3_2_073,1,0.9283027739987092,1,0.6,Simulated plotting data only; not real experimental results.
simulated_for_plotting_only,+PGA-Arithmetic,×,√,2,sim_3_2_074,0,0.5927586208856618,0,0.6,Simulated plotting data only; not real experimental results.
simulated_for_plotting_only,+PGA-Arithmetic,×,√,2,sim_3_2_075,1,0.6838782584261894,1,0.6,Simulated plotting data only; not real experimental results.
simulated_for_plotting_only,+PGA-Arithmetic,×,√,2,sim_3_2_076,1,0.8939615590902323,1,0.6,Simulated plotting data only; not real experimental results.
simulated_for_plotting_only,+PGA-Arithmetic,×,√,2,sim_3_2_077,0,0.5243493673990716,0,0.6,Simulated plotting data only; not real experimental results.
simulated_for_plotting_only,+PGA-Arithmetic,×,√,2,sim_3_2_078,0,0.731510773607299,1,0.6,Simulated plotting data only; not real experimental results.
simulated_for_plotting_only,+PGA-Arithmetic,×,√,2,sim_3_2_079,0,0.711659477436951,1,0.6,Simulated plotting data only; not real experimental results.
simulated_for_plotting_only,+PGA-Arithmetic,×,√,2,sim_3_2_080,0,0.3676338168610077,0,0.6,Simulated plotting data only; not real experimental results.
simulated_for_plotting_only,+PGA-Arithmetic,×,√,2,sim_3_2_081,1,0.9240884725281596,1,0.6,Simulated plotting data only; not real experimental results.
simulated_for_plotting_only,+PGA-Arithmetic,×,√,2,sim_3_2_082,0,0.3810279862763285,0,0.6,Simulated plotting data only; not real experimental results.
simulated_for_plotting_only,+PGA-Arithmetic,×,√,2,sim_3_2_083,0,0.4659719892498608,0,0.6,Simulated plotting data only; not real experimental results.
simulated_for_plotting_only,+PGA-Arithmetic,×,√,2,sim_3_2_084,1,0.7640565022571041,1,0.6,Simulated plotting data only; not real experimental results.
simulated_for_plotting_only,+PGA-Arithmetic,×,√,2,sim_3_2_085,1,0.4750302379582238,0,0.6,Simulated plotting data only; not real experimental results.
simulated_for_plotting_only,+PGA-Arithmetic,×,√,2,sim_3_2_086,0,0.2352232115931702,0,0.6,Simulated plotting data only; not real experimental results.
simulated_for_plotting_only,+PGA-Arithmetic,×,√,2,sim_3_2_087,1,0.9666622044875164,1,0.6,Simulated plotting data only; not real experimental results.
simulated_for_plotting_only,+PGA-Arithmetic,×,√,2,sim_3_2_088,0,0.4614612508944924,0,0.6,Simulated plotting data only; not real experimental results.
simulated_for_plotting_only,+PGA-Arithmetic,×,√,2,sim_3_2_089,0,0.3513751065931086,0,0.6,Simulated plotting data only; not real experimental results.
simulated_for_plotting_only,+PGA-Arithmetic,×,√,2,sim_3_2_090,0,0.7832802438743262,1,0.6,Simulated plotting data only; not real experimental results.
simulated_for_plotting_only,+PGA-Arithmetic,×,√,2,sim_3_2_091,0,0.7716228056839661,1,0.6,Simulated plotting data only; not real experimental results.
simulated_for_plotting_only,+PGA-Arithmetic,×,√,2,sim_3_2_092,0,0.4359322567398433,0,0.6,Simulated plotting data only; not real experimental results.
simulated_for_plotting_only,+PGA-Arithmetic,×,√,2,sim_3_2_093,1,0.8024019047836055,1,0.6,Simulated plotting data only; not real experimental results.
simulated_for_plotting_only,+PGA-Arithmetic,×,√,2,sim_3_2_094,1,0.8047925606380191,1,0.6,Simulated plotting data only; not real experimental results.
simulated_for_plotting_only,+PGA-Arithmetic,×,√,2,sim_3_2_095,0,0.6699921907515013,1,0.6,Simulated plotting data only; not real experimental results.
simulated_for_plotting_only,+PGA-Arithmetic,×,√,2,sim_3_2_096,0,0.5423325038303421,0,0.6,Simulated plotting data only; not real experimental results.
simulated_for_plotting_only,+PGA-Arithmetic,×,√,2,sim_3_2_097,0,0.8261600587832041,1,0.6,Simulated plotting data only; not real experimental results.
simulated_for_plotting_only,+PGA-Arithmetic,×,√,2,sim_3_2_098,1,0.7833411533400414,1,0.6,Simulated plotting data only; not real experimental results.
simulated_for_plotting_only,+PGA-Arithmetic,×,√,2,sim_3_2_099,1,0.699664193661638,1,0.6,Simulated plotting data only; not real experimental results.
simulated_for_plotting_only,+PGA-Arithmetic,×,√,2,sim_3_2_100,0,0.3211820391098504,0,0.6,Simulated plotting data only; not real experimental results.
simulated_for_plotting_only,+PGA-Arithmetic,×,√,2,sim_3_2_101,0,0.6491177057918474,1,0.6,Simulated plotting data only; not real experimental results.
simulated_for_plotting_only,+PGA-Arithmetic,×,√,2,sim_3_2_102,0,0.1843657347361217,0,0.6,Simulated plotting data only; not real experimental results.
simulated_for_plotting_only,+PGA-Arithmetic,×,√,2,sim_3_2_103,1,0.7238367898248897,1,0.6,Simulated plotting data only; not real experimental results.
simulated_for_plotting_only,+PGA-Arithmetic,×,√,2,sim_3_2_104,0,0.3330541058309652,0,0.6,Simulated plotting data only; not real experimental results.
simulated_for_plotting_only,+PGA-Arithmetic,×,√,2,sim_3_2_105,0,0.3238501833621289,0,0.6,Simulated plotting data only; not real experimental results.
simulated_for_plotting_only,+PGA-Arithmetic,×,√,2,sim_3_2_106,1,0.7433597324504753,1,0.6,Simulated plotting data only; not real experimental results.
simulated_for_plotting_only,+PGA-Arithmetic,×,√,2,sim_3_2_107,1,0.8181255405245967,1,0.6,Simulated plotting data only; not real experimental results.
simulated_for_plotting_only,+PGA-Arithmetic,×,√,2,sim_3_2_108,0,0.4777162447825435,0,0.6,Simulated plotting data only; not real experimental results.
simulated_for_plotting_only,+PGA-Arithmetic,×,√,2,sim_3_2_109,1,0.6059860089820088,1,0.6,Simulated plotting data only; not real experimental results.
simulated_for_plotting_only,+PGA-Arithmetic,×,√,2,sim_3_2_110,0,0.7087972502610053,1,0.6,Simulated plotting data only; not real experimental results.
simulated_for_plotting_only,+PGA-Arithmetic,×,√,2,sim_3_2_111,1,0.8140333703900515,1,0.6,Simulated plotting data only; not real experimental results.
simulated_for_plotting_only,+PGA-Arithmetic,×,√,2,sim_3_2_112,0,0.5904790537705722,0,0.6,Simulated plotting data only; not real experimental results.
simulated_for_plotting_only,+PGA-Arithmetic,×,√,2,sim_3_2_113,0,0.2975778349876606,0,0.6,Simulated plotting data only; not real experimental results.
simulated_for_plotting_only,+PGA-Arithmetic,×,√,2,sim_3_2_114,0,0.1743153575539166,0,0.6,Simulated plotting data only; not real experimental results.
simulated_for_plotting_only,+PGA-Arithmetic,×,√,2,sim_3_2_115,0,0.2603059023454468,0,0.6,Simulated plotting data only; not real experimental results.
simulated_for_plotting_only,+PGA-Arithmetic,×,√,2,sim_3_2_116,0,0.7810272361812434,1,0.6,Simulated plotting data only; not real experimental results.
simulated_for_plotting_only,+PGA-Arithmetic,×,√,2,sim_3_2_117,0,0.1864979306180917,0,0.6,Simulated plotting data only; not real experimental results.
simulated_for_plotting_only,+PGA-Arithmetic,×,√,2,sim_3_2_118,1,0.9386055190605324,1,0.6,Simulated plotting data only; not real experimental results.
simulated_for_plotting_only,+PGA-Arithmetic,×,√,2,sim_3_2_119,0,0.7543286474147253,1,0.6,Simulated plotting data only; not real experimental results.
simulated_for_plotting_only,+PGA-Arithmetic,×,√,2,sim_3_2_120,0,0.8290526230174036,1,0.6,Simulated plotting data only; not real experimental results.
simulated_for_plotting_only,+PGA-Arithmetic,×,√,2,sim_3_2_121,0,0.1843074078356022,0,0.6,Simulated plotting data only; not real experimental results.
simulated_for_plotting_only,+PGA-Arithmetic,×,√,2,sim_3_2_122,0,0.4905746582230045,0,0.6,Simulated plotting data only; not real experimental results.
simulated_for_plotting_only,+PGA-Arithmetic,×,√,2,sim_3_2_123,0,0.211565132331713,0,0.6,Simulated plotting data only; not real experimental results.
simulated_for_plotting_only,+PGA-Arithmetic,×,√,2,sim_3_2_124,0,0.2050203542850139,0,0.6,Simulated plotting data only; not real experimental results.
simulated_for_plotting_only,+PGA-Arithmetic,×,√,2,sim_3_2_125,0,0.68300613386594,1,0.6,Simulated plotting data only; not real experimental results.
simulated_for_plotting_only,+PGA-Arithmetic,×,√,2,sim_3_2_126,1,0.7747523639395671,1,0.6,Simulated plotting data only; not real experimental results.
simulated_for_plotting_only,+PGA-Arithmetic,×,√,2,sim_3_2_127,0,0.6082424300686701,1,0.6,Simulated plotting data only; not real experimental results.
simulated_for_plotting_only,+PGA-Arithmetic,×,√,2,sim_3_2_128,1,0.925218184894594,1,0.6,Simulated plotting data only; not real experimental results.
simulated_for_plotting_only,+PGA-Arithmetic,×,√,2,sim_3_2_129,0,0.8541806906358588,1,0.6,Simulated plotting data only; not real experimental results.
simulated_for_plotting_only,+PGA-Arithmetic,×,√,2,sim_3_2_130,0,0.2196669820541775,0,0.6,Simulated plotting data only; not real experimental results.
simulated_for_plotting_only,+PGA-Arithmetic,×,√,2,sim_3_2_131,1,0.9106743310057546,1,0.6,Simulated plotting data only; not real experimental results.
simulated_for_plotting_only,+PGA-Arithmetic,×,√,2,sim_3_2_132,0,0.4731544982277298,0,0.6,Simulated plotting data only; not real experimental results.
simulated_for_plotting_only,+PGA-Arithmetic,×,√,2,sim_3_2_133,0,0.5422662555396233,0,0.6,Simulated plotting data only; not real experimental results.
simulated_for_plotting_only,+PGA-Arithmetic,×,√,2,sim_3_2_134,0,0.5036529701351282,0,0.6,Simulated plotting data only; not real experimental results.
simulated_for_plotting_only,+PGA-Arithmetic,×,√,2,sim_3_2_135,0,0.1267801330311791,0,0.6,Simulated plotting data only; not real experimental results.
simulated_for_plotting_only,+PGA-Arithmetic,×,√,2,sim_3_2_136,0,0.6451100782089638,1,0.6,Simulated plotting data only; not real experimental results.
simulated_for_plotting_only,+PGA-Arithmetic,×,√,2,sim_3_2_137,1,0.984422838121245,1,0.6,Simulated plotting data only; not real experimental results.
simulated_for_plotting_only,+PGA-Arithmetic,×,√,2,sim_3_2_138,0,0.7641873728686323,1,0.6,Simulated plotting data only; not real experimental results.
simulated_for_plotting_only,+PGA-Arithmetic,×,√,2,sim_3_2_139,1,0.7647273963191735,1,0.6,Simulated plotting data only; not real experimental results.
simulated_for_plotting_only,+PGA-Arithmetic,×,√,2,sim_3_2_140,0,0.2603491991855776,0,0.6,Simulated plotting data only; not real experimental results.
simulated_for_plotting_only,+PGA-Arithmetic,×,√,2,sim_3_2_141,1,0.7801911590619849,1,0.6,Simulated plotting data only; not real experimental results.
simulated_for_plotting_only,+PGA-Arithmetic,×,√,2,sim_3_2_142,0,0.2967916531394463,0,0.6,Simulated plotting data only; not real experimental results.
simulated_for_plotting_only,+PGA-Arithmetic,×,√,2,sim_3_2_143,0,0.3644085654756779,0,0.6,Simulated plotting data only; not real experimental results.
simulated_for_plotting_only,+PGA-Arithmetic,×,√,2,sim_3_2_144,0,0.26459463884782,0,0.6,Simulated plotting data only; not real experimental results.
simulated_for_plotting_only,+PGA-Arithmetic,×,√,2,sim_3_2_145,0,0.3029995077554084,0,0.6,Simulated plotting data only; not real experimental results.
simulated_for_plotting_only,+PGA-Arithmetic,×,√,2,sim_3_2_146,0,0.2627811463636032,0,0.6,Simulated plotting data only; not real experimental results.
simulated_for_plotting_only,+PGA-Arithmetic,×,√,2,sim_3_2_147,0,0.3697598014845593,0,0.6,Simulated plotting data only; not real experimental results.
simulated_for_plotting_only,+PGA-Arithmetic,×,√,2,sim_3_2_148,0,0.7915882802166233,1,0.6,Simulated plotting data only; not real experimental results.
simulated_for_plotting_only,+PGA-Arithmetic,×,√,2,sim_3_2_149,0,0.8281796523856666,1,0.6,Simulated plotting data only; not real experimental results.
simulated_for_plotting_only,+PGA-Arithmetic,×,√,2,sim_3_2_150,0,0.5259679956375125,0,0.6,Simulated plotting data only; not real experimental results.
simulated_for_plotting_only,+PGA-Arithmetic,×,√,2,sim_3_2_151,1,0.5099640130956632,0,0.6,Simulated plotting data only; not real experimental results.
simulated_for_plotting_only,+PGA-Arithmetic,×,√,2,sim_3_2_152,0,0.6946446283142044,1,0.6,Simulated plotting data only; not real experimental results.
simulated_for_plotting_only,+PGA-Arithmetic,×,√,2,sim_3_2_153,0,0.2170094535426285,0,0.6,Simulated plotting data only; not real experimental results.
simulated_for_plotting_only,+PGA-Arithmetic,×,√,2,sim_3_2_154,0,0.2051742671297801,0,0.6,Simulated plotting data only; not real experimental results.
simulated_for_plotting_only,+PGA-Arithmetic,×,√,2,sim_3_2_155,0,0.2556976991294259,0,0.6,Simulated plotting data only; not real experimental results.
simulated_for_plotting_only,+PGA-Arithmetic,×,√,2,sim_3_2_156,1,0.8504678037351826,1,0.6,Simulated plotting data only; not real experimental results.
simulated_for_plotting_only,+PGA-Arithmetic,×,√,2,sim_3_2_157,0,0.550414326418828,0,0.6,Simulated plotting data only; not real experimental results.
simulated_for_plotting_only,+PGA-Arithmetic,×,√,2,sim_3_2_158,0,0.6165674437916654,1,0.6,Simulated plotting data only; not real experimental results.
simulated_for_plotting_only,+PGA-Arithmetic,×,√,2,sim_3_2_159,0,0.5906884362441016,0,0.6,Simulated plotting data only; not real experimental results.
simulated_for_plotting_only,+PGA-Arithmetic,×,√,2,sim_3_2_160,0,0.4930475567818087,0,0.6,Simulated plotting data only; not real experimental results.
simulated_for_plotting_only,+PGA-Arithmetic,×,√,2,sim_3_2_161,0,0.2265804468697197,0,0.6,Simulated plotting data only; not real experimental results.
simulated_for_plotting_only,+PGA-Arithmetic,×,√,2,sim_3_2_162,1,0.9255497152423218,1,0.6,Simulated plotting data only; not real experimental results.
simulated_for_plotting_only,+PGA-Arithmetic,×,√,2,sim_3_2_163,0,0.2407923198473796,0,0.6,Simulated plotting data only; not real experimental results.
simulated_for_plotting_only,+PGA-Arithmetic,×,√,2,sim_3_2_164,0,0.4352235787663014,0,0.6,Simulated plotting data only; not real experimental results.
simulated_for_plotting_only,+PGA-Arithmetic,×,√,2,sim_3_2_165,0,0.68068482034059,1,0.6,Simulated plotting data only; not real experimental results.
simulated_for_plotting_only,+PGA-Arithmetic,×,√,2,sim_3_2_166,0,0.6740002614690449,1,0.6,Simulated plotting data only; not real experimental results.
simulated_for_plotting_only,+PGA-Arithmetic,×,√,2,sim_3_2_167,0,0.3654340427255688,0,0.6,Simulated plotting data only; not real experimental results.
simulated_for_plotting_only,+PGA-Arithmetic,×,√,2,sim_3_2_168,0,0.6041645072985475,1,0.6,Simulated plotting data only; not real experimental results.
simulated_for_plotting_only,+PGA-Arithmetic,×,√,2,sim_3_2_169,0,0.878669133439468,1,0.6,Simulated plotting data only; not real experimental results.
simulated_for_plotting_only,+PGA-Arithmetic,×,√,2,sim_3_2_170,0,0.3279164041053568,0,0.6,Simulated plotting data only; not real experimental results.
simulated_for_plotting_only,+PGA-Arithmetic,×,√,2,sim_3_2_171,0,0.8682850942377857,1,0.6,Simulated plotting data only; not real experimental results.
simulated_for_plotting_only,+PGA-Arithmetic,×,√,2,sim_3_2_172,1,0.647005343845262,1,0.6,Simulated plotting data only; not real experimental results.
simulated_for_plotting_only,+PGA-Arithmetic,×,√,2,sim_3_2_173,0,0.4629420268950157,0,0.6,Simulated plotting data only; not real experimental results.
simulated_for_plotting_only,+PGA-Arithmetic,×,√,2,sim_3_2_174,1,0.6098247279379537,1,0.6,Simulated plotting data only; not real experimental results.
simulated_for_plotting_only,+PGA-Arithmetic,×,√,2,sim_3_2_175,0,0.1522721966606898,0,0.6,Simulated plotting data only; not real experimental results.
simulated_for_plotting_only,+PGA-Arithmetic,×,√,2,sim_3_2_176,0,0.4825065912325203,0,0.6,Simulated plotting data only; not real experimental results.
simulated_for_plotting_only,+PGA-Arithmetic,×,√,2,sim_3_2_177,0,0.4487464155360839,0,0.6,Simulated plotting data only; not real experimental results.
simulated_for_plotting_only,+PGA-Arithmetic,×,√,2,sim_3_2_178,1,0.8160969666702265,1,0.6,Simulated plotting data only; not real experimental results.
simulated_for_plotting_only,+PGA-Arithmetic,×,√,2,sim_3_2_179,1,0.7794478399820902,1,0.6,Simulated plotting data only; not real experimental results.
simulated_for_plotting_only,+PGA-Arithmetic,×,√,2,sim_3_2_180,0,0.5808861079609362,0,0.6,Simulated plotting data only; not real experimental results.
simulated_for_plotting_only,+PGA-Arithmetic,×,√,2,sim_3_2_181,0,0.3136029955167383,0,0.6,Simulated plotting data only; not real experimental results.
simulated_for_plotting_only,+PGA-Arithmetic,×,√,2,sim_3_2_182,0,0.2392765443526914,0,0.6,Simulated plotting data only; not real experimental results.
simulated_for_plotting_only,+PGA-Arithmetic,×,√,2,sim_3_2_183,0,0.4758537774662099,0,0.6,Simulated plotting data only; not real experimental results.
simulated_for_plotting_only,+PGA-Arithmetic,×,√,3,sim_3_3_001,0,0.5930823545974642,0,0.64,Simulated plotting data only; not real experimental results.
simulated_for_plotting_only,+PGA-Arithmetic,×,√,3,sim_3_3_002,0,0.3475729852186686,0,0.64,Simulated plotting data only; not real experimental results.
simulated_for_plotting_only,+PGA-Arithmetic,×,√,3,sim_3_3_003,0,0.1467794478559195,0,0.64,Simulated plotting data only; not real experimental results.
simulated_for_plotting_only,+PGA-Arithmetic,×,√,3,sim_3_3_004,0,0.293942150902363,0,0.64,Simulated plotting data only; not real experimental results.
simulated_for_plotting_only,+PGA-Arithmetic,×,√,3,sim_3_3_005,0,0.469078399468974,0,0.64,Simulated plotting data only; not real experimental results.
simulated_for_plotting_only,+PGA-Arithmetic,×,√,3,sim_3_3_006,0,0.6242691701932758,0,0.64,Simulated plotting data only; not real experimental results.
simulated_for_plotting_only,+PGA-Arithmetic,×,√,3,sim_3_3_007,0,0.47897625817362,0,0.64,Simulated plotting data only; not real experimental results.
simulated_for_plotting_only,+PGA-Arithmetic,×,√,3,sim_3_3_008,0,0.2104933861760239,0,0.64,Simulated plotting data only; not real experimental results.
simulated_for_plotting_only,+PGA-Arithmetic,×,√,3,sim_3_3_009,1,0.9632141252811997,1,0.64,Simulated plotting data only; not real experimental results.
simulated_for_plotting_only,+PGA-Arithmetic,×,√,3,sim_3_3_010,0,0.5575223487487998,0,0.64,Simulated plotting data only; not real experimental results.
simulated_for_plotting_only,+PGA-Arithmetic,×,√,3,sim_3_3_011,1,0.7840355161098719,1,0.64,Simulated plotting data only; not real experimental results.
simulated_for_plotting_only,+PGA-Arithmetic,×,√,3,sim_3_3_012,1,0.7600772063276676,1,0.64,Simulated plotting data only; not real experimental results.
simulated_for_plotting_only,+PGA-Arithmetic,×,√,3,sim_3_3_013,0,0.190858181259675,0,0.64,Simulated plotting data only; not real experimental results.
simulated_for_plotting_only,+PGA-Arithmetic,×,√,3,sim_3_3_014,0,0.4685847820323575,0,0.64,Simulated plotting data only; not real experimental results.
simulated_for_plotting_only,+PGA-Arithmetic,×,√,3,sim_3_3_015,1,0.8922991647199888,1,0.64,Simulated plotting data only; not real experimental results.
simulated_for_plotting_only,+PGA-Arithmetic,×,√,3,sim_3_3_016,0,0.5931772220454323,0,0.64,Simulated plotting data only; not real experimental results.
simulated_for_plotting_only,+PGA-Arithmetic,×,√,3,sim_3_3_017,0,0.470191909351404,0,0.64,Simulated plotting data only; not real experimental results.
simulated_for_plotting_only,+PGA-Arithmetic,×,√,3,sim_3_3_018,1,0.9383687767199622,1,0.64,Simulated plotting data only; not real experimental results.
simulated_for_plotting_only,+PGA-Arithmetic,×,√,3,sim_3_3_019,0,0.7219869523871673,1,0.64,Simulated plotting data only; not real experimental results.
simulated_for_plotting_only,+PGA-Arithmetic,×,√,3,sim_3_3_020,0,0.743146713531204,1,0.64,Simulated plotting data only; not real experimental results.
simulated_for_plotting_only,+PGA-Arithmetic,×,√,3,sim_3_3_021,0,0.4812620316707895,0,0.64,Simulated plotting data only; not real experimental results.
simulated_for_plotting_only,+PGA-Arithmetic,×,√,3,sim_3_3_022,0,0.4146842901785093,0,0.64,Simulated plotting data only; not real experimental results.
simulated_for_plotting_only,+PGA-Arithmetic,×,√,3,sim_3_3_023,1,0.9758621163331268,1,0.64,Simulated plotting data only; not real experimental results.
simulated_for_plotting_only,+PGA-Arithmetic,×,√,3,sim_3_3_024,0,0.294790439380005,0,0.64,Simulated plotting data only; not real experimental results.
simulated_for_plotting_only,+PGA-Arithmetic,×,√,3,sim_3_3_025,1,0.952782334482926,1,0.64,Simulated plotting data only; not real experimental results.
simulated_for_plotting_only,+PGA-Arithmetic,×,√,3,sim_3_3_026,1,0.9319033473611906,1,0.64,Simulated plotting data only; not real experimental results.
simulated_for_plotting_only,+PGA-Arithmetic,×,√,3,sim_3_3_027,0,0.6128609797950849,0,0.64,Simulated plotting data only; not real experimental results.
simulated_for_plotting_only,+PGA-Arithmetic,×,√,3,sim_3_3_028,0,0.6223400497837027,0,0.64,Simulated plotting data only; not real experimental results.
simulated_for_plotting_only,+PGA-Arithmetic,×,√,3,sim_3_3_029,0,0.5630097985024197,0,0.64,Simulated plotting data only; not real experimental results.
simulated_for_plotting_only,+PGA-Arithmetic,×,√,3,sim_3_3_030,1,0.631175846963422,0,0.64,Simulated plotting data only; not real experimental results.
simulated_for_plotting_only,+PGA-Arithmetic,×,√,3,sim_3_3_031,0,0.3363203903373004,0,0.64,Simulated plotting data only; not real experimental results.
simulated_for_plotting_only,+PGA-Arithmetic,×,√,3,sim_3_3_032,0,0.712338851723494,1,0.64,Simulated plotting data only; not real experimental results.
simulated_for_plotting_only,+PGA-Arithmetic,×,√,3,sim_3_3_033,0,0.2112111890910861,0,0.64,Simulated plotting data only; not real experimental results.
simulated_for_plotting_only,+PGA-Arithmetic,×,√,3,sim_3_3_034,0,0.7219089252617434,1,0.64,Simulated plotting data only; not real experimental results.
simulated_for_plotting_only,+PGA-Arithmetic,×,√,3,sim_3_3_035,0,0.3545272969485038,0,0.64,Simulated plotting data only; not real experimental results.
simulated_for_plotting_only,+PGA-Arithmetic,×,√,3,sim_3_3_036,0,0.3730844493944944,0,0.64,Simulated plotting data only; not real experimental results.
simulated_for_plotting_only,+PGA-Arithmetic,×,√,3,sim_3_3_037,0,0.4796045962970638,0,0.64,Simulated plotting data only; not real experimental results.
simulated_for_plotting_only,+PGA-Arithmetic,×,√,3,sim_3_3_038,1,0.9732666117979054,1,0.64,Simulated plotting data only; not real experimental results.
simulated_for_plotting_only,+PGA-Arithmetic,×,√,3,sim_3_3_039,0,0.9367660199222078,1,0.64,Simulated plotting data only; not real experimental results.
simulated_for_plotting_only,+PGA-Arithmetic,×,√,3,sim_3_3_040,0,0.4471331137973061,0,0.64,Simulated plotting data only; not real experimental results.
simulated_for_plotting_only,+PGA-Arithmetic,×,√,3,sim_3_3_041,0,0.3874926092272636,0,0.64,Simulated plotting data only; not real experimental results.
simulated_for_plotting_only,+PGA-Arithmetic,×,√,3,sim_3_3_042,1,0.8738361373219278,1,0.64,Simulated plotting data only; not real experimental results.
simulated_for_plotting_only,+PGA-Arithmetic,×,√,3,sim_3_3_043,0,0.3154235834720804,0,0.64,Simulated plotting data only; not real experimental results.
simulated_for_plotting_only,+PGA-Arithmetic,×,√,3,sim_3_3_044,1,0.8711732576193132,1,0.64,Simulated plotting data only; not real experimental results.
simulated_for_plotting_only,+PGA-Arithmetic,×,√,3,sim_3_3_045,0,0.7567679147954337,1,0.64,Simulated plotting data only; not real experimental results.
simulated_for_plotting_only,+PGA-Arithmetic,×,√,3,sim_3_3_046,0,0.7444568140876816,1,0.64,Simulated plotting data only; not real experimental results.
simulated_for_plotting_only,+PGA-Arithmetic,×,√,3,sim_3_3_047,0,0.416207841394027,0,0.64,Simulated plotting data only; not real experimental results.
simulated_for_plotting_only,+PGA-Arithmetic,×,√,3,sim_3_3_048,0,0.5923027695849136,0,0.64,Simulated plotting data only; not real experimental results.
simulated_for_plotting_only,+PGA-Arithmetic,×,√,3,sim_3_3_049,0,0.5787552304437035,0,0.64,Simulated plotting data only; not real experimental results.
simulated_for_plotting_only,+PGA-Arithmetic,×,√,3,sim_3_3_050,1,0.7265968748199071,1,0.64,Simulated plotting data only; not real experimental results.
simulated_for_plotting_only,+PGA-Arithmetic,×,√,3,sim_3_3_051,0,0.2977396134993191,0,0.64,Simulated plotting data only; not real experimental results.
simulated_for_plotting_only,+PGA-Arithmetic,×,√,3,sim_3_3_052,0,0.2851918739044249,0,0.64,Simulated plotting data only; not real experimental results.
simulated_for_plotting_only,+PGA-Arithmetic,×,√,3,sim_3_3_053,0,0.2528657593213148,0,0.64,Simulated plotting data only; not real experimental results.
simulated_for_plotting_only,+PGA-Arithmetic,×,√,3,sim_3_3_054,0,0.3229000993910764,0,0.64,Simulated plotting data only; not real experimental results.
simulated_for_plotting_only,+PGA-Arithmetic,×,√,3,sim_3_3_055,1,0.9284715349198808,1,0.64,Simulated plotting data only; not real experimental results.
simulated_for_plotting_only,+PGA-Arithmetic,×,√,3,sim_3_3_056,1,0.2564682444385055,0,0.64,Simulated plotting data only; not real experimental results.
simulated_for_plotting_only,+PGA-Arithmetic,×,√,3,sim_3_3_057,0,0.3258599958786368,0,0.64,Simulated plotting data only; not real experimental results.
simulated_for_plotting_only,+PGA-Arithmetic,×,√,3,sim_3_3_058,0,0.7107878194903269,1,0.64,Simulated plotting data only; not real experimental results.
simulated_for_plotting_only,+PGA-Arithmetic,×,√,3,sim_3_3_059,0,0.5042982031744907,0,0.64,Simulated plotting data only; not real experimental results.
simulated_for_plotting_only,+PGA-Arithmetic,×,√,3,sim_3_3_060,0,0.3355505984228898,0,0.64,Simulated plotting data only; not real experimental results.
simulated_for_plotting_only,+PGA-Arithmetic,×,√,3,sim_3_3_061,0,0.3873385167106426,0,0.64,Simulated plotting data only; not real experimental results.
simulated_for_plotting_only,+PGA-Arithmetic,×,√,3,sim_3_3_062,0,0.7481173550488532,1,0.64,Simulated plotting data only; not real experimental results.
simulated_for_plotting_only,+PGA-Arithmetic,×,√,3,sim_3_3_063,1,0.971720090522756,1,0.64,Simulated plotting data only; not real experimental results.
simulated_for_plotting_only,+PGA-Arithmetic,×,√,3,sim_3_3_064,0,0.6455076927391985,1,0.64,Simulated plotting data only; not real experimental results.
simulated_for_plotting_only,+PGA-Arithmetic,×,√,3,sim_3_3_065,1,0.6656415359294731,1,0.64,Simulated plotting data only; not real experimental results.
simulated_for_plotting_only,+PGA-Arithmetic,×,√,3,sim_3_3_066,0,0.5540405997749277,0,0.64,Simulated plotting data only; not real experimental results.
simulated_for_plotting_only,+PGA-Arithmetic,×,√,3,sim_3_3_067,1,0.9046264353725738,1,0.64,Simulated plotting data only; not real experimental results.
simulated_for_plotting_only,+PGA-Arithmetic,×,√,3,sim_3_3_068,1,0.7048509297109207,1,0.64,Simulated plotting data only; not real experimental results.
simulated_for_plotting_only,+PGA-Arithmetic,×,√,3,sim_3_3_069,0,0.4940497063434109,0,0.64,Simulated plotting data only; not real experimental results.
simulated_for_plotting_only,+PGA-Arithmetic,×,√,3,sim_3_3_070,0,0.1767002905912784,0,0.64,Simulated plotting data only; not real experimental results.
simulated_for_plotting_only,+PGA-Arithmetic,×,√,3,sim_3_3_071,1,0.9827458159646576,1,0.64,Simulated plotting data only; not real experimental results.
simulated_for_plotting_only,+PGA-Arithmetic,×,√,3,sim_3_3_072,0,0.4855972819341221,0,0.64,Simulated plotting data only; not real experimental results.
simulated_for_plotting_only,+PGA-Arithmetic,×,√,3,sim_3_3_073,1,0.7903456806235751,1,0.64,Simulated plotting data only; not real experimental results.
simulated_for_plotting_only,+PGA-Arithmetic,×,√,3,sim_3_3_074,1,0.8773466362427464,1,0.64,Simulated plotting data only; not real experimental results.
simulated_for_plotting_only,+PGA-Arithmetic,×,√,3,sim_3_3_075,0,0.312792211447035,0,0.64,Simulated plotting data only; not real experimental results.
simulated_for_plotting_only,+PGA-Arithmetic,×,√,3,sim_3_3_076,0,0.4237974580767903,0,0.64,Simulated plotting data only; not real experimental results.
simulated_for_plotting_only,+PGA-Arithmetic,×,√,3,sim_3_3_077,0,0.7525547497579208,1,0.64,Simulated plotting data only; not real experimental results.
simulated_for_plotting_only,+PGA-Arithmetic,×,√,3,sim_3_3_078,0,0.4432590850287826,0,0.64,Simulated plotting data only; not real experimental results.
simulated_for_plotting_only,+PGA-Arithmetic,×,√,3,sim_3_3_079,0,0.1625793491097203,0,0.64,Simulated plotting data only; not real experimental results.
simulated_for_plotting_only,+PGA-Arithmetic,×,√,3,sim_3_3_080,0,0.9229751214658488,1,0.64,Simulated plotting data only; not real experimental results.
simulated_for_plotting_only,+PGA-Arithmetic,×,√,3,sim_3_3_081,0,0.4164821489352152,0,0.64,Simulated plotting data only; not real experimental results.
simulated_for_plotting_only,+PGA-Arithmetic,×,√,3,sim_3_3_082,0,0.2908690084638604,0,0.64,Simulated plotting data only; not real experimental results.
simulated_for_plotting_only,+PGA-Arithmetic,×,√,3,sim_3_3_083,1,0.6640232088149517,1,0.64,Simulated plotting data only; not real experimental results.
simulated_for_plotting_only,+PGA-Arithmetic,×,√,3,sim_3_3_084,0,0.3212664652494744,0,0.64,Simulated plotting data only; not real experimental results.
simulated_for_plotting_only,+PGA-Arithmetic,×,√,3,sim_3_3_085,1,0.8508555998994469,1,0.64,Simulated plotting data only; not real experimental results.
simulated_for_plotting_only,+PGA-Arithmetic,×,√,3,sim_3_3_086,0,0.0932915253090549,0,0.64,Simulated plotting data only; not real experimental results.
simulated_for_plotting_only,+PGA-Arithmetic,×,√,3,sim_3_3_087,0,0.8910834249705495,1,0.64,Simulated plotting data only; not real experimental results.
simulated_for_plotting_only,+PGA-Arithmetic,×,√,3,sim_3_3_088,0,0.0823699604029681,0,0.64,Simulated plotting data only; not real experimental results.
simulated_for_plotting_only,+PGA-Arithmetic,×,√,3,sim_3_3_089,0,0.7202659028349843,1,0.64,Simulated plotting data only; not real experimental results.
simulated_for_plotting_only,+PGA-Arithmetic,×,√,3,sim_3_3_090,0,0.7421148100673978,1,0.64,Simulated plotting data only; not real experimental results.
simulated_for_plotting_only,+PGA-Arithmetic,×,√,3,sim_3_3_091,0,0.2659842720116251,0,0.64,Simulated plotting data only; not real experimental results.
simulated_for_plotting_only,+PGA-Arithmetic,×,√,3,sim_3_3_092,0,0.8026036343424809,1,0.64,Simulated plotting data only; not real experimental results.
simulated_for_plotting_only,+PGA-Arithmetic,×,√,3,sim_3_3_093,1,0.9108317729620912,1,0.64,Simulated plotting data only; not real experimental results.
simulated_for_plotting_only,+PGA-Arithmetic,×,√,3,sim_3_3_094,0,0.8170196329694506,1,0.64,Simulated plotting data only; not real experimental results.
simulated_for_plotting_only,+PGA-Arithmetic,×,√,3,sim_3_3_095,0,0.5170006843820856,0,0.64,Simulated plotting data only; not real experimental results.
simulated_for_plotting_only,+PGA-Arithmetic,×,√,3,sim_3_3_096,0,0.6438827749614242,1,0.64,Simulated plotting data only; not real experimental results.
simulated_for_plotting_only,+PGA-Arithmetic,×,√,3,sim_3_3_097,1,0.7074694998083527,1,0.64,Simulated plotting data only; not real experimental results.
simulated_for_plotting_only,+PGA-Arithmetic,×,√,3,sim_3_3_098,0,0.8009982741820465,1,0.64,Simulated plotting data only; not real experimental results.
simulated_for_plotting_only,+PGA-Arithmetic,×,√,3,sim_3_3_099,1,0.8122981510094275,1,0.64,Simulated plotting data only; not real experimental results.
simulated_for_plotting_only,+PGA-Arithmetic,×,√,3,sim_3_3_100,0,0.6500869508504723,1,0.64,Simulated plotting data only; not real experimental results.
simulated_for_plotting_only,+PGA-Arithmetic,×,√,3,sim_3_3_101,1,0.9590508797469598,1,0.64,Simulated plotting data only; not real experimental results.
simulated_for_plotting_only,+PGA-Arithmetic,×,√,3,sim_3_3_102,1,0.4388018736584043,0,0.64,Simulated plotting data only; not real experimental results.
simulated_for_plotting_only,+PGA-Arithmetic,×,√,3,sim_3_3_103,0,0.6409454416584971,1,0.64,Simulated plotting data only; not real experimental results.
simulated_for_plotting_only,+PGA-Arithmetic,×,√,3,sim_3_3_104,0,0.5135609991186183,0,0.64,Simulated plotting data only; not real experimental results.
simulated_for_plotting_only,+PGA-Arithmetic,×,√,3,sim_3_3_105,0,0.5357372554813958,0,0.64,Simulated plotting data only; not real experimental results.
simulated_for_plotting_only,+PGA-Arithmetic,×,√,3,sim_3_3_106,1,0.7518810462091396,1,0.64,Simulated plotting data only; not real experimental results.
simulated_for_plotting_only,+PGA-Arithmetic,×,√,3,sim_3_3_107,0,0.800356575066446,1,0.64,Simulated plotting data only; not real experimental results.
simulated_for_plotting_only,+PGA-Arithmetic,×,√,3,sim_3_3_108,0,0.3386736914509539,0,0.64,Simulated plotting data only; not real experimental results.
simulated_for_plotting_only,+PGA-Arithmetic,×,√,3,sim_3_3_109,1,0.9534706616984322,1,0.64,Simulated plotting data only; not real experimental results.
simulated_for_plotting_only,+PGA-Arithmetic,×,√,3,sim_3_3_110,0,0.4001455863386791,0,0.64,Simulated plotting data only; not real experimental results.
simulated_for_plotting_only,+PGA-Arithmetic,×,√,3,sim_3_3_111,0,0.3762516243181015,0,0.64,Simulated plotting data only; not real experimental results.
simulated_for_plotting_only,+PGA-Arithmetic,×,√,3,sim_3_3_112,0,0.6069754710005137,0,0.64,Simulated plotting data only; not real experimental results.
simulated_for_plotting_only,+PGA-Arithmetic,×,√,3,sim_3_3_113,0,0.6588396750282666,1,0.64,Simulated plotting data only; not real experimental results.
simulated_for_plotting_only,+PGA-Arithmetic,×,√,3,sim_3_3_114,0,0.2307802144891969,0,0.64,Simulated plotting data only; not real experimental results.
simulated_for_plotting_only,+PGA-Arithmetic,×,√,3,sim_3_3_115,1,0.8563034430414275,1,0.64,Simulated plotting data only; not real experimental results.
simulated_for_plotting_only,+PGA-Arithmetic,×,√,3,sim_3_3_116,0,0.3923098015491672,0,0.64,Simulated plotting data only; not real experimental results.
simulated_for_plotting_only,+PGA-Arithmetic,×,√,3,sim_3_3_117,1,0.9107979152560232,1,0.64,Simulated plotting data only; not real experimental results.
simulated_for_plotting_only,+PGA-Arithmetic,×,√,3,sim_3_3_118,1,0.931698723966105,1,0.64,Simulated plotting data only; not real experimental results.
simulated_for_plotting_only,+PGA-Arithmetic,×,√,3,sim_3_3_119,1,0.6464560726975803,1,0.64,Simulated plotting data only; not real experimental results.
simulated_for_plotting_only,+PGA-Arithmetic,×,√,3,sim_3_3_120,1,0.9342670075613876,1,0.64,Simulated plotting data only; not real experimental results.
simulated_for_plotting_only,+PGA-Arithmetic,×,√,3,sim_3_3_121,0,0.6454373241557574,1,0.64,Simulated plotting data only; not real experimental results.
simulated_for_plotting_only,+PGA-Arithmetic,×,√,3,sim_3_3_122,1,0.815230531214196,1,0.64,Simulated plotting data only; not real experimental results.
simulated_for_plotting_only,+PGA-Arithmetic,×,√,3,sim_3_3_123,0,0.1347178259674863,0,0.64,Simulated plotting data only; not real experimental results.
simulated_for_plotting_only,+PGA-Arithmetic,×,√,3,sim_3_3_124,0,0.7233175556716356,1,0.64,Simulated plotting data only; not real experimental results.
simulated_for_plotting_only,+PGA-Arithmetic,×,√,3,sim_3_3_125,0,0.2386910408693256,0,0.64,Simulated plotting data only; not real experimental results.
simulated_for_plotting_only,+PGA-Arithmetic,×,√,3,sim_3_3_126,0,0.2433213911722966,0,0.64,Simulated plotting data only; not real experimental results.
simulated_for_plotting_only,+PGA-Arithmetic,×,√,3,sim_3_3_127,0,0.6903364666007408,1,0.64,Simulated plotting data only; not real experimental results.
simulated_for_plotting_only,+PGA-Arithmetic,×,√,3,sim_3_3_128,0,0.4196685330958281,0,0.64,Simulated plotting data only; not real experimental results.
simulated_for_plotting_only,+PGA-Arithmetic,×,√,3,sim_3_3_129,0,0.6241137090146969,0,0.64,Simulated plotting data only; not real experimental results.
simulated_for_plotting_only,+PGA-Arithmetic,×,√,3,sim_3_3_130,1,0.8906378755095613,1,0.64,Simulated plotting data only; not real experimental results.
simulated_for_plotting_only,+PGA-Arithmetic,×,√,3,sim_3_3_131,1,0.8886413599208486,1,0.64,Simulated plotting data only; not real experimental results.
simulated_for_plotting_only,+PGA-Arithmetic,×,√,3,sim_3_3_132,0,0.4367985360188904,0,0.64,Simulated plotting data only; not real experimental results.
simulated_for_plotting_only,+PGA-Arithmetic,×,√,3,sim_3_3_133,1,0.7155570645924347,1,0.64,Simulated plotting data only; not real experimental results.
simulated_for_plotting_only,+PGA-Arithmetic,×,√,3,sim_3_3_134,0,0.2057501004604911,0,0.64,Simulated plotting data only; not real experimental results.
simulated_for_plotting_only,+PGA-Arithmetic,×,√,3,sim_3_3_135,0,0.7491297217850036,1,0.64,Simulated plotting data only; not real experimental results.
simulated_for_plotting_only,+PGA-Arithmetic,×,√,3,sim_3_3_136,0,0.1445769102581607,0,0.64,Simulated plotting data only; not real experimental results.
simulated_for_plotting_only,+PGA-Arithmetic,×,√,3,sim_3_3_137,0,0.3306567337714124,0,0.64,Simulated plotting data only; not real experimental results.
simulated_for_plotting_only,+PGA-Arithmetic,×,√,3,sim_3_3_138,0,0.3587959835723449,0,0.64,Simulated plotting data only; not real experimental results.
simulated_for_plotting_only,+PGA-Arithmetic,×,√,3,sim_3_3_139,0,0.7849373326142365,1,0.64,Simulated plotting data only; not real experimental results.
simulated_for_plotting_only,+PGA-Arithmetic,×,√,3,sim_3_3_140,0,0.5541584122469307,0,0.64,Simulated plotting data only; not real experimental results.
simulated_for_plotting_only,+PGA-Arithmetic,×,√,3,sim_3_3_141,0,0.4141261222023454,0,0.64,Simulated plotting data only; not real experimental results.
simulated_for_plotting_only,+PGA-Arithmetic,×,√,3,sim_3_3_142,0,0.2555880499057303,0,0.64,Simulated plotting data only; not real experimental results.
simulated_for_plotting_only,+PGA-Arithmetic,×,√,3,sim_3_3_143,1,0.9445401824045224,1,0.64,Simulated plotting data only; not real experimental results.
simulated_for_plotting_only,+PGA-Arithmetic,×,√,3,sim_3_3_144,0,0.6417350738087525,1,0.64,Simulated plotting data only; not real experimental results.
simulated_for_plotting_only,+PGA-Arithmetic,×,√,3,sim_3_3_145,1,0.95669422618377,1,0.64,Simulated plotting data only; not real experimental results.
simulated_for_plotting_only,+PGA-Arithmetic,×,√,3,sim_3_3_146,0,0.2354630764616176,0,0.64,Simulated plotting data only; not real experimental results.
simulated_for_plotting_only,+PGA-Arithmetic,×,√,3,sim_3_3_147,0,0.5849012369295645,0,0.64,Simulated plotting data only; not real experimental results.
simulated_for_plotting_only,+PGA-Arithmetic,×,√,3,sim_3_3_148,0,0.4800967182099189,0,0.64,Simulated plotting data only; not real experimental results.
simulated_for_plotting_only,+PGA-Arithmetic,×,√,3,sim_3_3_149,0,0.4985571211313811,0,0.64,Simulated plotting data only; not real experimental results.
simulated_for_plotting_only,+PGA-Arithmetic,×,√,3,sim_3_3_150,0,0.053657862184258,0,0.64,Simulated plotting data only; not real experimental results.
simulated_for_plotting_only,+PGA-Arithmetic,×,√,3,sim_3_3_151,0,0.7957524092669986,1,0.64,Simulated plotting data only; not real experimental results.
simulated_for_plotting_only,+PGA-Arithmetic,×,√,3,sim_3_3_152,1,0.8412196786681009,1,0.64,Simulated plotting data only; not real experimental results.
simulated_for_plotting_only,+PGA-Arithmetic,×,√,3,sim_3_3_153,1,0.8915980186617004,1,0.64,Simulated plotting data only; not real experimental results.
simulated_for_plotting_only,+PGA-Arithmetic,×,√,3,sim_3_3_154,0,0.3426663921428592,0,0.64,Simulated plotting data only; not real experimental results.
simulated_for_plotting_only,+PGA-Arithmetic,×,√,3,sim_3_3_155,0,0.4479364572539079,0,0.64,Simulated plotting data only; not real experimental results.
simulated_for_plotting_only,+PGA-Arithmetic,×,√,3,sim_3_3_156,0,0.5698299653549844,0,0.64,Simulated plotting data only; not real experimental results.
simulated_for_plotting_only,+PGA-Arithmetic,×,√,3,sim_3_3_157,0,0.2823719003891705,0,0.64,Simulated plotting data only; not real experimental results.
simulated_for_plotting_only,+PGA-Arithmetic,×,√,3,sim_3_3_158,1,0.8520475738854462,1,0.64,Simulated plotting data only; not real experimental results.
simulated_for_plotting_only,+PGA-Arithmetic,×,√,3,sim_3_3_159,0,0.3629396763040066,0,0.64,Simulated plotting data only; not real experimental results.
simulated_for_plotting_only,+PGA-Arithmetic,×,√,3,sim_3_3_160,0,0.132835367394213,0,0.64,Simulated plotting data only; not real experimental results.
simulated_for_plotting_only,+PGA-Arithmetic,×,√,3,sim_3_3_161,1,0.9558594386061798,1,0.64,Simulated plotting data only; not real experimental results.
simulated_for_plotting_only,+PGA-Arithmetic,×,√,3,sim_3_3_162,1,0.9173698206705736,1,0.64,Simulated plotting data only; not real experimental results.
simulated_for_plotting_only,+PGA-Arithmetic,×,√,3,sim_3_3_163,1,0.9558492776570716,1,0.64,Simulated plotting data only; not real experimental results.
simulated_for_plotting_only,+PGA-Arithmetic,×,√,3,sim_3_3_164,0,0.2773677640362538,0,0.64,Simulated plotting data only; not real experimental results.
simulated_for_plotting_only,+PGA-Arithmetic,×,√,3,sim_3_3_165,0,0.3299824539499411,0,0.64,Simulated plotting data only; not real experimental results.
simulated_for_plotting_only,+PGA-Arithmetic,×,√,3,sim_3_3_166,0,0.274132711376731,0,0.64,Simulated plotting data only; not real experimental results.
simulated_for_plotting_only,+PGA-Arithmetic,×,√,3,sim_3_3_167,0,0.4039523603350252,0,0.64,Simulated plotting data only; not real experimental results.
simulated_for_plotting_only,+PGA-Arithmetic,×,√,3,sim_3_3_168,1,0.5241618039222886,0,0.64,Simulated plotting data only; not real experimental results.
simulated_for_plotting_only,+PGA-Arithmetic,×,√,3,sim_3_3_169,0,0.273754575057597,0,0.64,Simulated plotting data only; not real experimental results.
simulated_for_plotting_only,+PGA-Arithmetic,×,√,3,sim_3_3_170,0,0.7390618642309092,1,0.64,Simulated plotting data only; not real experimental results.
simulated_for_plotting_only,+PGA-Arithmetic,×,√,3,sim_3_3_171,0,0.3161652211967047,0,0.64,Simulated plotting data only; not real experimental results.
simulated_for_plotting_only,+PGA-Arithmetic,×,√,3,sim_3_3_172,0,0.5473189994760473,0,0.64,Simulated plotting data only; not real experimental results.
simulated_for_plotting_only,+PGA-Arithmetic,×,√,3,sim_3_3_173,0,0.7324388870782956,1,0.64,Simulated plotting data only; not real experimental results.
simulated_for_plotting_only,+PGA-Arithmetic,×,√,3,sim_3_3_174,0,0.1913061029505903,0,0.64,Simulated plotting data only; not real experimental results.
simulated_for_plotting_only,+PGA-Arithmetic,×,√,3,sim_3_3_175,0,0.1837888156669692,0,0.64,Simulated plotting data only; not real experimental results.
simulated_for_plotting_only,+PGA-Arithmetic,×,√,3,sim_3_3_176,1,0.7019215858299143,1,0.64,Simulated plotting data only; not real experimental results.
simulated_for_plotting_only,+PGA-Arithmetic,×,√,3,sim_3_3_177,0,0.3230416199364755,0,0.64,Simulated plotting data only; not real experimental results.
simulated_for_plotting_only,+PGA-Arithmetic,×,√,3,sim_3_3_178,1,0.8799949450487903,1,0.64,Simulated plotting data only; not real experimental results.
simulated_for_plotting_only,+PGA-Arithmetic,×,√,3,sim_3_3_179,0,0.1750824032752801,0,0.64,Simulated plotting data only; not real experimental results.
simulated_for_plotting_only,+PGA-Arithmetic,×,√,3,sim_3_3_180,1,0.9135334713512144,1,0.64,Simulated plotting data only; not real experimental results.
simulated_for_plotting_only,+PGA-Arithmetic,×,√,3,sim_3_3_181,0,0.6582498927455125,1,0.64,Simulated plotting data only; not real experimental results.
simulated_for_plotting_only,+PGA-Arithmetic,×,√,3,sim_3_3_182,0,0.2005600830163597,0,0.64,Simulated plotting data only; not real experimental results.
simulated_for_plotting_only,+PGA-Arithmetic,×,√,3,sim_3_3_183,1,0.8679418062186764,1,0.64,Simulated plotting data only; not real experimental results.
simulated_for_plotting_only,+PGA-Arithmetic,×,√,4,sim_3_4_001,0,0.1833933434143601,0,0.59,Simulated plotting data only; not real experimental results.
simulated_for_plotting_only,+PGA-Arithmetic,×,√,4,sim_3_4_002,0,0.6875241111110314,1,0.59,Simulated plotting data only; not real experimental results.
simulated_for_plotting_only,+PGA-Arithmetic,×,√,4,sim_3_4_003,1,0.7697562390112823,1,0.59,Simulated plotting data only; not real experimental results.
simulated_for_plotting_only,+PGA-Arithmetic,×,√,4,sim_3_4_004,1,0.6232110054550949,1,0.59,Simulated plotting data only; not real experimental results.
simulated_for_plotting_only,+PGA-Arithmetic,×,√,4,sim_3_4_005,0,0.1671087833681911,0,0.59,Simulated plotting data only; not real experimental results.
simulated_for_plotting_only,+PGA-Arithmetic,×,√,4,sim_3_4_006,0,0.5286031328135529,0,0.59,Simulated plotting data only; not real experimental results.
simulated_for_plotting_only,+PGA-Arithmetic,×,√,4,sim_3_4_007,0,0.6996157249740114,1,0.59,Simulated plotting data only; not real experimental results.
simulated_for_plotting_only,+PGA-Arithmetic,×,√,4,sim_3_4_008,0,0.839868785726474,1,0.59,Simulated plotting data only; not real experimental results.
simulated_for_plotting_only,+PGA-Arithmetic,×,√,4,sim_3_4_009,0,0.829838476808542,1,0.59,Simulated plotting data only; not real experimental results.
simulated_for_plotting_only,+PGA-Arithmetic,×,√,4,sim_3_4_010,1,0.5957370461944018,1,0.59,Simulated plotting data only; not real experimental results.
simulated_for_plotting_only,+PGA-Arithmetic,×,√,4,sim_3_4_011,0,0.3896541435150529,0,0.59,Simulated plotting data only; not real experimental results.
simulated_for_plotting_only,+PGA-Arithmetic,×,√,4,sim_3_4_012,1,0.6691395820983534,1,0.59,Simulated plotting data only; not real experimental results.
simulated_for_plotting_only,+PGA-Arithmetic,×,√,4,sim_3_4_013,0,0.8747844034799845,1,0.59,Simulated plotting data only; not real experimental results.
simulated_for_plotting_only,+PGA-Arithmetic,×,√,4,sim_3_4_014,1,0.6663532469668115,1,0.59,Simulated plotting data only; not real experimental results.
simulated_for_plotting_only,+PGA-Arithmetic,×,√,4,sim_3_4_015,0,0.3548452209326657,0,0.59,Simulated plotting data only; not real experimental results.
simulated_for_plotting_only,+PGA-Arithmetic,×,√,4,sim_3_4_016,1,0.719851765178858,1,0.59,Simulated plotting data only; not real experimental results.
simulated_for_plotting_only,+PGA-Arithmetic,×,√,4,sim_3_4_017,0,0.7181661158863618,1,0.59,Simulated plotting data only; not real experimental results.
simulated_for_plotting_only,+PGA-Arithmetic,×,√,4,sim_3_4_018,0,0.2643279213452192,0,0.59,Simulated plotting data only; not real experimental results.
simulated_for_plotting_only,+PGA-Arithmetic,×,√,4,sim_3_4_019,0,0.6100174958768191,1,0.59,Simulated plotting data only; not real experimental results.
simulated_for_plotting_only,+PGA-Arithmetic,×,√,4,sim_3_4_020,0,0.1571313227836639,0,0.59,Simulated plotting data only; not real experimental results.
simulated_for_plotting_only,+PGA-Arithmetic,×,√,4,sim_3_4_021,0,0.8319710829249577,1,0.59,Simulated plotting data only; not real experimental results.
simulated_for_plotting_only,+PGA-Arithmetic,×,√,4,sim_3_4_022,0,0.6542774076120454,1,0.59,Simulated plotting data only; not real experimental results.
simulated_for_plotting_only,+PGA-Arithmetic,×,√,4,sim_3_4_023,0,0.2360075147514467,0,0.59,Simulated plotting data only; not real experimental results.
simulated_for_plotting_only,+PGA-Arithmetic,×,√,4,sim_3_4_024,0,0.5599211755948426,0,0.59,Simulated plotting data only; not real experimental results.
simulated_for_plotting_only,+PGA-Arithmetic,×,√,4,sim_3_4_025,0,0.4619849581852884,0,0.59,Simulated plotting data only; not real experimental results.
simulated_for_plotting_only,+PGA-Arithmetic,×,√,4,sim_3_4_026,1,0.6510798394857594,1,0.59,Simulated plotting data only; not real experimental results.
simulated_for_plotting_only,+PGA-Arithmetic,×,√,4,sim_3_4_027,1,0.6342025409959768,1,0.59,Simulated plotting data only; not real experimental results.
simulated_for_plotting_only,+PGA-Arithmetic,×,√,4,sim_3_4_028,0,0.5930073062109497,1,0.59,Simulated plotting data only; not real experimental results.
simulated_for_plotting_only,+PGA-Arithmetic,×,√,4,sim_3_4_029,0,0.5601453474323242,0,0.59,Simulated plotting data only; not real experimental results.
simulated_for_plotting_only,+PGA-Arithmetic,×,√,4,sim_3_4_030,0,0.6059990594114634,1,0.59,Simulated plotting data only; not real experimental results.
simulated_for_plotting_only,+PGA-Arithmetic,×,√,4,sim_3_4_031,1,0.8143805963281845,1,0.59,Simulated plotting data only; not real experimental results.
simulated_for_plotting_only,+PGA-Arithmetic,×,√,4,sim_3_4_032,1,0.9165444977634184,1,0.59,Simulated plotting data only; not real experimental results.
simulated_for_plotting_only,+PGA-Arithmetic,×,√,4,sim_3_4_033,0,0.2605747518948726,0,0.59,Simulated plotting data only; not real experimental results.
simulated_for_plotting_only,+PGA-Arithmetic,×,√,4,sim_3_4_034,1,0.9684556220601704,1,0.59,Simulated plotting data only; not real experimental results.
simulated_for_plotting_only,+PGA-Arithmetic,×,√,4,sim_3_4_035,0,0.7700484607411057,1,0.59,Simulated plotting data only; not real experimental results.
simulated_for_plotting_only,+PGA-Arithmetic,×,√,4,sim_3_4_036,1,0.9009336851101836,1,0.59,Simulated plotting data only; not real experimental results.
simulated_for_plotting_only,+PGA-Arithmetic,×,√,4,sim_3_4_037,0,0.8607091873218626,1,0.59,Simulated plotting data only; not real experimental results.
simulated_for_plotting_only,+PGA-Arithmetic,×,√,4,sim_3_4_038,0,0.5865301885796534,0,0.59,Simulated plotting data only; not real experimental results.
simulated_for_plotting_only,+PGA-Arithmetic,×,√,4,sim_3_4_039,0,0.5315953298112499,0,0.59,Simulated plotting data only; not real experimental results.
simulated_for_plotting_only,+PGA-Arithmetic,×,√,4,sim_3_4_040,1,0.9447363412048708,1,0.59,Simulated plotting data only; not real experimental results.
simulated_for_plotting_only,+PGA-Arithmetic,×,√,4,sim_3_4_041,0,0.5685340934095995,0,0.59,Simulated plotting data only; not real experimental results.
simulated_for_plotting_only,+PGA-Arithmetic,×,√,4,sim_3_4_042,0,0.5332608033886039,0,0.59,Simulated plotting data only; not real experimental results.
simulated_for_plotting_only,+PGA-Arithmetic,×,√,4,sim_3_4_043,1,0.8746909847718096,1,0.59,Simulated plotting data only; not real experimental results.
simulated_for_plotting_only,+PGA-Arithmetic,×,√,4,sim_3_4_044,0,0.0737330567778004,0,0.59,Simulated plotting data only; not real experimental results.
simulated_for_plotting_only,+PGA-Arithmetic,×,√,4,sim_3_4_045,1,0.6863174530534232,1,0.59,Simulated plotting data only; not real experimental results.
simulated_for_plotting_only,+PGA-Arithmetic,×,√,4,sim_3_4_046,1,0.8814063145014068,1,0.59,Simulated plotting data only; not real experimental results.
simulated_for_plotting_only,+PGA-Arithmetic,×,√,4,sim_3_4_047,0,0.8080028527172631,1,0.59,Simulated plotting data only; not real experimental results.
simulated_for_plotting_only,+PGA-Arithmetic,×,√,4,sim_3_4_048,0,0.4891184724663373,0,0.59,Simulated plotting data only; not real experimental results.
simulated_for_plotting_only,+PGA-Arithmetic,×,√,4,sim_3_4_049,0,0.6638723437844337,1,0.59,Simulated plotting data only; not real experimental results.
simulated_for_plotting_only,+PGA-Arithmetic,×,√,4,sim_3_4_050,1,0.8159144190741353,1,0.59,Simulated plotting data only; not real experimental results.
simulated_for_plotting_only,+PGA-Arithmetic,×,√,4,sim_3_4_051,0,0.7982446114054222,1,0.59,Simulated plotting data only; not real experimental results.
simulated_for_plotting_only,+PGA-Arithmetic,×,√,4,sim_3_4_052,0,0.7641389443198723,1,0.59,Simulated plotting data only; not real experimental results.
simulated_for_plotting_only,+PGA-Arithmetic,×,√,4,sim_3_4_053,0,0.1780087462982547,0,0.59,Simulated plotting data only; not real experimental results.
simulated_for_plotting_only,+PGA-Arithmetic,×,√,4,sim_3_4_054,0,0.7578682553041262,1,0.59,Simulated plotting data only; not real experimental results.
simulated_for_plotting_only,+PGA-Arithmetic,×,√,4,sim_3_4_055,1,0.2438870331162008,0,0.59,Simulated plotting data only; not real experimental results.
simulated_for_plotting_only,+PGA-Arithmetic,×,√,4,sim_3_4_056,0,0.601468587938893,1,0.59,Simulated plotting data only; not real experimental results.
simulated_for_plotting_only,+PGA-Arithmetic,×,√,4,sim_3_4_057,0,0.7380116680198366,1,0.59,Simulated plotting data only; not real experimental results.
simulated_for_plotting_only,+PGA-Arithmetic,×,√,4,sim_3_4_058,0,0.876221399069851,1,0.59,Simulated plotting data only; not real experimental results.
simulated_for_plotting_only,+PGA-Arithmetic,×,√,4,sim_3_4_059,1,0.713392662576845,1,0.59,Simulated plotting data only; not real experimental results.
simulated_for_plotting_only,+PGA-Arithmetic,×,√,4,sim_3_4_060,0,0.1657472410562672,0,0.59,Simulated plotting data only; not real experimental results.
simulated_for_plotting_only,+PGA-Arithmetic,×,√,4,sim_3_4_061,1,0.979599148290688,1,0.59,Simulated plotting data only; not real experimental results.
simulated_for_plotting_only,+PGA-Arithmetic,×,√,4,sim_3_4_062,0,0.4103843491850449,0,0.59,Simulated plotting data only; not real experimental results.
simulated_for_plotting_only,+PGA-Arithmetic,×,√,4,sim_3_4_063,0,0.2268359363590066,0,0.59,Simulated plotting data only; not real experimental results.
simulated_for_plotting_only,+PGA-Arithmetic,×,√,4,sim_3_4_064,0,0.3044681544085065,0,0.59,Simulated plotting data only; not real experimental results.
simulated_for_plotting_only,+PGA-Arithmetic,×,√,4,sim_3_4_065,1,0.8531179253204308,1,0.59,Simulated plotting data only; not real experimental results.
simulated_for_plotting_only,+PGA-Arithmetic,×,√,4,sim_3_4_066,1,0.6996029086978189,1,0.59,Simulated plotting data only; not real experimental results.
simulated_for_plotting_only,+PGA-Arithmetic,×,√,4,sim_3_4_067,0,0.6680336097983085,1,0.59,Simulated plotting data only; not real experimental results.
simulated_for_plotting_only,+PGA-Arithmetic,×,√,4,sim_3_4_068,1,0.382014147114097,0,0.59,Simulated plotting data only; not real experimental results.
simulated_for_plotting_only,+PGA-Arithmetic,×,√,4,sim_3_4_069,0,0.6357298790308333,1,0.59,Simulated plotting data only; not real experimental results.
simulated_for_plotting_only,+PGA-Arithmetic,×,√,4,sim_3_4_070,1,0.94110022402012,1,0.59,Simulated plotting data only; not real experimental results.
simulated_for_plotting_only,+PGA-Arithmetic,×,√,4,sim_3_4_071,0,0.8386785987739197,1,0.59,Simulated plotting data only; not real experimental results.
simulated_for_plotting_only,+PGA-Arithmetic,×,√,4,sim_3_4_072,1,0.6201762707379751,1,0.59,Simulated plotting data only; not real experimental results.
simulated_for_plotting_only,+PGA-Arithmetic,×,√,4,sim_3_4_073,0,0.7435189495902896,1,0.59,Simulated plotting data only; not real experimental results.
simulated_for_plotting_only,+PGA-Arithmetic,×,√,4,sim_3_4_074,1,0.7936754232408403,1,0.59,Simulated plotting data only; not real experimental results.
simulated_for_plotting_only,+PGA-Arithmetic,×,√,4,sim_3_4_075,0,0.4621691403924151,0,0.59,Simulated plotting data only; not real experimental results.
simulated_for_plotting_only,+PGA-Arithmetic,×,√,4,sim_3_4_076,0,0.5392137596533577,0,0.59,Simulated plotting data only; not real experimental results.
simulated_for_plotting_only,+PGA-Arithmetic,×,√,4,sim_3_4_077,1,0.6643326412487961,1,0.59,Simulated plotting data only; not real experimental results.
simulated_for_plotting_only,+PGA-Arithmetic,×,√,4,sim_3_4_078,0,0.3844571674467846,0,0.59,Simulated plotting data only; not real experimental results.
simulated_for_plotting_only,+PGA-Arithmetic,×,√,4,sim_3_4_079,0,0.7012019006883388,1,0.59,Simulated plotting data only; not real experimental results.
simulated_for_plotting_only,+PGA-Arithmetic,×,√,4,sim_3_4_080,1,0.8873740917112587,1,0.59,Simulated plotting data only; not real experimental results.
simulated_for_plotting_only,+PGA-Arithmetic,×,√,4,sim_3_4_081,0,0.3401342563390252,0,0.59,Simulated plotting data only; not real experimental results.
simulated_for_plotting_only,+PGA-Arithmetic,×,√,4,sim_3_4_082,0,0.4893407150094925,0,0.59,Simulated plotting data only; not real experimental results.
simulated_for_plotting_only,+PGA-Arithmetic,×,√,4,sim_3_4_083,1,0.9779738360260838,1,0.59,Simulated plotting data only; not real experimental results.
simulated_for_plotting_only,+PGA-Arithmetic,×,√,4,sim_3_4_084,0,0.7663774439305152,1,0.59,Simulated plotting data only; not real experimental results.
simulated_for_plotting_only,+PGA-Arithmetic,×,√,4,sim_3_4_085,0,0.2791913558229642,0,0.59,Simulated plotting data only; not real experimental results.
simulated_for_plotting_only,+PGA-Arithmetic,×,√,4,sim_3_4_086,0,0.7697364873825824,1,0.59,Simulated plotting data only; not real experimental results.
simulated_for_plotting_only,+PGA-Arithmetic,×,√,4,sim_3_4_087,0,0.825546826126566,1,0.59,Simulated plotting data only; not real experimental results.
simulated_for_plotting_only,+PGA-Arithmetic,×,√,4,sim_3_4_088,1,0.4534380812586744,0,0.59,Simulated plotting data only; not real experimental results.
simulated_for_plotting_only,+PGA-Arithmetic,×,√,4,sim_3_4_089,0,0.5949957916239499,1,0.59,Simulated plotting data only; not real experimental results.
simulated_for_plotting_only,+PGA-Arithmetic,×,√,4,sim_3_4_090,0,0.6632311072907273,1,0.59,Simulated plotting data only; not real experimental results.
simulated_for_plotting_only,+PGA-Arithmetic,×,√,4,sim_3_4_091,0,0.6339931761101891,1,0.59,Simulated plotting data only; not real experimental results.
simulated_for_plotting_only,+PGA-Arithmetic,×,√,4,sim_3_4_092,1,0.9467340625284646,1,0.59,Simulated plotting data only; not real experimental results.
simulated_for_plotting_only,+PGA-Arithmetic,×,√,4,sim_3_4_093,1,0.6444570771398788,1,0.59,Simulated plotting data only; not real experimental results.
simulated_for_plotting_only,+PGA-Arithmetic,×,√,4,sim_3_4_094,0,0.1176105419297649,0,0.59,Simulated plotting data only; not real experimental results.
simulated_for_plotting_only,+PGA-Arithmetic,×,√,4,sim_3_4_095,1,0.8178136478785701,1,0.59,Simulated plotting data only; not real experimental results.
simulated_for_plotting_only,+PGA-Arithmetic,×,√,4,sim_3_4_096,0,0.3440892215869482,0,0.59,Simulated plotting data only; not real experimental results.
simulated_for_plotting_only,+PGA-Arithmetic,×,√,4,sim_3_4_097,0,0.3406813387796599,0,0.59,Simulated plotting data only; not real experimental results.
simulated_for_plotting_only,+PGA-Arithmetic,×,√,4,sim_3_4_098,0,0.5880149008096317,0,0.59,Simulated plotting data only; not real experimental results.
simulated_for_plotting_only,+PGA-Arithmetic,×,√,4,sim_3_4_099,1,0.9577087626091868,1,0.59,Simulated plotting data only; not real experimental results.
simulated_for_plotting_only,+PGA-Arithmetic,×,√,4,sim_3_4_100,1,0.9040954878421515,1,0.59,Simulated plotting data only; not real experimental results.
simulated_for_plotting_only,+PGA-Arithmetic,×,√,4,sim_3_4_101,0,0.7542042713803366,1,0.59,Simulated plotting data only; not real experimental results.
simulated_for_plotting_only,+PGA-Arithmetic,×,√,4,sim_3_4_102,1,0.5164683257727161,0,0.59,Simulated plotting data only; not real experimental results.
simulated_for_plotting_only,+PGA-Arithmetic,×,√,4,sim_3_4_103,0,0.6599537376876577,1,0.59,Simulated plotting data only; not real experimental results.
simulated_for_plotting_only,+PGA-Arithmetic,×,√,4,sim_3_4_104,0,0.6292316411144455,1,0.59,Simulated plotting data only; not real experimental results.
simulated_for_plotting_only,+PGA-Arithmetic,×,√,4,sim_3_4_105,0,0.7802138048796217,1,0.59,Simulated plotting data only; not real experimental results.
simulated_for_plotting_only,+PGA-Arithmetic,×,√,4,sim_3_4_106,1,0.8831919313145234,1,0.59,Simulated plotting data only; not real experimental results.
simulated_for_plotting_only,+PGA-Arithmetic,×,√,4,sim_3_4_107,1,0.9081560292264202,1,0.59,Simulated plotting data only; not real experimental results.
simulated_for_plotting_only,+PGA-Arithmetic,×,√,4,sim_3_4_108,0,0.5172403410077869,0,0.59,Simulated plotting data only; not real experimental results.
simulated_for_plotting_only,+PGA-Arithmetic,×,√,4,sim_3_4_109,0,0.5948621476610586,1,0.59,Simulated plotting data only; not real experimental results.
simulated_for_plotting_only,+PGA-Arithmetic,×,√,4,sim_3_4_110,0,0.7205741598886971,1,0.59,Simulated plotting data only; not real experimental results.
simulated_for_plotting_only,+PGA-Arithmetic,×,√,4,sim_3_4_111,0,0.2489347257211168,0,0.59,Simulated plotting data only; not real experimental results.
simulated_for_plotting_only,+PGA-Arithmetic,×,√,4,sim_3_4_112,0,0.6945881143266323,1,0.59,Simulated plotting data only; not real experimental results.
simulated_for_plotting_only,+PGA-Arithmetic,×,√,4,sim_3_4_113,0,0.4323132232836867,0,0.59,Simulated plotting data only; not real experimental results.
simulated_for_plotting_only,+PGA-Arithmetic,×,√,4,sim_3_4_114,0,0.7158867060947632,1,0.59,Simulated plotting data only; not real experimental results.
simulated_for_plotting_only,+PGA-Arithmetic,×,√,4,sim_3_4_115,0,0.3969979080467377,0,0.59,Simulated plotting data only; not real experimental results.
simulated_for_plotting_only,+PGA-Arithmetic,×,√,4,sim_3_4_116,0,0.6402075993885022,1,0.59,Simulated plotting data only; not real experimental results.
simulated_for_plotting_only,+PGA-Arithmetic,×,√,4,sim_3_4_117,0,0.2172615104987193,0,0.59,Simulated plotting data only; not real experimental results.
simulated_for_plotting_only,+PGA-Arithmetic,×,√,4,sim_3_4_118,1,0.8057376567854929,1,0.59,Simulated plotting data only; not real experimental results.
simulated_for_plotting_only,+PGA-Arithmetic,×,√,4,sim_3_4_119,0,0.6715899319612963,1,0.59,Simulated plotting data only; not real experimental results.
simulated_for_plotting_only,+PGA-Arithmetic,×,√,4,sim_3_4_120,1,0.9580470647888754,1,0.59,Simulated plotting data only; not real experimental results.
simulated_for_plotting_only,+PGA-Arithmetic,×,√,4,sim_3_4_121,0,0.5382745117394778,0,0.59,Simulated plotting data only; not real experimental results.
simulated_for_plotting_only,+PGA-Arithmetic,×,√,4,sim_3_4_122,0,0.545875505513817,0,0.59,Simulated plotting data only; not real experimental results.
simulated_for_plotting_only,+PGA-Arithmetic,×,√,4,sim_3_4_123,0,0.6531499896462212,1,0.59,Simulated plotting data only; not real experimental results.
simulated_for_plotting_only,+PGA-Arithmetic,×,√,4,sim_3_4_124,0,0.1363015251335163,0,0.59,Simulated plotting data only; not real experimental results.
simulated_for_plotting_only,+PGA-Arithmetic,×,√,4,sim_3_4_125,0,0.7124096489234226,1,0.59,Simulated plotting data only; not real experimental results.
simulated_for_plotting_only,+PGA-Arithmetic,×,√,4,sim_3_4_126,0,0.7251182427514105,1,0.59,Simulated plotting data only; not real experimental results.
simulated_for_plotting_only,+PGA-Arithmetic,×,√,4,sim_3_4_127,0,0.6463904363767565,1,0.59,Simulated plotting data only; not real experimental results.
simulated_for_plotting_only,+PGA-Arithmetic,×,√,4,sim_3_4_128,0,0.2074476010140759,0,0.59,Simulated plotting data only; not real experimental results.
simulated_for_plotting_only,+PGA-Arithmetic,×,√,4,sim_3_4_129,0,0.6423863126131597,1,0.59,Simulated plotting data only; not real experimental results.
simulated_for_plotting_only,+PGA-Arithmetic,×,√,4,sim_3_4_130,1,0.676536449450522,1,0.59,Simulated plotting data only; not real experimental results.
simulated_for_plotting_only,+PGA-Arithmetic,×,√,4,sim_3_4_131,1,0.8356562934733412,1,0.59,Simulated plotting data only; not real experimental results.
simulated_for_plotting_only,+PGA-Arithmetic,×,√,4,sim_3_4_132,1,0.8252671705759816,1,0.59,Simulated plotting data only; not real experimental results.
simulated_for_plotting_only,+PGA-Arithmetic,×,√,4,sim_3_4_133,1,0.820153678140413,1,0.59,Simulated plotting data only; not real experimental results.
simulated_for_plotting_only,+PGA-Arithmetic,×,√,4,sim_3_4_134,1,0.9512003824437438,1,0.59,Simulated plotting data only; not real experimental results.
simulated_for_plotting_only,+PGA-Arithmetic,×,√,4,sim_3_4_135,1,0.7805230125666819,1,0.59,Simulated plotting data only; not real experimental results.
simulated_for_plotting_only,+PGA-Arithmetic,×,√,4,sim_3_4_136,0,0.8389301553076591,1,0.59,Simulated plotting data only; not real experimental results.
simulated_for_plotting_only,+PGA-Arithmetic,×,√,4,sim_3_4_137,0,0.3126709183248685,0,0.59,Simulated plotting data only; not real experimental results.
simulated_for_plotting_only,+PGA-Arithmetic,×,√,4,sim_3_4_138,0,0.2196148188611572,0,0.59,Simulated plotting data only; not real experimental results.
simulated_for_plotting_only,+PGA-Arithmetic,×,√,4,sim_3_4_139,1,0.9431167903631508,1,0.59,Simulated plotting data only; not real experimental results.
simulated_for_plotting_only,+PGA-Arithmetic,×,√,4,sim_3_4_140,0,0.6145583364124657,1,0.59,Simulated plotting data only; not real experimental results.
simulated_for_plotting_only,+PGA-Arithmetic,×,√,4,sim_3_4_141,0,0.2655889248590648,0,0.59,Simulated plotting data only; not real experimental results.
simulated_for_plotting_only,+PGA-Arithmetic,×,√,4,sim_3_4_142,0,0.3651621845842399,0,0.59,Simulated plotting data only; not real experimental results.
simulated_for_plotting_only,+PGA-Arithmetic,×,√,4,sim_3_4_143,1,0.919990130305527,1,0.59,Simulated plotting data only; not real experimental results.
simulated_for_plotting_only,+PGA-Arithmetic,×,√,4,sim_3_4_144,0,0.4457182840511119,0,0.59,Simulated plotting data only; not real experimental results.
simulated_for_plotting_only,+PGA-Arithmetic,×,√,4,sim_3_4_145,0,0.4690894335975761,0,0.59,Simulated plotting data only; not real experimental results.
simulated_for_plotting_only,+PGA-Arithmetic,×,√,4,sim_3_4_146,0,0.2474844953810856,0,0.59,Simulated plotting data only; not real experimental results.
simulated_for_plotting_only,+PGA-Arithmetic,×,√,4,sim_3_4_147,0,0.7313959664724937,1,0.59,Simulated plotting data only; not real experimental results.
simulated_for_plotting_only,+PGA-Arithmetic,×,√,4,sim_3_4_148,0,0.5222081989124436,0,0.59,Simulated plotting data only; not real experimental results.
simulated_for_plotting_only,+PGA-Arithmetic,×,√,4,sim_3_4_149,0,0.5352360034626175,0,0.59,Simulated plotting data only; not real experimental results.
simulated_for_plotting_only,+PGA-Arithmetic,×,√,4,sim_3_4_150,0,0.4529383950275675,0,0.59,Simulated plotting data only; not real experimental results.
simulated_for_plotting_only,+PGA-Arithmetic,×,√,4,sim_3_4_151,0,0.391467985454842,0,0.59,Simulated plotting data only; not real experimental results.
simulated_for_plotting_only,+PGA-Arithmetic,×,√,4,sim_3_4_152,0,0.7773981625734627,1,0.59,Simulated plotting data only; not real experimental results.
simulated_for_plotting_only,+PGA-Arithmetic,×,√,4,sim_3_4_153,0,0.7937544966772314,1,0.59,Simulated plotting data only; not real experimental results.
simulated_for_plotting_only,+PGA-Arithmetic,×,√,4,sim_3_4_154,1,0.9258080037659864,1,0.59,Simulated plotting data only; not real experimental results.
simulated_for_plotting_only,+PGA-Arithmetic,×,√,4,sim_3_4_155,0,0.5918335991486676,1,0.59,Simulated plotting data only; not real experimental results.
simulated_for_plotting_only,+PGA-Arithmetic,×,√,4,sim_3_4_156,0,0.5033032218457193,0,0.59,Simulated plotting data only; not real experimental results.
simulated_for_plotting_only,+PGA-Arithmetic,×,√,4,sim_3_4_157,0,0.1530035683404284,0,0.59,Simulated plotting data only; not real experimental results.
simulated_for_plotting_only,+PGA-Arithmetic,×,√,4,sim_3_4_158,0,0.3910817814845688,0,0.59,Simulated plotting data only; not real experimental results.
simulated_for_plotting_only,+PGA-Arithmetic,×,√,4,sim_3_4_159,0,0.1456840292295188,0,0.59,Simulated plotting data only; not real experimental results.
simulated_for_plotting_only,+PGA-Arithmetic,×,√,4,sim_3_4_160,0,0.8833689681831457,1,0.59,Simulated plotting data only; not real experimental results.
simulated_for_plotting_only,+PGA-Arithmetic,×,√,4,sim_3_4_161,0,0.2143732493739334,0,0.59,Simulated plotting data only; not real experimental results.
simulated_for_plotting_only,+PGA-Arithmetic,×,√,4,sim_3_4_162,0,0.8444409666959676,1,0.59,Simulated plotting data only; not real experimental results.
simulated_for_plotting_only,+PGA-Arithmetic,×,√,4,sim_3_4_163,0,0.6391042679670352,1,0.59,Simulated plotting data only; not real experimental results.
simulated_for_plotting_only,+PGA-Arithmetic,×,√,4,sim_3_4_164,0,0.7173406292868006,1,0.59,Simulated plotting data only; not real experimental results.
simulated_for_plotting_only,+PGA-Arithmetic,×,√,4,sim_3_4_165,0,0.6869254085754235,1,0.59,Simulated plotting data only; not real experimental results.
simulated_for_plotting_only,+PGA-Arithmetic,×,√,4,sim_3_4_166,0,0.2351183985060769,0,0.59,Simulated plotting data only; not real experimental results.
simulated_for_plotting_only,+PGA-Arithmetic,×,√,4,sim_3_4_167,1,0.936129251192394,1,0.59,Simulated plotting data only; not real experimental results.
simulated_for_plotting_only,+PGA-Arithmetic,×,√,4,sim_3_4_168,0,0.6682449352648996,1,0.59,Simulated plotting data only; not real experimental results.
simulated_for_plotting_only,+PGA-Arithmetic,×,√,4,sim_3_4_169,0,0.695067911020972,1,0.59,Simulated plotting data only; not real experimental results.
simulated_for_plotting_only,+PGA-Arithmetic,×,√,4,sim_3_4_170,0,0.8752045550492524,1,0.59,Simulated plotting data only; not real experimental results.
simulated_for_plotting_only,+PGA-Arithmetic,×,√,4,sim_3_4_171,0,0.5865657977203247,0,0.59,Simulated plotting data only; not real experimental results.
simulated_for_plotting_only,+PGA-Arithmetic,×,√,4,sim_3_4_172,0,0.6547045940229284,1,0.59,Simulated plotting data only; not real experimental results.
simulated_for_plotting_only,+PGA-Arithmetic,×,√,4,sim_3_4_173,1,0.8828859717129632,1,0.59,Simulated plotting data only; not real experimental results.
simulated_for_plotting_only,+PGA-Arithmetic,×,√,4,sim_3_4_174,0,0.2804113456973144,0,0.59,Simulated plotting data only; not real experimental results.
simulated_for_plotting_only,+PGA-Arithmetic,×,√,4,sim_3_4_175,1,0.8535435195191877,1,0.59,Simulated plotting data only; not real experimental results.
simulated_for_plotting_only,+PGA-Arithmetic,×,√,4,sim_3_4_176,1,0.9836775935792784,1,0.59,Simulated plotting data only; not real experimental results.
simulated_for_plotting_only,+PGA-Arithmetic,×,√,4,sim_3_4_177,0,0.2290342948772567,0,0.59,Simulated plotting data only; not real experimental results.
simulated_for_plotting_only,+PGA-Arithmetic,×,√,4,sim_3_4_178,0,0.2249470049660465,0,0.59,Simulated plotting data only; not real experimental results.
simulated_for_plotting_only,+PGA-Arithmetic,×,√,4,sim_3_4_179,0,0.4186136462693343,0,0.59,Simulated plotting data only; not real experimental results.
simulated_for_plotting_only,+PGA-Arithmetic,×,√,4,sim_3_4_180,0,0.3782873889336837,0,0.59,Simulated plotting data only; not real experimental results.
simulated_for_plotting_only,+PGA-Arithmetic,×,√,4,sim_3_4_181,0,0.8388613780267411,1,0.59,Simulated plotting data only; not real experimental results.
simulated_for_plotting_only,+PGA-Arithmetic,×,√,4,sim_3_4_182,0,0.2847289624422324,0,0.59,Simulated plotting data only; not real experimental results.
simulated_for_plotting_only,+PGA-Arithmetic,×,√,4,sim_3_4_183,0,0.7010761503862666,1,0.59,Simulated plotting data only; not real experimental results.
simulated_for_plotting_only,+PGA-Arithmetic,×,√,5,sim_3_5_001,0,0.573819364080614,0,0.61,Simulated plotting data only; not real experimental results.
simulated_for_plotting_only,+PGA-Arithmetic,×,√,5,sim_3_5_002,1,0.9599743491963784,1,0.61,Simulated plotting data only; not real experimental results.
simulated_for_plotting_only,+PGA-Arithmetic,×,√,5,sim_3_5_003,0,0.285694067912643,0,0.61,Simulated plotting data only; not real experimental results.
simulated_for_plotting_only,+PGA-Arithmetic,×,√,5,sim_3_5_004,0,0.7792765435903161,1,0.61,Simulated plotting data only; not real experimental results.
simulated_for_plotting_only,+PGA-Arithmetic,×,√,5,sim_3_5_005,0,0.4539379782580752,0,0.61,Simulated plotting data only; not real experimental results.
simulated_for_plotting_only,+PGA-Arithmetic,×,√,5,sim_3_5_006,0,0.4307840646135591,0,0.61,Simulated plotting data only; not real experimental results.
simulated_for_plotting_only,+PGA-Arithmetic,×,√,5,sim_3_5_007,1,0.9723985375450144,1,0.61,Simulated plotting data only; not real experimental results.
simulated_for_plotting_only,+PGA-Arithmetic,×,√,5,sim_3_5_008,1,0.9053707516714044,1,0.61,Simulated plotting data only; not real experimental results.
simulated_for_plotting_only,+PGA-Arithmetic,×,√,5,sim_3_5_009,0,0.3241581164481471,0,0.61,Simulated plotting data only; not real experimental results.
simulated_for_plotting_only,+PGA-Arithmetic,×,√,5,sim_3_5_010,0,0.720392854691327,1,0.61,Simulated plotting data only; not real experimental results.
simulated_for_plotting_only,+PGA-Arithmetic,×,√,5,sim_3_5_011,1,0.9365783254175268,1,0.61,Simulated plotting data only; not real experimental results.
simulated_for_plotting_only,+PGA-Arithmetic,×,√,5,sim_3_5_012,0,0.4953980769761512,0,0.61,Simulated plotting data only; not real experimental results.
simulated_for_plotting_only,+PGA-Arithmetic,×,√,5,sim_3_5_013,1,0.7710172341769224,1,0.61,Simulated plotting data only; not real experimental results.
simulated_for_plotting_only,+PGA-Arithmetic,×,√,5,sim_3_5_014,0,0.5427927217256963,0,0.61,Simulated plotting data only; not real experimental results.
simulated_for_plotting_only,+PGA-Arithmetic,×,√,5,sim_3_5_015,0,0.5051213005206644,0,0.61,Simulated plotting data only; not real experimental results.
simulated_for_plotting_only,+PGA-Arithmetic,×,√,5,sim_3_5_016,0,0.6563866038056403,1,0.61,Simulated plotting data only; not real experimental results.
simulated_for_plotting_only,+PGA-Arithmetic,×,√,5,sim_3_5_017,1,0.877693801775025,1,0.61,Simulated plotting data only; not real experimental results.
simulated_for_plotting_only,+PGA-Arithmetic,×,√,5,sim_3_5_018,0,0.687324306721638,1,0.61,Simulated plotting data only; not real experimental results.
simulated_for_plotting_only,+PGA-Arithmetic,×,√,5,sim_3_5_019,1,0.8837076449435125,1,0.61,Simulated plotting data only; not real experimental results.
simulated_for_plotting_only,+PGA-Arithmetic,×,√,5,sim_3_5_020,1,0.7333706155284175,1,0.61,Simulated plotting data only; not real experimental results.
simulated_for_plotting_only,+PGA-Arithmetic,×,√,5,sim_3_5_021,0,0.8509323317471374,1,0.61,Simulated plotting data only; not real experimental results.
simulated_for_plotting_only,+PGA-Arithmetic,×,√,5,sim_3_5_022,0,0.2245080818160787,0,0.61,Simulated plotting data only; not real experimental results.
simulated_for_plotting_only,+PGA-Arithmetic,×,√,5,sim_3_5_023,0,0.2566325267077834,0,0.61,Simulated plotting data only; not real experimental results.
simulated_for_plotting_only,+PGA-Arithmetic,×,√,5,sim_3_5_024,1,0.8149748047637339,1,0.61,Simulated plotting data only; not real experimental results.
simulated_for_plotting_only,+PGA-Arithmetic,×,√,5,sim_3_5_025,1,0.9356521078760148,1,0.61,Simulated plotting data only; not real experimental results.
simulated_for_plotting_only,+PGA-Arithmetic,×,√,5,sim_3_5_026,0,0.7031083371988445,1,0.61,Simulated plotting data only; not real experimental results.
simulated_for_plotting_only,+PGA-Arithmetic,×,√,5,sim_3_5_027,1,0.8381545043334009,1,0.61,Simulated plotting data only; not real experimental results.
simulated_for_plotting_only,+PGA-Arithmetic,×,√,5,sim_3_5_028,0,0.4794224337653653,0,0.61,Simulated plotting data only; not real experimental results.
simulated_for_plotting_only,+PGA-Arithmetic,×,√,5,sim_3_5_029,0,0.2753517553612207,0,0.61,Simulated plotting data only; not real experimental results.
simulated_for_plotting_only,+PGA-Arithmetic,×,√,5,sim_3_5_030,0,0.7580344894952145,1,0.61,Simulated plotting data only; not real experimental results.
simulated_for_plotting_only,+PGA-Arithmetic,×,√,5,sim_3_5_031,1,0.6807963032222604,1,0.61,Simulated plotting data only; not real experimental results.
simulated_for_plotting_only,+PGA-Arithmetic,×,√,5,sim_3_5_032,0,0.4294225147475187,0,0.61,Simulated plotting data only; not real experimental results.
simulated_for_plotting_only,+PGA-Arithmetic,×,√,5,sim_3_5_033,1,0.9050654482890348,1,0.61,Simulated plotting data only; not real experimental results.
simulated_for_plotting_only,+PGA-Arithmetic,×,√,5,sim_3_5_034,0,0.4005575460490951,0,0.61,Simulated plotting data only; not real experimental results.
simulated_for_plotting_only,+PGA-Arithmetic,×,√,5,sim_3_5_035,0,0.6553007547085422,1,0.61,Simulated plotting data only; not real experimental results.
simulated_for_plotting_only,+PGA-Arithmetic,×,√,5,sim_3_5_036,0,0.4666169659498301,0,0.61,Simulated plotting data only; not real experimental results.
simulated_for_plotting_only,+PGA-Arithmetic,×,√,5,sim_3_5_037,0,0.3795712151735592,0,0.61,Simulated plotting data only; not real experimental results.
simulated_for_plotting_only,+PGA-Arithmetic,×,√,5,sim_3_5_038,0,0.3921518923002388,0,0.61,Simulated plotting data only; not real experimental results.
simulated_for_plotting_only,+PGA-Arithmetic,×,√,5,sim_3_5_039,0,0.5780602518332674,0,0.61,Simulated plotting data only; not real experimental results.
simulated_for_plotting_only,+PGA-Arithmetic,×,√,5,sim_3_5_040,0,0.5923734178975886,0,0.61,Simulated plotting data only; not real experimental results.
simulated_for_plotting_only,+PGA-Arithmetic,×,√,5,sim_3_5_041,1,0.7896393021196114,1,0.61,Simulated plotting data only; not real experimental results.
simulated_for_plotting_only,+PGA-Arithmetic,×,√,5,sim_3_5_042,0,0.6373730697354437,1,0.61,Simulated plotting data only; not real experimental results.
simulated_for_plotting_only,+PGA-Arithmetic,×,√,5,sim_3_5_043,0,0.39503921571975,0,0.61,Simulated plotting data only; not real experimental results.
simulated_for_plotting_only,+PGA-Arithmetic,×,√,5,sim_3_5_044,0,0.8886501158849973,1,0.61,Simulated plotting data only; not real experimental results.
simulated_for_plotting_only,+PGA-Arithmetic,×,√,5,sim_3_5_045,1,0.8460139749479676,1,0.61,Simulated plotting data only; not real experimental results.
simulated_for_plotting_only,+PGA-Arithmetic,×,√,5,sim_3_5_046,0,0.5380760394368961,0,0.61,Simulated plotting data only; not real experimental results.
simulated_for_plotting_only,+PGA-Arithmetic,×,√,5,sim_3_5_047,0,0.9670619234713672,1,0.61,Simulated plotting data only; not real experimental results.
simulated_for_plotting_only,+PGA-Arithmetic,×,√,5,sim_3_5_048,0,0.7024728776018914,1,0.61,Simulated plotting data only; not real experimental results.
simulated_for_plotting_only,+PGA-Arithmetic,×,√,5,sim_3_5_049,1,0.9580813591584032,1,0.61,Simulated plotting data only; not real experimental results.
simulated_for_plotting_only,+PGA-Arithmetic,×,√,5,sim_3_5_050,0,0.299491127856702,0,0.61,Simulated plotting data only; not real experimental results.
simulated_for_plotting_only,+PGA-Arithmetic,×,√,5,sim_3_5_051,0,0.5529776888244838,0,0.61,Simulated plotting data only; not real experimental results.
simulated_for_plotting_only,+PGA-Arithmetic,×,√,5,sim_3_5_052,0,0.4009511751822558,0,0.61,Simulated plotting data only; not real experimental results.
simulated_for_plotting_only,+PGA-Arithmetic,×,√,5,sim_3_5_053,0,0.7935851273391039,1,0.61,Simulated plotting data only; not real experimental results.
simulated_for_plotting_only,+PGA-Arithmetic,×,√,5,sim_3_5_054,0,0.7682495216686335,1,0.61,Simulated plotting data only; not real experimental results.
simulated_for_plotting_only,+PGA-Arithmetic,×,√,5,sim_3_5_055,0,0.2877338965460488,0,0.61,Simulated plotting data only; not real experimental results.
simulated_for_plotting_only,+PGA-Arithmetic,×,√,5,sim_3_5_056,0,0.3470777846625504,0,0.61,Simulated plotting data only; not real experimental results.
simulated_for_plotting_only,+PGA-Arithmetic,×,√,5,sim_3_5_057,0,0.7287791154365335,1,0.61,Simulated plotting data only; not real experimental results.
simulated_for_plotting_only,+PGA-Arithmetic,×,√,5,sim_3_5_058,1,0.6732465738774991,1,0.61,Simulated plotting data only; not real experimental results.
simulated_for_plotting_only,+PGA-Arithmetic,×,√,5,sim_3_5_059,0,0.5495529060651456,0,0.61,Simulated plotting data only; not real experimental results.
simulated_for_plotting_only,+PGA-Arithmetic,×,√,5,sim_3_5_060,0,0.5834813162386833,0,0.61,Simulated plotting data only; not real experimental results.
simulated_for_plotting_only,+PGA-Arithmetic,×,√,5,sim_3_5_061,1,0.94224790484079,1,0.61,Simulated plotting data only; not real experimental results.
simulated_for_plotting_only,+PGA-Arithmetic,×,√,5,sim_3_5_062,0,0.6484834329429012,1,0.61,Simulated plotting data only; not real experimental results.
simulated_for_plotting_only,+PGA-Arithmetic,×,√,5,sim_3_5_063,0,0.4881046362337013,0,0.61,Simulated plotting data only; not real experimental results.
simulated_for_plotting_only,+PGA-Arithmetic,×,√,5,sim_3_5_064,0,0.364591929436913,0,0.61,Simulated plotting data only; not real experimental results.
simulated_for_plotting_only,+PGA-Arithmetic,×,√,5,sim_3_5_065,0,0.2209088666387184,0,0.61,Simulated plotting data only; not real experimental results.
simulated_for_plotting_only,+PGA-Arithmetic,×,√,5,sim_3_5_066,0,0.4441283942876637,0,0.61,Simulated plotting data only; not real experimental results.
simulated_for_plotting_only,+PGA-Arithmetic,×,√,5,sim_3_5_067,0,0.3707059466052509,0,0.61,Simulated plotting data only; not real experimental results.
simulated_for_plotting_only,+PGA-Arithmetic,×,√,5,sim_3_5_068,0,0.1736220123893381,0,0.61,Simulated plotting data only; not real experimental results.
simulated_for_plotting_only,+PGA-Arithmetic,×,√,5,sim_3_5_069,0,0.4533499095303467,0,0.61,Simulated plotting data only; not real experimental results.
simulated_for_plotting_only,+PGA-Arithmetic,×,√,5,sim_3_5_070,0,0.6185898768299899,1,0.61,Simulated plotting data only; not real experimental results.
simulated_for_plotting_only,+PGA-Arithmetic,×,√,5,sim_3_5_071,0,0.8199966201509584,1,0.61,Simulated plotting data only; not real experimental results.
simulated_for_plotting_only,+PGA-Arithmetic,×,√,5,sim_3_5_072,0,0.3830381332023339,0,0.61,Simulated plotting data only; not real experimental results.
simulated_for_plotting_only,+PGA-Arithmetic,×,√,5,sim_3_5_073,1,0.9011401715005296,1,0.61,Simulated plotting data only; not real experimental results.
simulated_for_plotting_only,+PGA-Arithmetic,×,√,5,sim_3_5_074,0,0.0815525310326805,0,0.61,Simulated plotting data only; not real experimental results.
simulated_for_plotting_only,+PGA-Arithmetic,×,√,5,sim_3_5_075,0,0.1507133170291968,0,0.61,Simulated plotting data only; not real experimental results.
simulated_for_plotting_only,+PGA-Arithmetic,×,√,5,sim_3_5_076,0,0.4371834457853788,0,0.61,Simulated plotting data only; not real experimental results.
simulated_for_plotting_only,+PGA-Arithmetic,×,√,5,sim_3_5_077,0,0.4070886504803797,0,0.61,Simulated plotting data only; not real experimental results.
simulated_for_plotting_only,+PGA-Arithmetic,×,√,5,sim_3_5_078,0,0.3755410149483459,0,0.61,Simulated plotting data only; not real experimental results.
simulated_for_plotting_only,+PGA-Arithmetic,×,√,5,sim_3_5_079,1,0.869284966267875,1,0.61,Simulated plotting data only; not real experimental results.
simulated_for_plotting_only,+PGA-Arithmetic,×,√,5,sim_3_5_080,0,0.5590522073750435,0,0.61,Simulated plotting data only; not real experimental results.
simulated_for_plotting_only,+PGA-Arithmetic,×,√,5,sim_3_5_081,0,0.4162581288275088,0,0.61,Simulated plotting data only; not real experimental results.
simulated_for_plotting_only,+PGA-Arithmetic,×,√,5,sim_3_5_082,0,0.82150948303021,1,0.61,Simulated plotting data only; not real experimental results.
simulated_for_plotting_only,+PGA-Arithmetic,×,√,5,sim_3_5_083,1,0.9091271517962128,1,0.61,Simulated plotting data only; not real experimental results.
simulated_for_plotting_only,+PGA-Arithmetic,×,√,5,sim_3_5_084,1,0.9182896205144788,1,0.61,Simulated plotting data only; not real experimental results.
simulated_for_plotting_only,+PGA-Arithmetic,×,√,5,sim_3_5_085,0,0.8170791758528908,1,0.61,Simulated plotting data only; not real experimental results.
simulated_for_plotting_only,+PGA-Arithmetic,×,√,5,sim_3_5_086,0,0.6271966496480683,1,0.61,Simulated plotting data only; not real experimental results.
simulated_for_plotting_only,+PGA-Arithmetic,×,√,5,sim_3_5_087,1,0.5116732263198137,0,0.61,Simulated plotting data only; not real experimental results.
simulated_for_plotting_only,+PGA-Arithmetic,×,√,5,sim_3_5_088,0,0.3512535908737212,0,0.61,Simulated plotting data only; not real experimental results.
simulated_for_plotting_only,+PGA-Arithmetic,×,√,5,sim_3_5_089,0,0.3460333547948084,0,0.61,Simulated plotting data only; not real experimental results.
simulated_for_plotting_only,+PGA-Arithmetic,×,√,5,sim_3_5_090,0,0.5757786118593559,0,0.61,Simulated plotting data only; not real experimental results.
simulated_for_plotting_only,+PGA-Arithmetic,×,√,5,sim_3_5_091,0,0.4827151765367432,0,0.61,Simulated plotting data only; not real experimental results.
simulated_for_plotting_only,+PGA-Arithmetic,×,√,5,sim_3_5_092,0,0.5190327160344465,0,0.61,Simulated plotting data only; not real experimental results.
simulated_for_plotting_only,+PGA-Arithmetic,×,√,5,sim_3_5_093,0,0.261618795591807,0,0.61,Simulated plotting data only; not real experimental results.
simulated_for_plotting_only,+PGA-Arithmetic,×,√,5,sim_3_5_094,0,0.5354464008762209,0,0.61,Simulated plotting data only; not real experimental results.
simulated_for_plotting_only,+PGA-Arithmetic,×,√,5,sim_3_5_095,0,0.2595000241455918,0,0.61,Simulated plotting data only; not real experimental results.
simulated_for_plotting_only,+PGA-Arithmetic,×,√,5,sim_3_5_096,0,0.4209726544512107,0,0.61,Simulated plotting data only; not real experimental results.
simulated_for_plotting_only,+PGA-Arithmetic,×,√,5,sim_3_5_097,0,0.8538494951219491,1,0.61,Simulated plotting data only; not real experimental results.
simulated_for_plotting_only,+PGA-Arithmetic,×,√,5,sim_3_5_098,1,0.7003901027063694,1,0.61,Simulated plotting data only; not real experimental results.
simulated_for_plotting_only,+PGA-Arithmetic,×,√,5,sim_3_5_099,0,0.5255577290875237,0,0.61,Simulated plotting data only; not real experimental results.
simulated_for_plotting_only,+PGA-Arithmetic,×,√,5,sim_3_5_100,0,0.5735051385431149,0,0.61,Simulated plotting data only; not real experimental results.
simulated_for_plotting_only,+PGA-Arithmetic,×,√,5,sim_3_5_101,0,0.7366558480543977,1,0.61,Simulated plotting data only; not real experimental results.
simulated_for_plotting_only,+PGA-Arithmetic,×,√,5,sim_3_5_102,0,0.1490731461149533,0,0.61,Simulated plotting data only; not real experimental results.
simulated_for_plotting_only,+PGA-Arithmetic,×,√,5,sim_3_5_103,0,0.4216188526318558,0,0.61,Simulated plotting data only; not real experimental results.
simulated_for_plotting_only,+PGA-Arithmetic,×,√,5,sim_3_5_104,1,0.970307841987391,1,0.61,Simulated plotting data only; not real experimental results.
simulated_for_plotting_only,+PGA-Arithmetic,×,√,5,sim_3_5_105,1,0.8312714129311517,1,0.61,Simulated plotting data only; not real experimental results.
simulated_for_plotting_only,+PGA-Arithmetic,×,√,5,sim_3_5_106,0,0.602535410564738,0,0.61,Simulated plotting data only; not real experimental results.
simulated_for_plotting_only,+PGA-Arithmetic,×,√,5,sim_3_5_107,0,0.7186115798252888,1,0.61,Simulated plotting data only; not real experimental results.
simulated_for_plotting_only,+PGA-Arithmetic,×,√,5,sim_3_5_108,1,0.6687005566035068,1,0.61,Simulated plotting data only; not real experimental results.
simulated_for_plotting_only,+PGA-Arithmetic,×,√,5,sim_3_5_109,0,0.5627477336755803,0,0.61,Simulated plotting data only; not real experimental results.
simulated_for_plotting_only,+PGA-Arithmetic,×,√,5,sim_3_5_110,0,0.8600353456069976,1,0.61,Simulated plotting data only; not real experimental results.
simulated_for_plotting_only,+PGA-Arithmetic,×,√,5,sim_3_5_111,0,0.0362898372442998,0,0.61,Simulated plotting data only; not real experimental results.
simulated_for_plotting_only,+PGA-Arithmetic,×,√,5,sim_3_5_112,0,0.7158615507103372,1,0.61,Simulated plotting data only; not real experimental results.
simulated_for_plotting_only,+PGA-Arithmetic,×,√,5,sim_3_5_113,1,0.6220683647603953,1,0.61,Simulated plotting data only; not real experimental results.
simulated_for_plotting_only,+PGA-Arithmetic,×,√,5,sim_3_5_114,0,0.47495410267799,0,0.61,Simulated plotting data only; not real experimental results.
simulated_for_plotting_only,+PGA-Arithmetic,×,√,5,sim_3_5_115,1,0.9644314164887786,1,0.61,Simulated plotting data only; not real experimental results.
simulated_for_plotting_only,+PGA-Arithmetic,×,√,5,sim_3_5_116,0,0.6521334367912296,1,0.61,Simulated plotting data only; not real experimental results.
simulated_for_plotting_only,+PGA-Arithmetic,×,√,5,sim_3_5_117,1,0.9600285947269972,1,0.61,Simulated plotting data only; not real experimental results.
simulated_for_plotting_only,+PGA-Arithmetic,×,√,5,sim_3_5_118,1,0.8518083053360462,1,0.61,Simulated plotting data only; not real experimental results.
simulated_for_plotting_only,+PGA-Arithmetic,×,√,5,sim_3_5_119,0,0.6722603925597938,1,0.61,Simulated plotting data only; not real experimental results.
simulated_for_plotting_only,+PGA-Arithmetic,×,√,5,sim_3_5_120,0,0.0896365493962297,0,0.61,Simulated plotting data only; not real experimental results.
simulated_for_plotting_only,+PGA-Arithmetic,×,√,5,sim_3_5_121,1,0.9227555340030136,1,0.61,Simulated plotting data only; not real experimental results.
simulated_for_plotting_only,+PGA-Arithmetic,×,√,5,sim_3_5_122,1,0.7894643729064127,1,0.61,Simulated plotting data only; not real experimental results.
simulated_for_plotting_only,+PGA-Arithmetic,×,√,5,sim_3_5_123,0,0.5060331707635204,0,0.61,Simulated plotting data only; not real experimental results.
simulated_for_plotting_only,+PGA-Arithmetic,×,√,5,sim_3_5_124,1,0.6796135467627186,1,0.61,Simulated plotting data only; not real experimental results.
simulated_for_plotting_only,+PGA-Arithmetic,×,√,5,sim_3_5_125,1,0.8826027380506146,1,0.61,Simulated plotting data only; not real experimental results.
simulated_for_plotting_only,+PGA-Arithmetic,×,√,5,sim_3_5_126,0,0.3699780443636674,0,0.61,Simulated plotting data only; not real experimental results.
simulated_for_plotting_only,+PGA-Arithmetic,×,√,5,sim_3_5_127,0,0.5802786616690215,0,0.61,Simulated plotting data only; not real experimental results.
simulated_for_plotting_only,+PGA-Arithmetic,×,√,5,sim_3_5_128,0,0.7123648506335812,1,0.61,Simulated plotting data only; not real experimental results.
simulated_for_plotting_only,+PGA-Arithmetic,×,√,5,sim_3_5_129,0,0.7489135230138421,1,0.61,Simulated plotting data only; not real experimental results.
simulated_for_plotting_only,+PGA-Arithmetic,×,√,5,sim_3_5_130,1,0.7662087186845605,1,0.61,Simulated plotting data only; not real experimental results.
simulated_for_plotting_only,+PGA-Arithmetic,×,√,5,sim_3_5_131,0,0.6321299129507502,1,0.61,Simulated plotting data only; not real experimental results.
simulated_for_plotting_only,+PGA-Arithmetic,×,√,5,sim_3_5_132,0,0.4166005518500707,0,0.61,Simulated plotting data only; not real experimental results.
simulated_for_plotting_only,+PGA-Arithmetic,×,√,5,sim_3_5_133,1,0.9075182132954224,1,0.61,Simulated plotting data only; not real experimental results.
simulated_for_plotting_only,+PGA-Arithmetic,×,√,5,sim_3_5_134,1,0.561922438086702,0,0.61,Simulated plotting data only; not real experimental results.
simulated_for_plotting_only,+PGA-Arithmetic,×,√,5,sim_3_5_135,0,0.1355549105484503,0,0.61,Simulated plotting data only; not real experimental results.
simulated_for_plotting_only,+PGA-Arithmetic,×,√,5,sim_3_5_136,0,0.520449782718027,0,0.61,Simulated plotting data only; not real experimental results.
simulated_for_plotting_only,+PGA-Arithmetic,×,√,5,sim_3_5_137,0,0.4613269351316695,0,0.61,Simulated plotting data only; not real experimental results.
simulated_for_plotting_only,+PGA-Arithmetic,×,√,5,sim_3_5_138,0,0.2789010576399069,0,0.61,Simulated plotting data only; not real experimental results.
simulated_for_plotting_only,+PGA-Arithmetic,×,√,5,sim_3_5_139,0,0.862197081944297,1,0.61,Simulated plotting data only; not real experimental results.
simulated_for_plotting_only,+PGA-Arithmetic,×,√,5,sim_3_5_140,0,0.5071119383960276,0,0.61,Simulated plotting data only; not real experimental results.
simulated_for_plotting_only,+PGA-Arithmetic,×,√,5,sim_3_5_141,0,0.6507140470491024,1,0.61,Simulated plotting data only; not real experimental results.
simulated_for_plotting_only,+PGA-Arithmetic,×,√,5,sim_3_5_142,0,0.6537983123420306,1,0.61,Simulated plotting data only; not real experimental results.
simulated_for_plotting_only,+PGA-Arithmetic,×,√,5,sim_3_5_143,0,0.7119446243795804,1,0.61,Simulated plotting data only; not real experimental results.
simulated_for_plotting_only,+PGA-Arithmetic,×,√,5,sim_3_5_144,0,0.6707457547388356,1,0.61,Simulated plotting data only; not real experimental results.
simulated_for_plotting_only,+PGA-Arithmetic,×,√,5,sim_3_5_145,0,0.1746324005863969,0,0.61,Simulated plotting data only; not real experimental results.
simulated_for_plotting_only,+PGA-Arithmetic,×,√,5,sim_3_5_146,1,0.7913276508600656,1,0.61,Simulated plotting data only; not real experimental results.
simulated_for_plotting_only,+PGA-Arithmetic,×,√,5,sim_3_5_147,0,0.6530834954393123,1,0.61,Simulated plotting data only; not real experimental results.
simulated_for_plotting_only,+PGA-Arithmetic,×,√,5,sim_3_5_148,1,0.913070514901699,1,0.61,Simulated plotting data only; not real experimental results.
simulated_for_plotting_only,+PGA-Arithmetic,×,√,5,sim_3_5_149,1,0.612602239638931,1,0.61,Simulated plotting data only; not real experimental results.
simulated_for_plotting_only,+PGA-Arithmetic,×,√,5,sim_3_5_150,0,0.6366232591398862,1,0.61,Simulated plotting data only; not real experimental results.
simulated_for_plotting_only,+PGA-Arithmetic,×,√,5,sim_3_5_151,0,0.4576424582912631,0,0.61,Simulated plotting data only; not real experimental results.
simulated_for_plotting_only,+PGA-Arithmetic,×,√,5,sim_3_5_152,0,0.5481423169550685,0,0.61,Simulated plotting data only; not real experimental results.
simulated_for_plotting_only,+PGA-Arithmetic,×,√,5,sim_3_5_153,1,0.6747780153811541,1,0.61,Simulated plotting data only; not real experimental results.
simulated_for_plotting_only,+PGA-Arithmetic,×,√,5,sim_3_5_154,0,0.3643834336980544,0,0.61,Simulated plotting data only; not real experimental results.
simulated_for_plotting_only,+PGA-Arithmetic,×,√,5,sim_3_5_155,0,0.4003534435480587,0,0.61,Simulated plotting data only; not real experimental results.
simulated_for_plotting_only,+PGA-Arithmetic,×,√,5,sim_3_5_156,0,0.3718321605658931,0,0.61,Simulated plotting data only; not real experimental results.
simulated_for_plotting_only,+PGA-Arithmetic,×,√,5,sim_3_5_157,1,0.8739223476984591,1,0.61,Simulated plotting data only; not real experimental results.
simulated_for_plotting_only,+PGA-Arithmetic,×,√,5,sim_3_5_158,1,0.8437751708347783,1,0.61,Simulated plotting data only; not real experimental results.
simulated_for_plotting_only,+PGA-Arithmetic,×,√,5,sim_3_5_159,0,0.4628246295687706,0,0.61,Simulated plotting data only; not real experimental results.
simulated_for_plotting_only,+PGA-Arithmetic,×,√,5,sim_3_5_160,1,0.9189009804757567,1,0.61,Simulated plotting data only; not real experimental results.
simulated_for_plotting_only,+PGA-Arithmetic,×,√,5,sim_3_5_161,1,0.4144277378965643,0,0.61,Simulated plotting data only; not real experimental results.
simulated_for_plotting_only,+PGA-Arithmetic,×,√,5,sim_3_5_162,1,0.9659525271277958,1,0.61,Simulated plotting data only; not real experimental results.
simulated_for_plotting_only,+PGA-Arithmetic,×,√,5,sim_3_5_163,0,0.5665169247494627,0,0.61,Simulated plotting data only; not real experimental results.
simulated_for_plotting_only,+PGA-Arithmetic,×,√,5,sim_3_5_164,0,0.6802264145180106,1,0.61,Simulated plotting data only; not real experimental results.
simulated_for_plotting_only,+PGA-Arithmetic,×,√,5,sim_3_5_165,0,0.6670465934603216,1,0.61,Simulated plotting data only; not real experimental results.
simulated_for_plotting_only,+PGA-Arithmetic,×,√,5,sim_3_5_166,0,0.4332301835509829,0,0.61,Simulated plotting data only; not real experimental results.
simulated_for_plotting_only,+PGA-Arithmetic,×,√,5,sim_3_5_167,1,0.6858723061474653,1,0.61,Simulated plotting data only; not real experimental results.
simulated_for_plotting_only,+PGA-Arithmetic,×,√,5,sim_3_5_168,0,0.5803075063782996,0,0.61,Simulated plotting data only; not real experimental results.
simulated_for_plotting_only,+PGA-Arithmetic,×,√,5,sim_3_5_169,0,0.5329821947534378,0,0.61,Simulated plotting data only; not real experimental results.
simulated_for_plotting_only,+PGA-Arithmetic,×,√,5,sim_3_5_170,0,0.8026132842580769,1,0.61,Simulated plotting data only; not real experimental results.
simulated_for_plotting_only,+PGA-Arithmetic,×,√,5,sim_3_5_171,0,0.3409158096586228,0,0.61,Simulated plotting data only; not real experimental results.
simulated_for_plotting_only,+PGA-Arithmetic,×,√,5,sim_3_5_172,0,0.049721030126873,0,0.61,Simulated plotting data only; not real experimental results.
simulated_for_plotting_only,+PGA-Arithmetic,×,√,5,sim_3_5_173,0,0.255967112931273,0,0.61,Simulated plotting data only; not real experimental results.
simulated_for_plotting_only,+PGA-Arithmetic,×,√,5,sim_3_5_174,0,0.2420641655354427,0,0.61,Simulated plotting data only; not real experimental results.
simulated_for_plotting_only,+PGA-Arithmetic,×,√,5,sim_3_5_175,0,0.2225610213203656,0,0.61,Simulated plotting data only; not real experimental results.
simulated_for_plotting_only,+PGA-Arithmetic,×,√,5,sim_3_5_176,0,0.4879019476592702,0,0.61,Simulated plotting data only; not real experimental results.
simulated_for_plotting_only,+PGA-Arithmetic,×,√,5,sim_3_5_177,1,0.7637577535028701,1,0.61,Simulated plotting data only; not real experimental results.
simulated_for_plotting_only,+PGA-Arithmetic,×,√,5,sim_3_5_178,1,0.6343366401884197,1,0.61,Simulated plotting data only; not real experimental results.
simulated_for_plotting_only,+PGA-Arithmetic,×,√,5,sim_3_5_179,1,0.775463645105996,1,0.61,Simulated plotting data only; not real experimental results.
simulated_for_plotting_only,+PGA-Arithmetic,×,√,5,sim_3_5_180,1,0.7255183493970988,1,0.61,Simulated plotting data only; not real experimental results.
simulated_for_plotting_only,+PGA-Arithmetic,×,√,5,sim_3_5_181,0,0.6492348524603068,1,0.61,Simulated plotting data only; not real experimental results.
simulated_for_plotting_only,+PGA-Arithmetic,×,√,5,sim_3_5_182,1,0.7523569434967043,1,0.61,Simulated plotting data only; not real experimental results.
simulated_for_plotting_only,+PGA-Arithmetic,×,√,5,sim_3_5_183,0,0.424652686588648,0,0.61,Simulated plotting data only; not real experimental results.
simulated_for_plotting_only,完整 PGA-AMFormer,√,√,1,sim_4_1_001,1,0.9439173387024457,1,simulated_label_adjusted,Simulated plotting data only; y_pred adjusted to approximate target Precision/Recall/F1; y_prob unchanged.
simulated_for_plotting_only,完整 PGA-AMFormer,√,√,1,sim_4_1_002,0,0.4172809150333814,0,simulated_label_adjusted,Simulated plotting data only; y_pred adjusted to approximate target Precision/Recall/F1; y_prob unchanged.
simulated_for_plotting_only,完整 PGA-AMFormer,√,√,1,sim_4_1_003,0,0.6234695676621073,0,simulated_label_adjusted,Simulated plotting data only; y_pred adjusted to approximate target Precision/Recall/F1; y_prob unchanged.
simulated_for_plotting_only,完整 PGA-AMFormer,√,√,1,sim_4_1_004,1,0.8085645591106249,1,simulated_label_adjusted,Simulated plotting data only; y_pred adjusted to approximate target Precision/Recall/F1; y_prob unchanged.
simulated_for_plotting_only,完整 PGA-AMFormer,√,√,1,sim_4_1_005,1,0.9511498286215908,1,simulated_label_adjusted,Simulated plotting data only; y_pred adjusted to approximate target Precision/Recall/F1; y_prob unchanged.
simulated_for_plotting_only,完整 PGA-AMFormer,√,√,1,sim_4_1_006,0,0.6492265130750213,0,simulated_label_adjusted,Simulated plotting data only; y_pred adjusted to approximate target Precision/Recall/F1; y_prob unchanged.
simulated_for_plotting_only,完整 PGA-AMFormer,√,√,1,sim_4_1_007,1,0.5955592464944941,1,simulated_label_adjusted,Simulated plotting data only; y_pred adjusted to approximate target Precision/Recall/F1; y_prob unchanged.
simulated_for_plotting_only,完整 PGA-AMFormer,√,√,1,sim_4_1_008,0,0.5841945334726012,0,simulated_label_adjusted,Simulated plotting data only; y_pred adjusted to approximate target Precision/Recall/F1; y_prob unchanged.
simulated_for_plotting_only,完整 PGA-AMFormer,√,√,1,sim_4_1_009,0,0.5145138567060822,0,simulated_label_adjusted,Simulated plotting data only; y_pred adjusted to approximate target Precision/Recall/F1; y_prob unchanged.
simulated_for_plotting_only,完整 PGA-AMFormer,√,√,1,sim_4_1_010,1,0.9184352750715422,1,simulated_label_adjusted,Simulated plotting data only; y_pred adjusted to approximate target Precision/Recall/F1; y_prob unchanged.
simulated_for_plotting_only,完整 PGA-AMFormer,√,√,1,sim_4_1_011,0,0.9012086827107024,1,simulated_label_adjusted,Simulated plotting data only; y_pred adjusted to approximate target Precision/Recall/F1; y_prob unchanged.
simulated_for_plotting_only,完整 PGA-AMFormer,√,√,1,sim_4_1_012,0,0.4033935463692698,0,simulated_label_adjusted,Simulated plotting data only; y_pred adjusted to approximate target Precision/Recall/F1; y_prob unchanged.
simulated_for_plotting_only,完整 PGA-AMFormer,√,√,1,sim_4_1_013,0,0.7171303383954406,1,simulated_label_adjusted,Simulated plotting data only; y_pred adjusted to approximate target Precision/Recall/F1; y_prob unchanged.
simulated_for_plotting_only,完整 PGA-AMFormer,√,√,1,sim_4_1_014,0,0.8481286922328614,1,simulated_label_adjusted,Simulated plotting data only; y_pred adjusted to approximate target Precision/Recall/F1; y_prob unchanged.
simulated_for_plotting_only,完整 PGA-AMFormer,√,√,1,sim_4_1_015,0,0.7805058195948122,1,simulated_label_adjusted,Simulated plotting data only; y_pred adjusted to approximate target Precision/Recall/F1; y_prob unchanged.
simulated_for_plotting_only,完整 PGA-AMFormer,√,√,1,sim_4_1_016,0,0.7710494379462226,1,simulated_label_adjusted,Simulated plotting data only; y_pred adjusted to approximate target Precision/Recall/F1; y_prob unchanged.
simulated_for_plotting_only,完整 PGA-AMFormer,√,√,1,sim_4_1_017,1,0.8625842173545548,1,simulated_label_adjusted,Simulated plotting data only; y_pred adjusted to approximate target Precision/Recall/F1; y_prob unchanged.
simulated_for_plotting_only,完整 PGA-AMFormer,√,√,1,sim_4_1_018,0,0.6358544739943209,0,simulated_label_adjusted,Simulated plotting data only; y_pred adjusted to approximate target Precision/Recall/F1; y_prob unchanged.
simulated_for_plotting_only,完整 PGA-AMFormer,√,√,1,sim_4_1_019,0,0.4453418457423269,0,simulated_label_adjusted,Simulated plotting data only; y_pred adjusted to approximate target Precision/Recall/F1; y_prob unchanged.
simulated_for_plotting_only,完整 PGA-AMFormer,√,√,1,sim_4_1_020,1,0.9410039210964524,1,simulated_label_adjusted,Simulated plotting data only; y_pred adjusted to approximate target Precision/Recall/F1; y_prob unchanged.
simulated_for_plotting_only,完整 PGA-AMFormer,√,√,1,sim_4_1_021,1,0.9114607499674464,1,simulated_label_adjusted,Simulated plotting data only; y_pred adjusted to approximate target Precision/Recall/F1; y_prob unchanged.
simulated_for_plotting_only,完整 PGA-AMFormer,√,√,1,sim_4_1_022,1,0.7945491115811552,1,simulated_label_adjusted,Simulated plotting data only; y_pred adjusted to approximate target Precision/Recall/F1; y_prob unchanged.
simulated_for_plotting_only,完整 PGA-AMFormer,√,√,1,sim_4_1_023,0,0.599526669872016,0,simulated_label_adjusted,Simulated plotting data only; y_pred adjusted to approximate target Precision/Recall/F1; y_prob unchanged.
simulated_for_plotting_only,完整 PGA-AMFormer,√,√,1,sim_4_1_024,0,0.902178340901952,1,simulated_label_adjusted,Simulated plotting data only; y_pred adjusted to approximate target Precision/Recall/F1; y_prob unchanged.
simulated_for_plotting_only,完整 PGA-AMFormer,√,√,1,sim_4_1_025,1,0.4989310919720995,0,simulated_label_adjusted,Simulated plotting data only; y_pred adjusted to approximate target Precision/Recall/F1; y_prob unchanged.
simulated_for_plotting_only,完整 PGA-AMFormer,√,√,1,sim_4_1_026,1,0.920569308789974,1,simulated_label_adjusted,Simulated plotting data only; y_pred adjusted to approximate target Precision/Recall/F1; y_prob unchanged.
simulated_for_plotting_only,完整 PGA-AMFormer,√,√,1,sim_4_1_027,0,0.5109826098776346,0,simulated_label_adjusted,Simulated plotting data only; y_pred adjusted to approximate target Precision/Recall/F1; y_prob unchanged.
simulated_for_plotting_only,完整 PGA-AMFormer,√,√,1,sim_4_1_028,1,0.8836858155441102,1,simulated_label_adjusted,Simulated plotting data only; y_pred adjusted to approximate target Precision/Recall/F1; y_prob unchanged.
simulated_for_plotting_only,完整 PGA-AMFormer,√,√,1,sim_4_1_029,1,0.8965738676871624,1,simulated_label_adjusted,Simulated plotting data only; y_pred adjusted to approximate target Precision/Recall/F1; y_prob unchanged.
simulated_for_plotting_only,完整 PGA-AMFormer,√,√,1,sim_4_1_030,1,0.7177487158242672,1,simulated_label_adjusted,Simulated plotting data only; y_pred adjusted to approximate target Precision/Recall/F1; y_prob unchanged.
simulated_for_plotting_only,完整 PGA-AMFormer,√,√,1,sim_4_1_031,0,0.5243325618611151,0,simulated_label_adjusted,Simulated plotting data only; y_pred adjusted to approximate target Precision/Recall/F1; y_prob unchanged.
simulated_for_plotting_only,完整 PGA-AMFormer,√,√,1,sim_4_1_032,0,0.3130841636768857,0,simulated_label_adjusted,Simulated plotting data only; y_pred adjusted to approximate target Precision/Recall/F1; y_prob unchanged.
simulated_for_plotting_only,完整 PGA-AMFormer,√,√,1,sim_4_1_033,0,0.4042372439229998,0,simulated_label_adjusted,Simulated plotting data only; y_pred adjusted to approximate target Precision/Recall/F1; y_prob unchanged.
simulated_for_plotting_only,完整 PGA-AMFormer,√,√,1,sim_4_1_034,0,0.6437067689976684,0,simulated_label_adjusted,Simulated plotting data only; y_pred adjusted to approximate target Precision/Recall/F1; y_prob unchanged.
simulated_for_plotting_only,完整 PGA-AMFormer,√,√,1,sim_4_1_035,0,0.8526812675984833,1,simulated_label_adjusted,Simulated plotting data only; y_pred adjusted to approximate target Precision/Recall/F1; y_prob unchanged.
simulated_for_plotting_only,完整 PGA-AMFormer,√,√,1,sim_4_1_036,0,0.3594558170389545,0,simulated_label_adjusted,Simulated plotting data only; y_pred adjusted to approximate target Precision/Recall/F1; y_prob unchanged.
simulated_for_plotting_only,完整 PGA-AMFormer,√,√,1,sim_4_1_037,0,0.6808861364676122,1,simulated_label_adjusted,Simulated plotting data only; y_pred adjusted to approximate target Precision/Recall/F1; y_prob unchanged.
simulated_for_plotting_only,完整 PGA-AMFormer,√,√,1,sim_4_1_038,0,0.5289439395199801,0,simulated_label_adjusted,Simulated plotting data only; y_pred adjusted to approximate target Precision/Recall/F1; y_prob unchanged.
simulated_for_plotting_only,完整 PGA-AMFormer,√,√,1,sim_4_1_039,1,0.6435365833208718,1,simulated_label_adjusted,Simulated plotting data only; y_pred adjusted to approximate target Precision/Recall/F1; y_prob unchanged.
simulated_for_plotting_only,完整 PGA-AMFormer,√,√,1,sim_4_1_040,1,0.9590977035891316,1,simulated_label_adjusted,Simulated plotting data only; y_pred adjusted to approximate target Precision/Recall/F1; y_prob unchanged.
simulated_for_plotting_only,完整 PGA-AMFormer,√,√,1,sim_4_1_041,0,0.3797694342308976,0,simulated_label_adjusted,Simulated plotting data only; y_pred adjusted to approximate target Precision/Recall/F1; y_prob unchanged.
simulated_for_plotting_only,完整 PGA-AMFormer,√,√,1,sim_4_1_042,0,0.4315516840120554,0,simulated_label_adjusted,Simulated plotting data only; y_pred adjusted to approximate target Precision/Recall/F1; y_prob unchanged.
simulated_for_plotting_only,完整 PGA-AMFormer,√,√,1,sim_4_1_043,0,0.2934047663899731,0,simulated_label_adjusted,Simulated plotting data only; y_pred adjusted to approximate target Precision/Recall/F1; y_prob unchanged.
simulated_for_plotting_only,完整 PGA-AMFormer,√,√,1,sim_4_1_044,0,0.1100536476653899,0,simulated_label_adjusted,Simulated plotting data only; y_pred adjusted to approximate target Precision/Recall/F1; y_prob unchanged.
simulated_for_plotting_only,完整 PGA-AMFormer,√,√,1,sim_4_1_045,0,0.3651154855451189,0,simulated_label_adjusted,Simulated plotting data only; y_pred adjusted to approximate target Precision/Recall/F1; y_prob unchanged.
simulated_for_plotting_only,完整 PGA-AMFormer,√,√,1,sim_4_1_046,0,0.1329847870428674,0,simulated_label_adjusted,Simulated plotting data only; y_pred adjusted to approximate target Precision/Recall/F1; y_prob unchanged.
simulated_for_plotting_only,完整 PGA-AMFormer,√,√,1,sim_4_1_047,0,0.8423881956476318,1,simulated_label_adjusted,Simulated plotting data only; y_pred adjusted to approximate target Precision/Recall/F1; y_prob unchanged.
simulated_for_plotting_only,完整 PGA-AMFormer,√,√,1,sim_4_1_048,0,0.6380925683661487,0,simulated_label_adjusted,Simulated plotting data only; y_pred adjusted to approximate target Precision/Recall/F1; y_prob unchanged.
simulated_for_plotting_only,完整 PGA-AMFormer,√,√,1,sim_4_1_049,0,0.5357092264015655,0,simulated_label_adjusted,Simulated plotting data only; y_pred adjusted to approximate target Precision/Recall/F1; y_prob unchanged.
simulated_for_plotting_only,完整 PGA-AMFormer,√,√,1,sim_4_1_050,0,0.41109653207652,0,simulated_label_adjusted,Simulated plotting data only; y_pred adjusted to approximate target Precision/Recall/F1; y_prob unchanged.
simulated_for_plotting_only,完整 PGA-AMFormer,√,√,1,sim_4_1_051,1,0.961381009095664,1,simulated_label_adjusted,Simulated plotting data only; y_pred adjusted to approximate target Precision/Recall/F1; y_prob unchanged.
simulated_for_plotting_only,完整 PGA-AMFormer,√,√,1,sim_4_1_052,0,0.294238112547003,0,simulated_label_adjusted,Simulated plotting data only; y_pred adjusted to approximate target Precision/Recall/F1; y_prob unchanged.
simulated_for_plotting_only,完整 PGA-AMFormer,√,√,1,sim_4_1_053,0,0.5799758439584836,0,simulated_label_adjusted,Simulated plotting data only; y_pred adjusted to approximate target Precision/Recall/F1; y_prob unchanged.
simulated_for_plotting_only,完整 PGA-AMFormer,√,√,1,sim_4_1_054,1,0.9896413612349524,1,simulated_label_adjusted,Simulated plotting data only; y_pred adjusted to approximate target Precision/Recall/F1; y_prob unchanged.
simulated_for_plotting_only,完整 PGA-AMFormer,√,√,1,sim_4_1_055,0,0.3137910983425122,0,simulated_label_adjusted,Simulated plotting data only; y_pred adjusted to approximate target Precision/Recall/F1; y_prob unchanged.
simulated_for_plotting_only,完整 PGA-AMFormer,√,√,1,sim_4_1_056,0,0.7891890591678034,1,simulated_label_adjusted,Simulated plotting data only; y_pred adjusted to approximate target Precision/Recall/F1; y_prob unchanged.
simulated_for_plotting_only,完整 PGA-AMFormer,√,√,1,sim_4_1_057,0,0.6431611631026762,0,simulated_label_adjusted,Simulated plotting data only; y_pred adjusted to approximate target Precision/Recall/F1; y_prob unchanged.
simulated_for_plotting_only,完整 PGA-AMFormer,√,√,1,sim_4_1_058,0,0.6202261989799919,0,simulated_label_adjusted,Simulated plotting data only; y_pred adjusted to approximate target Precision/Recall/F1; y_prob unchanged.
simulated_for_plotting_only,完整 PGA-AMFormer,√,√,1,sim_4_1_059,0,0.3328291204111315,0,simulated_label_adjusted,Simulated plotting data only; y_pred adjusted to approximate target Precision/Recall/F1; y_prob unchanged.
simulated_for_plotting_only,完整 PGA-AMFormer,√,√,1,sim_4_1_060,0,0.8608896010730195,1,simulated_label_adjusted,Simulated plotting data only; y_pred adjusted to approximate target Precision/Recall/F1; y_prob unchanged.
simulated_for_plotting_only,完整 PGA-AMFormer,√,√,1,sim_4_1_061,1,0.7387383019569346,1,simulated_label_adjusted,Simulated plotting data only; y_pred adjusted to approximate target Precision/Recall/F1; y_prob unchanged.
simulated_for_plotting_only,完整 PGA-AMFormer,√,√,1,sim_4_1_062,0,0.3668125801742076,0,simulated_label_adjusted,Simulated plotting data only; y_pred adjusted to approximate target Precision/Recall/F1; y_prob unchanged.
simulated_for_plotting_only,完整 PGA-AMFormer,√,√,1,sim_4_1_063,1,0.9511128320820352,1,simulated_label_adjusted,Simulated plotting data only; y_pred adjusted to approximate target Precision/Recall/F1; y_prob unchanged.
simulated_for_plotting_only,完整 PGA-AMFormer,√,√,1,sim_4_1_064,0,0.2096871533697998,0,simulated_label_adjusted,Simulated plotting data only; y_pred adjusted to approximate target Precision/Recall/F1; y_prob unchanged.
simulated_for_plotting_only,完整 PGA-AMFormer,√,√,1,sim_4_1_065,1,0.9246788075996396,1,simulated_label_adjusted,Simulated plotting data only; y_pred adjusted to approximate target Precision/Recall/F1; y_prob unchanged.
simulated_for_plotting_only,完整 PGA-AMFormer,√,√,1,sim_4_1_066,0,0.7324608009799869,1,simulated_label_adjusted,Simulated plotting data only; y_pred adjusted to approximate target Precision/Recall/F1; y_prob unchanged.
simulated_for_plotting_only,完整 PGA-AMFormer,√,√,1,sim_4_1_067,0,0.5616521253357444,0,simulated_label_adjusted,Simulated plotting data only; y_pred adjusted to approximate target Precision/Recall/F1; y_prob unchanged.
simulated_for_plotting_only,完整 PGA-AMFormer,√,√,1,sim_4_1_068,0,0.566820152229775,0,simulated_label_adjusted,Simulated plotting data only; y_pred adjusted to approximate target Precision/Recall/F1; y_prob unchanged.
simulated_for_plotting_only,完整 PGA-AMFormer,√,√,1,sim_4_1_069,0,0.6357817059247525,0,simulated_label_adjusted,Simulated plotting data only; y_pred adjusted to approximate target Precision/Recall/F1; y_prob unchanged.
simulated_for_plotting_only,完整 PGA-AMFormer,√,√,1,sim_4_1_070,0,0.5847848413188027,0,simulated_label_adjusted,Simulated plotting data only; y_pred adjusted to approximate target Precision/Recall/F1; y_prob unchanged.
simulated_for_plotting_only,完整 PGA-AMFormer,√,√,1,sim_4_1_071,0,0.1602897490018996,0,simulated_label_adjusted,Simulated plotting data only; y_pred adjusted to approximate target Precision/Recall/F1; y_prob unchanged.
simulated_for_plotting_only,完整 PGA-AMFormer,√,√,1,sim_4_1_072,1,0.939354863067224,1,simulated_label_adjusted,Simulated plotting data only; y_pred adjusted to approximate target Precision/Recall/F1; y_prob unchanged.
simulated_for_plotting_only,完整 PGA-AMFormer,√,√,1,sim_4_1_073,0,0.8661780996855615,1,simulated_label_adjusted,Simulated plotting data only; y_pred adjusted to approximate target Precision/Recall/F1; y_prob unchanged.
simulated_for_plotting_only,完整 PGA-AMFormer,√,√,1,sim_4_1_074,0,0.7033311028068656,1,simulated_label_adjusted,Simulated plotting data only; y_pred adjusted to approximate target Precision/Recall/F1; y_prob unchanged.
simulated_for_plotting_only,完整 PGA-AMFormer,√,√,1,sim_4_1_075,0,0.7494711622488064,1,simulated_label_adjusted,Simulated plotting data only; y_pred adjusted to approximate target Precision/Recall/F1; y_prob unchanged.
simulated_for_plotting_only,完整 PGA-AMFormer,√,√,1,sim_4_1_076,0,0.5697363812317822,0,simulated_label_adjusted,Simulated plotting data only; y_pred adjusted to approximate target Precision/Recall/F1; y_prob unchanged.
simulated_for_plotting_only,完整 PGA-AMFormer,√,√,1,sim_4_1_077,0,0.3046827585485442,0,simulated_label_adjusted,Simulated plotting data only; y_pred adjusted to approximate target Precision/Recall/F1; y_prob unchanged.
simulated_for_plotting_only,完整 PGA-AMFormer,√,√,1,sim_4_1_078,0,0.8175293631209188,1,simulated_label_adjusted,Simulated plotting data only; y_pred adjusted to approximate target Precision/Recall/F1; y_prob unchanged.
simulated_for_plotting_only,完整 PGA-AMFormer,√,√,1,sim_4_1_079,0,0.3003187702968899,0,simulated_label_adjusted,Simulated plotting data only; y_pred adjusted to approximate target Precision/Recall/F1; y_prob unchanged.
simulated_for_plotting_only,完整 PGA-AMFormer,√,√,1,sim_4_1_080,0,0.3595472445671415,0,simulated_label_adjusted,Simulated plotting data only; y_pred adjusted to approximate target Precision/Recall/F1; y_prob unchanged.
simulated_for_plotting_only,完整 PGA-AMFormer,√,√,1,sim_4_1_081,1,0.9222107005641316,1,simulated_label_adjusted,Simulated plotting data only; y_pred adjusted to approximate target Precision/Recall/F1; y_prob unchanged.
simulated_for_plotting_only,完整 PGA-AMFormer,√,√,1,sim_4_1_082,0,0.7393807238042308,1,simulated_label_adjusted,Simulated plotting data only; y_pred adjusted to approximate target Precision/Recall/F1; y_prob unchanged.
simulated_for_plotting_only,完整 PGA-AMFormer,√,√,1,sim_4_1_083,0,0.5393812357110138,0,simulated_label_adjusted,Simulated plotting data only; y_pred adjusted to approximate target Precision/Recall/F1; y_prob unchanged.
simulated_for_plotting_only,完整 PGA-AMFormer,√,√,1,sim_4_1_084,1,0.619833402870769,1,simulated_label_adjusted,Simulated plotting data only; y_pred adjusted to approximate target Precision/Recall/F1; y_prob unchanged.
simulated_for_plotting_only,完整 PGA-AMFormer,√,√,1,sim_4_1_085,0,0.336818725476214,0,simulated_label_adjusted,Simulated plotting data only; y_pred adjusted to approximate target Precision/Recall/F1; y_prob unchanged.
simulated_for_plotting_only,完整 PGA-AMFormer,√,√,1,sim_4_1_086,0,0.7279391093942044,1,simulated_label_adjusted,Simulated plotting data only; y_pred adjusted to approximate target Precision/Recall/F1; y_prob unchanged.
simulated_for_plotting_only,完整 PGA-AMFormer,√,√,1,sim_4_1_087,1,0.7260328800398438,1,simulated_label_adjusted,Simulated plotting data only; y_pred adjusted to approximate target Precision/Recall/F1; y_prob unchanged.
simulated_for_plotting_only,完整 PGA-AMFormer,√,√,1,sim_4_1_088,1,0.2890626037047774,0,simulated_label_adjusted,Simulated plotting data only; y_pred adjusted to approximate target Precision/Recall/F1; y_prob unchanged.
simulated_for_plotting_only,完整 PGA-AMFormer,√,√,1,sim_4_1_089,0,0.3932849667181808,0,simulated_label_adjusted,Simulated plotting data only; y_pred adjusted to approximate target Precision/Recall/F1; y_prob unchanged.
simulated_for_plotting_only,完整 PGA-AMFormer,√,√,1,sim_4_1_090,1,0.5136385504085896,0,simulated_label_adjusted,Simulated plotting data only; y_pred adjusted to approximate target Precision/Recall/F1; y_prob unchanged.
simulated_for_plotting_only,完整 PGA-AMFormer,√,√,1,sim_4_1_091,0,0.7987574179460838,1,simulated_label_adjusted,Simulated plotting data only; y_pred adjusted to approximate target Precision/Recall/F1; y_prob unchanged.
simulated_for_plotting_only,完整 PGA-AMFormer,√,√,1,sim_4_1_092,0,0.3560513097973274,0,simulated_label_adjusted,Simulated plotting data only; y_pred adjusted to approximate target Precision/Recall/F1; y_prob unchanged.
simulated_for_plotting_only,完整 PGA-AMFormer,√,√,1,sim_4_1_093,1,0.91900047531001,1,simulated_label_adjusted,Simulated plotting data only; y_pred adjusted to approximate target Precision/Recall/F1; y_prob unchanged.
simulated_for_plotting_only,完整 PGA-AMFormer,√,√,1,sim_4_1_094,0,0.463474291834829,0,simulated_label_adjusted,Simulated plotting data only; y_pred adjusted to approximate target Precision/Recall/F1; y_prob unchanged.
simulated_for_plotting_only,完整 PGA-AMFormer,√,√,1,sim_4_1_095,1,0.8862857381620386,1,simulated_label_adjusted,Simulated plotting data only; y_pred adjusted to approximate target Precision/Recall/F1; y_prob unchanged.
simulated_for_plotting_only,完整 PGA-AMFormer,√,√,1,sim_4_1_096,0,0.5788480269421585,0,simulated_label_adjusted,Simulated plotting data only; y_pred adjusted to approximate target Precision/Recall/F1; y_prob unchanged.
simulated_for_plotting_only,完整 PGA-AMFormer,√,√,1,sim_4_1_097,0,0.559259380049298,0,simulated_label_adjusted,Simulated plotting data only; y_pred adjusted to approximate target Precision/Recall/F1; y_prob unchanged.
simulated_for_plotting_only,完整 PGA-AMFormer,√,√,1,sim_4_1_098,0,0.6172871950340733,0,simulated_label_adjusted,Simulated plotting data only; y_pred adjusted to approximate target Precision/Recall/F1; y_prob unchanged.
simulated_for_plotting_only,完整 PGA-AMFormer,√,√,1,sim_4_1_099,0,0.5950698344294092,0,simulated_label_adjusted,Simulated plotting data only; y_pred adjusted to approximate target Precision/Recall/F1; y_prob unchanged.
simulated_for_plotting_only,完整 PGA-AMFormer,√,√,1,sim_4_1_100,0,0.6010247378867631,0,simulated_label_adjusted,Simulated plotting data only; y_pred adjusted to approximate target Precision/Recall/F1; y_prob unchanged.
simulated_for_plotting_only,完整 PGA-AMFormer,√,√,1,sim_4_1_101,1,0.7798572220602844,1,simulated_label_adjusted,Simulated plotting data only; y_pred adjusted to approximate target Precision/Recall/F1; y_prob unchanged.
simulated_for_plotting_only,完整 PGA-AMFormer,√,√,1,sim_4_1_102,0,0.608903310241898,0,simulated_label_adjusted,Simulated plotting data only; y_pred adjusted to approximate target Precision/Recall/F1; y_prob unchanged.
simulated_for_plotting_only,完整 PGA-AMFormer,√,√,1,sim_4_1_103,1,0.6039566655787544,1,simulated_label_adjusted,Simulated plotting data only; y_pred adjusted to approximate target Precision/Recall/F1; y_prob unchanged.
simulated_for_plotting_only,完整 PGA-AMFormer,√,√,1,sim_4_1_104,0,0.3872129236696207,0,simulated_label_adjusted,Simulated plotting data only; y_pred adjusted to approximate target Precision/Recall/F1; y_prob unchanged.
simulated_for_plotting_only,完整 PGA-AMFormer,√,√,1,sim_4_1_105,0,0.4164642328708128,0,simulated_label_adjusted,Simulated plotting data only; y_pred adjusted to approximate target Precision/Recall/F1; y_prob unchanged.
simulated_for_plotting_only,完整 PGA-AMFormer,√,√,1,sim_4_1_106,1,0.8269774541638872,1,simulated_label_adjusted,Simulated plotting data only; y_pred adjusted to approximate target Precision/Recall/F1; y_prob unchanged.
simulated_for_plotting_only,完整 PGA-AMFormer,√,√,1,sim_4_1_107,0,0.3127602704172328,0,simulated_label_adjusted,Simulated plotting data only; y_pred adjusted to approximate target Precision/Recall/F1; y_prob unchanged.
simulated_for_plotting_only,完整 PGA-AMFormer,√,√,1,sim_4_1_108,0,0.4497920499462702,0,simulated_label_adjusted,Simulated plotting data only; y_pred adjusted to approximate target Precision/Recall/F1; y_prob unchanged.
simulated_for_plotting_only,完整 PGA-AMFormer,√,√,1,sim_4_1_109,0,0.3269865188029732,0,simulated_label_adjusted,Simulated plotting data only; y_pred adjusted to approximate target Precision/Recall/F1; y_prob unchanged.
simulated_for_plotting_only,完整 PGA-AMFormer,√,√,1,sim_4_1_110,1,0.9224438874313936,1,simulated_label_adjusted,Simulated plotting data only; y_pred adjusted to approximate target Precision/Recall/F1; y_prob unchanged.
simulated_for_plotting_only,完整 PGA-AMFormer,√,√,1,sim_4_1_111,0,0.2686333822819717,0,simulated_label_adjusted,Simulated plotting data only; y_pred adjusted to approximate target Precision/Recall/F1; y_prob unchanged.
simulated_for_plotting_only,完整 PGA-AMFormer,√,√,1,sim_4_1_112,0,0.5380340484565561,0,simulated_label_adjusted,Simulated plotting data only; y_pred adjusted to approximate target Precision/Recall/F1; y_prob unchanged.
simulated_for_plotting_only,完整 PGA-AMFormer,√,√,1,sim_4_1_113,0,0.5850834523300359,0,simulated_label_adjusted,Simulated plotting data only; y_pred adjusted to approximate target Precision/Recall/F1; y_prob unchanged.
simulated_for_plotting_only,完整 PGA-AMFormer,√,√,1,sim_4_1_114,0,0.2165081525227468,0,simulated_label_adjusted,Simulated plotting data only; y_pred adjusted to approximate target Precision/Recall/F1; y_prob unchanged.
simulated_for_plotting_only,完整 PGA-AMFormer,√,√,1,sim_4_1_115,0,0.5168765081438939,0,simulated_label_adjusted,Simulated plotting data only; y_pred adjusted to approximate target Precision/Recall/F1; y_prob unchanged.
simulated_for_plotting_only,完整 PGA-AMFormer,√,√,1,sim_4_1_116,0,0.9333937465168772,1,simulated_label_adjusted,Simulated plotting data only; y_pred adjusted to approximate target Precision/Recall/F1; y_prob unchanged.
simulated_for_plotting_only,完整 PGA-AMFormer,√,√,1,sim_4_1_117,1,0.8805604108247751,1,simulated_label_adjusted,Simulated plotting data only; y_pred adjusted to approximate target Precision/Recall/F1; y_prob unchanged.
simulated_for_plotting_only,完整 PGA-AMFormer,√,√,1,sim_4_1_118,0,0.6737704322080288,1,simulated_label_adjusted,Simulated plotting data only; y_pred adjusted to approximate target Precision/Recall/F1; y_prob unchanged.
simulated_for_plotting_only,完整 PGA-AMFormer,√,√,1,sim_4_1_119,0,0.4016317474722298,0,simulated_label_adjusted,Simulated plotting data only; y_pred adjusted to approximate target Precision/Recall/F1; y_prob unchanged.
simulated_for_plotting_only,完整 PGA-AMFormer,√,√,1,sim_4_1_120,1,0.8552982787995207,1,simulated_label_adjusted,Simulated plotting data only; y_pred adjusted to approximate target Precision/Recall/F1; y_prob unchanged.
simulated_for_plotting_only,完整 PGA-AMFormer,√,√,1,sim_4_1_121,0,0.4196764498308007,0,simulated_label_adjusted,Simulated plotting data only; y_pred adjusted to approximate target Precision/Recall/F1; y_prob unchanged.
simulated_for_plotting_only,完整 PGA-AMFormer,√,√,1,sim_4_1_122,0,0.3237087246646471,0,simulated_label_adjusted,Simulated plotting data only; y_pred adjusted to approximate target Precision/Recall/F1; y_prob unchanged.
simulated_for_plotting_only,完整 PGA-AMFormer,√,√,1,sim_4_1_123,0,0.7979741563821244,1,simulated_label_adjusted,Simulated plotting data only; y_pred adjusted to approximate target Precision/Recall/F1; y_prob unchanged.
simulated_for_plotting_only,完整 PGA-AMFormer,√,√,1,sim_4_1_124,0,0.4268484811694645,0,simulated_label_adjusted,Simulated plotting data only; y_pred adjusted to approximate target Precision/Recall/F1; y_prob unchanged.
simulated_for_plotting_only,完整 PGA-AMFormer,√,√,1,sim_4_1_125,1,0.6793594933267498,1,simulated_label_adjusted,Simulated plotting data only; y_pred adjusted to approximate target Precision/Recall/F1; y_prob unchanged.
simulated_for_plotting_only,完整 PGA-AMFormer,√,√,1,sim_4_1_126,1,0.8632177177832429,1,simulated_label_adjusted,Simulated plotting data only; y_pred adjusted to approximate target Precision/Recall/F1; y_prob unchanged.
simulated_for_plotting_only,完整 PGA-AMFormer,√,√,1,sim_4_1_127,0,0.2308050348156967,0,simulated_label_adjusted,Simulated plotting data only; y_pred adjusted to approximate target Precision/Recall/F1; y_prob unchanged.
simulated_for_plotting_only,完整 PGA-AMFormer,√,√,1,sim_4_1_128,1,0.7832142674429964,1,simulated_label_adjusted,Simulated plotting data only; y_pred adjusted to approximate target Precision/Recall/F1; y_prob unchanged.
simulated_for_plotting_only,完整 PGA-AMFormer,√,√,1,sim_4_1_129,0,0.6785368355489115,1,simulated_label_adjusted,Simulated plotting data only; y_pred adjusted to approximate target Precision/Recall/F1; y_prob unchanged.
simulated_for_plotting_only,完整 PGA-AMFormer,√,√,1,sim_4_1_130,0,0.0880831962003386,0,simulated_label_adjusted,Simulated plotting data only; y_pred adjusted to approximate target Precision/Recall/F1; y_prob unchanged.
simulated_for_plotting_only,完整 PGA-AMFormer,√,√,1,sim_4_1_131,0,0.3400002435061459,0,simulated_label_adjusted,Simulated plotting data only; y_pred adjusted to approximate target Precision/Recall/F1; y_prob unchanged.
simulated_for_plotting_only,完整 PGA-AMFormer,√,√,1,sim_4_1_132,0,0.467617980714934,0,simulated_label_adjusted,Simulated plotting data only; y_pred adjusted to approximate target Precision/Recall/F1; y_prob unchanged.
simulated_for_plotting_only,完整 PGA-AMFormer,√,√,1,sim_4_1_133,0,0.5905295328972302,0,simulated_label_adjusted,Simulated plotting data only; y_pred adjusted to approximate target Precision/Recall/F1; y_prob unchanged.
simulated_for_plotting_only,完整 PGA-AMFormer,√,√,1,sim_4_1_134,1,0.9576980927386276,1,simulated_label_adjusted,Simulated plotting data only; y_pred adjusted to approximate target Precision/Recall/F1; y_prob unchanged.
simulated_for_plotting_only,完整 PGA-AMFormer,√,√,1,sim_4_1_135,0,0.2601524438197232,0,simulated_label_adjusted,Simulated plotting data only; y_pred adjusted to approximate target Precision/Recall/F1; y_prob unchanged.
simulated_for_plotting_only,完整 PGA-AMFormer,√,√,1,sim_4_1_136,1,0.9346123534309276,1,simulated_label_adjusted,Simulated plotting data only; y_pred adjusted to approximate target Precision/Recall/F1; y_prob unchanged.
simulated_for_plotting_only,完整 PGA-AMFormer,√,√,1,sim_4_1_137,0,0.8335519787312118,1,simulated_label_adjusted,Simulated plotting data only; y_pred adjusted to approximate target Precision/Recall/F1; y_prob unchanged.
simulated_for_plotting_only,完整 PGA-AMFormer,√,√,1,sim_4_1_138,0,0.6150437667675871,0,simulated_label_adjusted,Simulated plotting data only; y_pred adjusted to approximate target Precision/Recall/F1; y_prob unchanged.
simulated_for_plotting_only,完整 PGA-AMFormer,√,√,1,sim_4_1_139,0,0.5980951854099803,0,simulated_label_adjusted,Simulated plotting data only; y_pred adjusted to approximate target Precision/Recall/F1; y_prob unchanged.
simulated_for_plotting_only,完整 PGA-AMFormer,√,√,1,sim_4_1_140,0,0.5179546427377028,0,simulated_label_adjusted,Simulated plotting data only; y_pred adjusted to approximate target Precision/Recall/F1; y_prob unchanged.
simulated_for_plotting_only,完整 PGA-AMFormer,√,√,1,sim_4_1_141,1,0.916363134087706,1,simulated_label_adjusted,Simulated plotting data only; y_pred adjusted to approximate target Precision/Recall/F1; y_prob unchanged.
simulated_for_plotting_only,完整 PGA-AMFormer,√,√,1,sim_4_1_142,0,0.2404312066497143,0,simulated_label_adjusted,Simulated plotting data only; y_pred adjusted to approximate target Precision/Recall/F1; y_prob unchanged.
simulated_for_plotting_only,完整 PGA-AMFormer,√,√,1,sim_4_1_143,1,0.8224282041914658,1,simulated_label_adjusted,Simulated plotting data only; y_pred adjusted to approximate target Precision/Recall/F1; y_prob unchanged.
simulated_for_plotting_only,完整 PGA-AMFormer,√,√,1,sim_4_1_144,0,0.4012244765943431,0,simulated_label_adjusted,Simulated plotting data only; y_pred adjusted to approximate target Precision/Recall/F1; y_prob unchanged.
simulated_for_plotting_only,完整 PGA-AMFormer,√,√,1,sim_4_1_145,0,0.5704402729913067,0,simulated_label_adjusted,Simulated plotting data only; y_pred adjusted to approximate target Precision/Recall/F1; y_prob unchanged.
simulated_for_plotting_only,完整 PGA-AMFormer,√,√,1,sim_4_1_146,1,0.9022000838308212,1,simulated_label_adjusted,Simulated plotting data only; y_pred adjusted to approximate target Precision/Recall/F1; y_prob unchanged.
simulated_for_plotting_only,完整 PGA-AMFormer,√,√,1,sim_4_1_147,1,0.7159913311599186,1,simulated_label_adjusted,Simulated plotting data only; y_pred adjusted to approximate target Precision/Recall/F1; y_prob unchanged.
simulated_for_plotting_only,完整 PGA-AMFormer,√,√,1,sim_4_1_148,0,0.3251765295090721,0,simulated_label_adjusted,Simulated plotting data only; y_pred adjusted to approximate target Precision/Recall/F1; y_prob unchanged.
simulated_for_plotting_only,完整 PGA-AMFormer,√,√,1,sim_4_1_149,0,0.4731195306647952,0,simulated_label_adjusted,Simulated plotting data only; y_pred adjusted to approximate target Precision/Recall/F1; y_prob unchanged.
simulated_for_plotting_only,完整 PGA-AMFormer,√,√,1,sim_4_1_150,0,0.6204839402137398,0,simulated_label_adjusted,Simulated plotting data only; y_pred adjusted to approximate target Precision/Recall/F1; y_prob unchanged.
simulated_for_plotting_only,完整 PGA-AMFormer,√,√,1,sim_4_1_151,0,0.3042862069495413,0,simulated_label_adjusted,Simulated plotting data only; y_pred adjusted to approximate target Precision/Recall/F1; y_prob unchanged.
simulated_for_plotting_only,完整 PGA-AMFormer,√,√,1,sim_4_1_152,0,0.3024889556339528,0,simulated_label_adjusted,Simulated plotting data only; y_pred adjusted to approximate target Precision/Recall/F1; y_prob unchanged.
simulated_for_plotting_only,完整 PGA-AMFormer,√,√,1,sim_4_1_153,0,0.8837138962744993,1,simulated_label_adjusted,Simulated plotting data only; y_pred adjusted to approximate target Precision/Recall/F1; y_prob unchanged.
simulated_for_plotting_only,完整 PGA-AMFormer,√,√,1,sim_4_1_154,1,0.8542244167470491,1,simulated_label_adjusted,Simulated plotting data only; y_pred adjusted to approximate target Precision/Recall/F1; y_prob unchanged.
simulated_for_plotting_only,完整 PGA-AMFormer,√,√,1,sim_4_1_155,0,0.687296728395183,1,simulated_label_adjusted,Simulated plotting data only; y_pred adjusted to approximate target Precision/Recall/F1; y_prob unchanged.
simulated_for_plotting_only,完整 PGA-AMFormer,√,√,1,sim_4_1_156,0,0.7959518345232024,1,simulated_label_adjusted,Simulated plotting data only; y_pred adjusted to approximate target Precision/Recall/F1; y_prob unchanged.
simulated_for_plotting_only,完整 PGA-AMFormer,√,√,1,sim_4_1_157,1,0.8056066174540806,1,simulated_label_adjusted,Simulated plotting data only; y_pred adjusted to approximate target Precision/Recall/F1; y_prob unchanged.
simulated_for_plotting_only,完整 PGA-AMFormer,√,√,1,sim_4_1_158,0,0.4826728038859352,0,simulated_label_adjusted,Simulated plotting data only; y_pred adjusted to approximate target Precision/Recall/F1; y_prob unchanged.
simulated_for_plotting_only,完整 PGA-AMFormer,√,√,1,sim_4_1_159,0,0.4045284489326102,0,simulated_label_adjusted,Simulated plotting data only; y_pred adjusted to approximate target Precision/Recall/F1; y_prob unchanged.
simulated_for_plotting_only,完整 PGA-AMFormer,√,√,1,sim_4_1_160,1,0.91600539548068,1,simulated_label_adjusted,Simulated plotting data only; y_pred adjusted to approximate target Precision/Recall/F1; y_prob unchanged.
simulated_for_plotting_only,完整 PGA-AMFormer,√,√,1,sim_4_1_161,0,0.3945847477136637,0,simulated_label_adjusted,Simulated plotting data only; y_pred adjusted to approximate target Precision/Recall/F1; y_prob unchanged.
simulated_for_plotting_only,完整 PGA-AMFormer,√,√,1,sim_4_1_162,1,0.7797228460967728,1,simulated_label_adjusted,Simulated plotting data only; y_pred adjusted to approximate target Precision/Recall/F1; y_prob unchanged.
simulated_for_plotting_only,完整 PGA-AMFormer,√,√,1,sim_4_1_163,1,0.9781965284432114,1,simulated_label_adjusted,Simulated plotting data only; y_pred adjusted to approximate target Precision/Recall/F1; y_prob unchanged.
simulated_for_plotting_only,完整 PGA-AMFormer,√,√,1,sim_4_1_164,0,0.7945016705714878,1,simulated_label_adjusted,Simulated plotting data only; y_pred adjusted to approximate target Precision/Recall/F1; y_prob unchanged.
simulated_for_plotting_only,完整 PGA-AMFormer,√,√,1,sim_4_1_165,0,0.2138906230594656,0,simulated_label_adjusted,Simulated plotting data only; y_pred adjusted to approximate target Precision/Recall/F1; y_prob unchanged.
simulated_for_plotting_only,完整 PGA-AMFormer,√,√,1,sim_4_1_166,0,0.3362179445382621,0,simulated_label_adjusted,Simulated plotting data only; y_pred adjusted to approximate target Precision/Recall/F1; y_prob unchanged.
simulated_for_plotting_only,完整 PGA-AMFormer,√,√,1,sim_4_1_167,1,0.8323673796015899,1,simulated_label_adjusted,Simulated plotting data only; y_pred adjusted to approximate target Precision/Recall/F1; y_prob unchanged.
simulated_for_plotting_only,完整 PGA-AMFormer,√,√,1,sim_4_1_168,0,0.4594456666003726,0,simulated_label_adjusted,Simulated plotting data only; y_pred adjusted to approximate target Precision/Recall/F1; y_prob unchanged.
simulated_for_plotting_only,完整 PGA-AMFormer,√,√,1,sim_4_1_169,1,0.9651393298943453,1,simulated_label_adjusted,Simulated plotting data only; y_pred adjusted to approximate target Precision/Recall/F1; y_prob unchanged.
simulated_for_plotting_only,完整 PGA-AMFormer,√,√,1,sim_4_1_170,0,0.3614269879340639,0,simulated_label_adjusted,Simulated plotting data only; y_pred adjusted to approximate target Precision/Recall/F1; y_prob unchanged.
simulated_for_plotting_only,完整 PGA-AMFormer,√,√,1,sim_4_1_171,0,0.3543117462895461,0,simulated_label_adjusted,Simulated plotting data only; y_pred adjusted to approximate target Precision/Recall/F1; y_prob unchanged.
simulated_for_plotting_only,完整 PGA-AMFormer,√,√,1,sim_4_1_172,0,0.55581301481894,0,simulated_label_adjusted,Simulated plotting data only; y_pred adjusted to approximate target Precision/Recall/F1; y_prob unchanged.
simulated_for_plotting_only,完整 PGA-AMFormer,√,√,1,sim_4_1_173,0,0.8691509003000268,1,simulated_label_adjusted,Simulated plotting data only; y_pred adjusted to approximate target Precision/Recall/F1; y_prob unchanged.
simulated_for_plotting_only,完整 PGA-AMFormer,√,√,1,sim_4_1_174,0,0.4989924774221378,0,simulated_label_adjusted,Simulated plotting data only; y_pred adjusted to approximate target Precision/Recall/F1; y_prob unchanged.
simulated_for_plotting_only,完整 PGA-AMFormer,√,√,1,sim_4_1_175,0,0.4169182532030692,0,simulated_label_adjusted,Simulated plotting data only; y_pred adjusted to approximate target Precision/Recall/F1; y_prob unchanged.
simulated_for_plotting_only,完整 PGA-AMFormer,√,√,1,sim_4_1_176,0,0.4687458452355089,0,simulated_label_adjusted,Simulated plotting data only; y_pred adjusted to approximate target Precision/Recall/F1; y_prob unchanged.
simulated_for_plotting_only,完整 PGA-AMFormer,√,√,1,sim_4_1_177,0,0.7290518639730825,1,simulated_label_adjusted,Simulated plotting data only; y_pred adjusted to approximate target Precision/Recall/F1; y_prob unchanged.
simulated_for_plotting_only,完整 PGA-AMFormer,√,√,1,sim_4_1_178,1,0.7642454140902474,1,simulated_label_adjusted,Simulated plotting data only; y_pred adjusted to approximate target Precision/Recall/F1; y_prob unchanged.
simulated_for_plotting_only,完整 PGA-AMFormer,√,√,1,sim_4_1_179,1,0.3329223662671673,0,simulated_label_adjusted,Simulated plotting data only; y_pred adjusted to approximate target Precision/Recall/F1; y_prob unchanged.
simulated_for_plotting_only,完整 PGA-AMFormer,√,√,1,sim_4_1_180,0,0.6834781728772017,1,simulated_label_adjusted,Simulated plotting data only; y_pred adjusted to approximate target Precision/Recall/F1; y_prob unchanged.
simulated_for_plotting_only,完整 PGA-AMFormer,√,√,1,sim_4_1_181,0,0.1773470371123001,0,simulated_label_adjusted,Simulated plotting data only; y_pred adjusted to approximate target Precision/Recall/F1; y_prob unchanged.
simulated_for_plotting_only,完整 PGA-AMFormer,√,√,1,sim_4_1_182,0,0.9007550731281604,1,simulated_label_adjusted,Simulated plotting data only; y_pred adjusted to approximate target Precision/Recall/F1; y_prob unchanged.
simulated_for_plotting_only,完整 PGA-AMFormer,√,√,1,sim_4_1_183,0,0.4822705475803837,0,simulated_label_adjusted,Simulated plotting data only; y_pred adjusted to approximate target Precision/Recall/F1; y_prob unchanged.
simulated_for_plotting_only,完整 PGA-AMFormer,√,√,2,sim_4_2_001,0,0.3186197186395018,0,simulated_label_adjusted,Simulated plotting data only; y_pred adjusted to approximate target Precision/Recall/F1; y_prob unchanged.
simulated_for_plotting_only,完整 PGA-AMFormer,√,√,2,sim_4_2_002,0,0.6626348090923173,1,simulated_label_adjusted,Simulated plotting data only; y_pred adjusted to approximate target Precision/Recall/F1; y_prob unchanged.
simulated_for_plotting_only,完整 PGA-AMFormer,√,√,2,sim_4_2_003,0,0.6265187431614915,0,simulated_label_adjusted,Simulated plotting data only; y_pred adjusted to approximate target Precision/Recall/F1; y_prob unchanged.
simulated_for_plotting_only,完整 PGA-AMFormer,√,√,2,sim_4_2_004,0,0.4554130039457513,0,simulated_label_adjusted,Simulated plotting data only; y_pred adjusted to approximate target Precision/Recall/F1; y_prob unchanged.
simulated_for_plotting_only,完整 PGA-AMFormer,√,√,2,sim_4_2_005,1,0.7180936788504667,1,simulated_label_adjusted,Simulated plotting data only; y_pred adjusted to approximate target Precision/Recall/F1; y_prob unchanged.
simulated_for_plotting_only,完整 PGA-AMFormer,√,√,2,sim_4_2_006,0,0.2460316215709725,0,simulated_label_adjusted,Simulated plotting data only; y_pred adjusted to approximate target Precision/Recall/F1; y_prob unchanged.
simulated_for_plotting_only,完整 PGA-AMFormer,√,√,2,sim_4_2_007,0,0.2623574094986362,0,simulated_label_adjusted,Simulated plotting data only; y_pred adjusted to approximate target Precision/Recall/F1; y_prob unchanged.
simulated_for_plotting_only,完整 PGA-AMFormer,√,√,2,sim_4_2_008,0,0.7760940337097613,1,simulated_label_adjusted,Simulated plotting data only; y_pred adjusted to approximate target Precision/Recall/F1; y_prob unchanged.
simulated_for_plotting_only,完整 PGA-AMFormer,√,√,2,sim_4_2_009,1,0.7828093889294871,1,simulated_label_adjusted,Simulated plotting data only; y_pred adjusted to approximate target Precision/Recall/F1; y_prob unchanged.
simulated_for_plotting_only,完整 PGA-AMFormer,√,√,2,sim_4_2_010,0,0.69512634634962,1,simulated_label_adjusted,Simulated plotting data only; y_pred adjusted to approximate target Precision/Recall/F1; y_prob unchanged.
simulated_for_plotting_only,完整 PGA-AMFormer,√,√,2,sim_4_2_011,0,0.2653488029562036,0,simulated_label_adjusted,Simulated plotting data only; y_pred adjusted to approximate target Precision/Recall/F1; y_prob unchanged.
simulated_for_plotting_only,完整 PGA-AMFormer,√,√,2,sim_4_2_012,0,0.3194912005607627,0,simulated_label_adjusted,Simulated plotting data only; y_pred adjusted to approximate target Precision/Recall/F1; y_prob unchanged.
simulated_for_plotting_only,完整 PGA-AMFormer,√,√,2,sim_4_2_013,0,0.4340797130465301,0,simulated_label_adjusted,Simulated plotting data only; y_pred adjusted to approximate target Precision/Recall/F1; y_prob unchanged.
simulated_for_plotting_only,完整 PGA-AMFormer,√,√,2,sim_4_2_014,0,0.4904525072445523,0,simulated_label_adjusted,Simulated plotting data only; y_pred adjusted to approximate target Precision/Recall/F1; y_prob unchanged.
simulated_for_plotting_only,完整 PGA-AMFormer,√,√,2,sim_4_2_015,0,0.5853545706944963,0,simulated_label_adjusted,Simulated plotting data only; y_pred adjusted to approximate target Precision/Recall/F1; y_prob unchanged.
simulated_for_plotting_only,完整 PGA-AMFormer,√,√,2,sim_4_2_016,0,0.3242207939785207,0,simulated_label_adjusted,Simulated plotting data only; y_pred adjusted to approximate target Precision/Recall/F1; y_prob unchanged.
simulated_for_plotting_only,完整 PGA-AMFormer,√,√,2,sim_4_2_017,0,0.412272005726208,0,simulated_label_adjusted,Simulated plotting data only; y_pred adjusted to approximate target Precision/Recall/F1; y_prob unchanged.
simulated_for_plotting_only,完整 PGA-AMFormer,√,√,2,sim_4_2_018,1,0.7693480927668875,1,simulated_label_adjusted,Simulated plotting data only; y_pred adjusted to approximate target Precision/Recall/F1; y_prob unchanged.
simulated_for_plotting_only,完整 PGA-AMFormer,√,√,2,sim_4_2_019,1,0.9047014320165364,1,simulated_label_adjusted,Simulated plotting data only; y_pred adjusted to approximate target Precision/Recall/F1; y_prob unchanged.
simulated_for_plotting_only,完整 PGA-AMFormer,√,√,2,sim_4_2_020,0,0.4260916871021403,0,simulated_label_adjusted,Simulated plotting data only; y_pred adjusted to approximate target Precision/Recall/F1; y_prob unchanged.
simulated_for_plotting_only,完整 PGA-AMFormer,√,√,2,sim_4_2_021,1,0.6028067058988599,1,simulated_label_adjusted,Simulated plotting data only; y_pred adjusted to approximate target Precision/Recall/F1; y_prob unchanged.
simulated_for_plotting_only,完整 PGA-AMFormer,√,√,2,sim_4_2_022,1,0.6839757787125819,1,simulated_label_adjusted,Simulated plotting data only; y_pred adjusted to approximate target Precision/Recall/F1; y_prob unchanged.
simulated_for_plotting_only,完整 PGA-AMFormer,√,√,2,sim_4_2_023,0,0.5728147090241112,0,simulated_label_adjusted,Simulated plotting data only; y_pred adjusted to approximate target Precision/Recall/F1; y_prob unchanged.
simulated_for_plotting_only,完整 PGA-AMFormer,√,√,2,sim_4_2_024,1,0.9701425260246286,1,simulated_label_adjusted,Simulated plotting data only; y_pred adjusted to approximate target Precision/Recall/F1; y_prob unchanged.
simulated_for_plotting_only,完整 PGA-AMFormer,√,√,2,sim_4_2_025,0,0.4901192837328859,0,simulated_label_adjusted,Simulated plotting data only; y_pred adjusted to approximate target Precision/Recall/F1; y_prob unchanged.
simulated_for_plotting_only,完整 PGA-AMFormer,√,√,2,sim_4_2_026,0,0.0938449962958668,0,simulated_label_adjusted,Simulated plotting data only; y_pred adjusted to approximate target Precision/Recall/F1; y_prob unchanged.
simulated_for_plotting_only,完整 PGA-AMFormer,√,√,2,sim_4_2_027,0,0.5176372809404868,0,simulated_label_adjusted,Simulated plotting data only; y_pred adjusted to approximate target Precision/Recall/F1; y_prob unchanged.
simulated_for_plotting_only,完整 PGA-AMFormer,√,√,2,sim_4_2_028,0,0.5863177110051088,0,simulated_label_adjusted,Simulated plotting data only; y_pred adjusted to approximate target Precision/Recall/F1; y_prob unchanged.
simulated_for_plotting_only,完整 PGA-AMFormer,√,√,2,sim_4_2_029,0,0.4237775784731964,0,simulated_label_adjusted,Simulated plotting data only; y_pred adjusted to approximate target Precision/Recall/F1; y_prob unchanged.
simulated_for_plotting_only,完整 PGA-AMFormer,√,√,2,sim_4_2_030,0,0.3730787378870166,0,simulated_label_adjusted,Simulated plotting data only; y_pred adjusted to approximate target Precision/Recall/F1; y_prob unchanged.
simulated_for_plotting_only,完整 PGA-AMFormer,√,√,2,sim_4_2_031,0,0.229421109244952,0,simulated_label_adjusted,Simulated plotting data only; y_pred adjusted to approximate target Precision/Recall/F1; y_prob unchanged.
simulated_for_plotting_only,完整 PGA-AMFormer,√,√,2,sim_4_2_032,1,0.9323284085706134,1,simulated_label_adjusted,Simulated plotting data only; y_pred adjusted to approximate target Precision/Recall/F1; y_prob unchanged.
simulated_for_plotting_only,完整 PGA-AMFormer,√,√,2,sim_4_2_033,0,0.6037514568951148,0,simulated_label_adjusted,Simulated plotting data only; y_pred adjusted to approximate target Precision/Recall/F1; y_prob unchanged.
simulated_for_plotting_only,完整 PGA-AMFormer,√,√,2,sim_4_2_034,1,0.955626041598924,1,simulated_label_adjusted,Simulated plotting data only; y_pred adjusted to approximate target Precision/Recall/F1; y_prob unchanged.
simulated_for_plotting_only,完整 PGA-AMFormer,√,√,2,sim_4_2_035,0,0.7091926859275812,1,simulated_label_adjusted,Simulated plotting data only; y_pred adjusted to approximate target Precision/Recall/F1; y_prob unchanged.
simulated_for_plotting_only,完整 PGA-AMFormer,√,√,2,sim_4_2_036,0,0.5803627731285077,0,simulated_label_adjusted,Simulated plotting data only; y_pred adjusted to approximate target Precision/Recall/F1; y_prob unchanged.
simulated_for_plotting_only,完整 PGA-AMFormer,√,√,2,sim_4_2_037,0,0.691246340407266,1,simulated_label_adjusted,Simulated plotting data only; y_pred adjusted to approximate target Precision/Recall/F1; y_prob unchanged.
simulated_for_plotting_only,完整 PGA-AMFormer,√,√,2,sim_4_2_038,0,0.3238884681791624,0,simulated_label_adjusted,Simulated plotting data only; y_pred adjusted to approximate target Precision/Recall/F1; y_prob unchanged.
simulated_for_plotting_only,完整 PGA-AMFormer,√,√,2,sim_4_2_039,0,0.3098983435473407,0,simulated_label_adjusted,Simulated plotting data only; y_pred adjusted to approximate target Precision/Recall/F1; y_prob unchanged.
simulated_for_plotting_only,完整 PGA-AMFormer,√,√,2,sim_4_2_040,0,0.7511267127613205,1,simulated_label_adjusted,Simulated plotting data only; y_pred adjusted to approximate target Precision/Recall/F1; y_prob unchanged.
simulated_for_plotting_only,完整 PGA-AMFormer,√,√,2,sim_4_2_041,1,0.9366734914739308,1,simulated_label_adjusted,Simulated plotting data only; y_pred adjusted to approximate target Precision/Recall/F1; y_prob unchanged.
simulated_for_plotting_only,完整 PGA-AMFormer,√,√,2,sim_4_2_042,1,0.9558349507269536,1,simulated_label_adjusted,Simulated plotting data only; y_pred adjusted to approximate target Precision/Recall/F1; y_prob unchanged.
simulated_for_plotting_only,完整 PGA-AMFormer,√,√,2,sim_4_2_043,0,0.4663249101560133,0,simulated_label_adjusted,Simulated plotting data only; y_pred adjusted to approximate target Precision/Recall/F1; y_prob unchanged.
simulated_for_plotting_only,完整 PGA-AMFormer,√,√,2,sim_4_2_044,0,0.2477057871476213,0,simulated_label_adjusted,Simulated plotting data only; y_pred adjusted to approximate target Precision/Recall/F1; y_prob unchanged.
simulated_for_plotting_only,完整 PGA-AMFormer,√,√,2,sim_4_2_045,0,0.5058538944543323,0,simulated_label_adjusted,Simulated plotting data only; y_pred adjusted to approximate target Precision/Recall/F1; y_prob unchanged.
simulated_for_plotting_only,完整 PGA-AMFormer,√,√,2,sim_4_2_046,1,0.88268878050032,1,simulated_label_adjusted,Simulated plotting data only; y_pred adjusted to approximate target Precision/Recall/F1; y_prob unchanged.
simulated_for_plotting_only,完整 PGA-AMFormer,√,√,2,sim_4_2_047,0,0.1997003903442716,0,simulated_label_adjusted,Simulated plotting data only; y_pred adjusted to approximate target Precision/Recall/F1; y_prob unchanged.
simulated_for_plotting_only,完整 PGA-AMFormer,√,√,2,sim_4_2_048,0,0.598438183457505,0,simulated_label_adjusted,Simulated plotting data only; y_pred adjusted to approximate target Precision/Recall/F1; y_prob unchanged.
simulated_for_plotting_only,完整 PGA-AMFormer,√,√,2,sim_4_2_049,0,0.6824420802264329,1,simulated_label_adjusted,Simulated plotting data only; y_pred adjusted to approximate target Precision/Recall/F1; y_prob unchanged.
simulated_for_plotting_only,完整 PGA-AMFormer,√,√,2,sim_4_2_050,1,0.893716335573527,1,simulated_label_adjusted,Simulated plotting data only; y_pred adjusted to approximate target Precision/Recall/F1; y_prob unchanged.
simulated_for_plotting_only,完整 PGA-AMFormer,√,√,2,sim_4_2_051,0,0.60464300425968,0,simulated_label_adjusted,Simulated plotting data only; y_pred adjusted to approximate target Precision/Recall/F1; y_prob unchanged.
simulated_for_plotting_only,完整 PGA-AMFormer,√,√,2,sim_4_2_052,0,0.40275458635554,0,simulated_label_adjusted,Simulated plotting data only; y_pred adjusted to approximate target Precision/Recall/F1; y_prob unchanged.
simulated_for_plotting_only,完整 PGA-AMFormer,√,√,2,sim_4_2_053,1,0.8629994230481971,1,simulated_label_adjusted,Simulated plotting data only; y_pred adjusted to approximate target Precision/Recall/F1; y_prob unchanged.
simulated_for_plotting_only,完整 PGA-AMFormer,√,√,2,sim_4_2_054,0,0.3267333046374748,0,simulated_label_adjusted,Simulated plotting data only; y_pred adjusted to approximate target Precision/Recall/F1; y_prob unchanged.
simulated_for_plotting_only,完整 PGA-AMFormer,√,√,2,sim_4_2_055,0,0.7135030210742741,1,simulated_label_adjusted,Simulated plotting data only; y_pred adjusted to approximate target Precision/Recall/F1; y_prob unchanged.
simulated_for_plotting_only,完整 PGA-AMFormer,√,√,2,sim_4_2_056,1,0.9288557866846888,1,simulated_label_adjusted,Simulated plotting data only; y_pred adjusted to approximate target Precision/Recall/F1; y_prob unchanged.
simulated_for_plotting_only,完整 PGA-AMFormer,√,√,2,sim_4_2_057,1,0.5075254983107201,0,simulated_label_adjusted,Simulated plotting data only; y_pred adjusted to approximate target Precision/Recall/F1; y_prob unchanged.
simulated_for_plotting_only,完整 PGA-AMFormer,√,√,2,sim_4_2_058,0,0.7058020326860763,1,simulated_label_adjusted,Simulated plotting data only; y_pred adjusted to approximate target Precision/Recall/F1; y_prob unchanged.
simulated_for_plotting_only,完整 PGA-AMFormer,√,√,2,sim_4_2_059,0,0.6199224468202558,0,simulated_label_adjusted,Simulated plotting data only; y_pred adjusted to approximate target Precision/Recall/F1; y_prob unchanged.
simulated_for_plotting_only,完整 PGA-AMFormer,√,√,2,sim_4_2_060,0,0.5165239423097748,0,simulated_label_adjusted,Simulated plotting data only; y_pred adjusted to approximate target Precision/Recall/F1; y_prob unchanged.
simulated_for_plotting_only,完整 PGA-AMFormer,√,√,2,sim_4_2_061,1,0.8601813343366398,1,simulated_label_adjusted,Simulated plotting data only; y_pred adjusted to approximate target Precision/Recall/F1; y_prob unchanged.
simulated_for_plotting_only,完整 PGA-AMFormer,√,√,2,sim_4_2_062,0,0.5112436281912185,0,simulated_label_adjusted,Simulated plotting data only; y_pred adjusted to approximate target Precision/Recall/F1; y_prob unchanged.
simulated_for_plotting_only,完整 PGA-AMFormer,√,√,2,sim_4_2_063,0,0.4573771554996443,0,simulated_label_adjusted,Simulated plotting data only; y_pred adjusted to approximate target Precision/Recall/F1; y_prob unchanged.
simulated_for_plotting_only,完整 PGA-AMFormer,√,√,2,sim_4_2_064,0,0.4731200797162583,0,simulated_label_adjusted,Simulated plotting data only; y_pred adjusted to approximate target Precision/Recall/F1; y_prob unchanged.
simulated_for_plotting_only,完整 PGA-AMFormer,√,√,2,sim_4_2_065,0,0.5376276086585381,0,simulated_label_adjusted,Simulated plotting data only; y_pred adjusted to approximate target Precision/Recall/F1; y_prob unchanged.
simulated_for_plotting_only,完整 PGA-AMFormer,√,√,2,sim_4_2_066,0,0.7953713642965242,1,simulated_label_adjusted,Simulated plotting data only; y_pred adjusted to approximate target Precision/Recall/F1; y_prob unchanged.
simulated_for_plotting_only,完整 PGA-AMFormer,√,√,2,sim_4_2_067,1,0.9175566992028096,1,simulated_label_adjusted,Simulated plotting data only; y_pred adjusted to approximate target Precision/Recall/F1; y_prob unchanged.
simulated_for_plotting_only,完整 PGA-AMFormer,√,√,2,sim_4_2_068,1,0.9412264982897856,1,simulated_label_adjusted,Simulated plotting data only; y_pred adjusted to approximate target Precision/Recall/F1; y_prob unchanged.
simulated_for_plotting_only,完整 PGA-AMFormer,√,√,2,sim_4_2_069,0,0.5286787350238964,0,simulated_label_adjusted,Simulated plotting data only; y_pred adjusted to approximate target Precision/Recall/F1; y_prob unchanged.
simulated_for_plotting_only,完整 PGA-AMFormer,√,√,2,sim_4_2_070,1,0.9619820735822036,1,simulated_label_adjusted,Simulated plotting data only; y_pred adjusted to approximate target Precision/Recall/F1; y_prob unchanged.
simulated_for_plotting_only,完整 PGA-AMFormer,√,√,2,sim_4_2_071,0,0.7969787859307723,1,simulated_label_adjusted,Simulated plotting data only; y_pred adjusted to approximate target Precision/Recall/F1; y_prob unchanged.
simulated_for_plotting_only,完整 PGA-AMFormer,√,√,2,sim_4_2_072,0,0.8129371030504419,1,simulated_label_adjusted,Simulated plotting data only; y_pred adjusted to approximate target Precision/Recall/F1; y_prob unchanged.
simulated_for_plotting_only,完整 PGA-AMFormer,√,√,2,sim_4_2_073,0,0.6213202200660473,0,simulated_label_adjusted,Simulated plotting data only; y_pred adjusted to approximate target Precision/Recall/F1; y_prob unchanged.
simulated_for_plotting_only,完整 PGA-AMFormer,√,√,2,sim_4_2_074,0,0.5723001931441541,0,simulated_label_adjusted,Simulated plotting data only; y_pred adjusted to approximate target Precision/Recall/F1; y_prob unchanged.
simulated_for_plotting_only,完整 PGA-AMFormer,√,√,2,sim_4_2_075,1,0.7409057276336696,1,simulated_label_adjusted,Simulated plotting data only; y_pred adjusted to approximate target Precision/Recall/F1; y_prob unchanged.
simulated_for_plotting_only,完整 PGA-AMFormer,√,√,2,sim_4_2_076,0,0.4069136811703061,0,simulated_label_adjusted,Simulated plotting data only; y_pred adjusted to approximate target Precision/Recall/F1; y_prob unchanged.
simulated_for_plotting_only,完整 PGA-AMFormer,√,√,2,sim_4_2_077,0,0.5586126780575966,0,simulated_label_adjusted,Simulated plotting data only; y_pred adjusted to approximate target Precision/Recall/F1; y_prob unchanged.
simulated_for_plotting_only,完整 PGA-AMFormer,√,√,2,sim_4_2_078,0,0.718661612805061,1,simulated_label_adjusted,Simulated plotting data only; y_pred adjusted to approximate target Precision/Recall/F1; y_prob unchanged.
simulated_for_plotting_only,完整 PGA-AMFormer,√,√,2,sim_4_2_079,1,0.8842649425977804,1,simulated_label_adjusted,Simulated plotting data only; y_pred adjusted to approximate target Precision/Recall/F1; y_prob unchanged.
simulated_for_plotting_only,完整 PGA-AMFormer,√,√,2,sim_4_2_080,0,0.2787040684071166,0,simulated_label_adjusted,Simulated plotting data only; y_pred adjusted to approximate target Precision/Recall/F1; y_prob unchanged.
simulated_for_plotting_only,完整 PGA-AMFormer,√,√,2,sim_4_2_081,0,0.3807560558492537,0,simulated_label_adjusted,Simulated plotting data only; y_pred adjusted to approximate target Precision/Recall/F1; y_prob unchanged.
simulated_for_plotting_only,完整 PGA-AMFormer,√,√,2,sim_4_2_082,0,0.4143652219943029,0,simulated_label_adjusted,Simulated plotting data only; y_pred adjusted to approximate target Precision/Recall/F1; y_prob unchanged.
simulated_for_plotting_only,完整 PGA-AMFormer,√,√,2,sim_4_2_083,1,0.9702802557643564,1,simulated_label_adjusted,Simulated plotting data only; y_pred adjusted to approximate target Precision/Recall/F1; y_prob unchanged.
simulated_for_plotting_only,完整 PGA-AMFormer,√,√,2,sim_4_2_084,0,0.8278969996483153,1,simulated_label_adjusted,Simulated plotting data only; y_pred adjusted to approximate target Precision/Recall/F1; y_prob unchanged.
simulated_for_plotting_only,完整 PGA-AMFormer,√,√,2,sim_4_2_085,1,0.9494162084995008,1,simulated_label_adjusted,Simulated plotting data only; y_pred adjusted to approximate target Precision/Recall/F1; y_prob unchanged.
simulated_for_plotting_only,完整 PGA-AMFormer,√,√,2,sim_4_2_086,1,0.9223568728929332,1,simulated_label_adjusted,Simulated plotting data only; y_pred adjusted to approximate target Precision/Recall/F1; y_prob unchanged.
simulated_for_plotting_only,完整 PGA-AMFormer,√,√,2,sim_4_2_087,0,0.5211470036440724,0,simulated_label_adjusted,Simulated plotting data only; y_pred adjusted to approximate target Precision/Recall/F1; y_prob unchanged.
simulated_for_plotting_only,完整 PGA-AMFormer,√,√,2,sim_4_2_088,0,0.4496239960821291,0,simulated_label_adjusted,Simulated plotting data only; y_pred adjusted to approximate target Precision/Recall/F1; y_prob unchanged.
simulated_for_plotting_only,完整 PGA-AMFormer,√,√,2,sim_4_2_089,0,0.2323339596119661,0,simulated_label_adjusted,Simulated plotting data only; y_pred adjusted to approximate target Precision/Recall/F1; y_prob unchanged.
simulated_for_plotting_only,完整 PGA-AMFormer,√,√,2,sim_4_2_090,0,0.3519821996436534,0,simulated_label_adjusted,Simulated plotting data only; y_pred adjusted to approximate target Precision/Recall/F1; y_prob unchanged.
simulated_for_plotting_only,完整 PGA-AMFormer,√,√,2,sim_4_2_091,1,0.9543269154190264,1,simulated_label_adjusted,Simulated plotting data only; y_pred adjusted to approximate target Precision/Recall/F1; y_prob unchanged.
simulated_for_plotting_only,完整 PGA-AMFormer,√,√,2,sim_4_2_092,1,0.7966918176329623,1,simulated_label_adjusted,Simulated plotting data only; y_pred adjusted to approximate target Precision/Recall/F1; y_prob unchanged.
simulated_for_plotting_only,完整 PGA-AMFormer,√,√,2,sim_4_2_093,1,0.8859062170623341,1,simulated_label_adjusted,Simulated plotting data only; y_pred adjusted to approximate target Precision/Recall/F1; y_prob unchanged.
simulated_for_plotting_only,完整 PGA-AMFormer,√,√,2,sim_4_2_094,0,0.6187413739063988,0,simulated_label_adjusted,Simulated plotting data only; y_pred adjusted to approximate target Precision/Recall/F1; y_prob unchanged.
simulated_for_plotting_only,完整 PGA-AMFormer,√,√,2,sim_4_2_095,0,0.5920233168863503,0,simulated_label_adjusted,Simulated plotting data only; y_pred adjusted to approximate target Precision/Recall/F1; y_prob unchanged.
simulated_for_plotting_only,完整 PGA-AMFormer,√,√,2,sim_4_2_096,0,0.5916892574306944,0,simulated_label_adjusted,Simulated plotting data only; y_pred adjusted to approximate target Precision/Recall/F1; y_prob unchanged.
simulated_for_plotting_only,完整 PGA-AMFormer,√,√,2,sim_4_2_097,0,0.1841351342992107,0,simulated_label_adjusted,Simulated plotting data only; y_pred adjusted to approximate target Precision/Recall/F1; y_prob unchanged.
simulated_for_plotting_only,完整 PGA-AMFormer,√,√,2,sim_4_2_098,0,0.1124749552499222,0,simulated_label_adjusted,Simulated plotting data only; y_pred adjusted to approximate target Precision/Recall/F1; y_prob unchanged.
simulated_for_plotting_only,完整 PGA-AMFormer,√,√,2,sim_4_2_099,0,0.4477329794588419,0,simulated_label_adjusted,Simulated plotting data only; y_pred adjusted to approximate target Precision/Recall/F1; y_prob unchanged.
simulated_for_plotting_only,完整 PGA-AMFormer,√,√,2,sim_4_2_100,0,0.2592929913464569,0,simulated_label_adjusted,Simulated plotting data only; y_pred adjusted to approximate target Precision/Recall/F1; y_prob unchanged.
simulated_for_plotting_only,完整 PGA-AMFormer,√,√,2,sim_4_2_101,0,0.4078495610047399,0,simulated_label_adjusted,Simulated plotting data only; y_pred adjusted to approximate target Precision/Recall/F1; y_prob unchanged.
simulated_for_plotting_only,完整 PGA-AMFormer,√,√,2,sim_4_2_102,0,0.8197169125871447,1,simulated_label_adjusted,Simulated plotting data only; y_pred adjusted to approximate target Precision/Recall/F1; y_prob unchanged.
simulated_for_plotting_only,完整 PGA-AMFormer,√,√,2,sim_4_2_103,0,0.4306975434679219,0,simulated_label_adjusted,Simulated plotting data only; y_pred adjusted to approximate target Precision/Recall/F1; y_prob unchanged.
simulated_for_plotting_only,完整 PGA-AMFormer,√,√,2,sim_4_2_104,0,0.6017418130763893,0,simulated_label_adjusted,Simulated plotting data only; y_pred adjusted to approximate target Precision/Recall/F1; y_prob unchanged.
simulated_for_plotting_only,完整 PGA-AMFormer,√,√,2,sim_4_2_105,0,0.6116901876651818,0,simulated_label_adjusted,Simulated plotting data only; y_pred adjusted to approximate target Precision/Recall/F1; y_prob unchanged.
simulated_for_plotting_only,完整 PGA-AMFormer,√,√,2,sim_4_2_106,1,0.9856903888111852,1,simulated_label_adjusted,Simulated plotting data only; y_pred adjusted to approximate target Precision/Recall/F1; y_prob unchanged.
simulated_for_plotting_only,完整 PGA-AMFormer,√,√,2,sim_4_2_107,0,0.7223055999284601,1,simulated_label_adjusted,Simulated plotting data only; y_pred adjusted to approximate target Precision/Recall/F1; y_prob unchanged.
simulated_for_plotting_only,完整 PGA-AMFormer,√,√,2,sim_4_2_108,0,0.5233713328418955,0,simulated_label_adjusted,Simulated plotting data only; y_pred adjusted to approximate target Precision/Recall/F1; y_prob unchanged.
simulated_for_plotting_only,完整 PGA-AMFormer,√,√,2,sim_4_2_109,0,0.3264100569530967,0,simulated_label_adjusted,Simulated plotting data only; y_pred adjusted to approximate target Precision/Recall/F1; y_prob unchanged.
simulated_for_plotting_only,完整 PGA-AMFormer,√,√,2,sim_4_2_110,0,0.6123125968121517,0,simulated_label_adjusted,Simulated plotting data only; y_pred adjusted to approximate target Precision/Recall/F1; y_prob unchanged.
simulated_for_plotting_only,完整 PGA-AMFormer,√,√,2,sim_4_2_111,0,0.2648647017690677,0,simulated_label_adjusted,Simulated plotting data only; y_pred adjusted to approximate target Precision/Recall/F1; y_prob unchanged.
simulated_for_plotting_only,完整 PGA-AMFormer,√,√,2,sim_4_2_112,0,0.1767911795499076,0,simulated_label_adjusted,Simulated plotting data only; y_pred adjusted to approximate target Precision/Recall/F1; y_prob unchanged.
simulated_for_plotting_only,完整 PGA-AMFormer,√,√,2,sim_4_2_113,0,0.2351502888742024,0,simulated_label_adjusted,Simulated plotting data only; y_pred adjusted to approximate target Precision/Recall/F1; y_prob unchanged.
simulated_for_plotting_only,完整 PGA-AMFormer,√,√,2,sim_4_2_114,0,0.2118311140907187,0,simulated_label_adjusted,Simulated plotting data only; y_pred adjusted to approximate target Precision/Recall/F1; y_prob unchanged.
simulated_for_plotting_only,完整 PGA-AMFormer,√,√,2,sim_4_2_115,0,0.3945974144903456,0,simulated_label_adjusted,Simulated plotting data only; y_pred adjusted to approximate target Precision/Recall/F1; y_prob unchanged.
simulated_for_plotting_only,完整 PGA-AMFormer,√,√,2,sim_4_2_116,1,0.8437436400301614,1,simulated_label_adjusted,Simulated plotting data only; y_pred adjusted to approximate target Precision/Recall/F1; y_prob unchanged.
simulated_for_plotting_only,完整 PGA-AMFormer,√,√,2,sim_4_2_117,0,0.5194736575024568,0,simulated_label_adjusted,Simulated plotting data only; y_pred adjusted to approximate target Precision/Recall/F1; y_prob unchanged.
simulated_for_plotting_only,完整 PGA-AMFormer,√,√,2,sim_4_2_118,0,0.4053888961017791,0,simulated_label_adjusted,Simulated plotting data only; y_pred adjusted to approximate target Precision/Recall/F1; y_prob unchanged.
simulated_for_plotting_only,完整 PGA-AMFormer,√,√,2,sim_4_2_119,1,0.8482039650668775,1,simulated_label_adjusted,Simulated plotting data only; y_pred adjusted to approximate target Precision/Recall/F1; y_prob unchanged.
simulated_for_plotting_only,完整 PGA-AMFormer,√,√,2,sim_4_2_120,0,0.430343434293747,0,simulated_label_adjusted,Simulated plotting data only; y_pred adjusted to approximate target Precision/Recall/F1; y_prob unchanged.
simulated_for_plotting_only,完整 PGA-AMFormer,√,√,2,sim_4_2_121,0,0.3290551417704994,0,simulated_label_adjusted,Simulated plotting data only; y_pred adjusted to approximate target Precision/Recall/F1; y_prob unchanged.
simulated_for_plotting_only,完整 PGA-AMFormer,√,√,2,sim_4_2_122,1,0.3489189546824603,0,simulated_label_adjusted,Simulated plotting data only; y_pred adjusted to approximate target Precision/Recall/F1; y_prob unchanged.
simulated_for_plotting_only,完整 PGA-AMFormer,√,√,2,sim_4_2_123,0,0.8219223892140971,1,simulated_label_adjusted,Simulated plotting data only; y_pred adjusted to approximate target Precision/Recall/F1; y_prob unchanged.
simulated_for_plotting_only,完整 PGA-AMFormer,√,√,2,sim_4_2_124,1,0.8236338664167764,1,simulated_label_adjusted,Simulated plotting data only; y_pred adjusted to approximate target Precision/Recall/F1; y_prob unchanged.
simulated_for_plotting_only,完整 PGA-AMFormer,√,√,2,sim_4_2_125,1,0.6631509665922648,1,simulated_label_adjusted,Simulated plotting data only; y_pred adjusted to approximate target Precision/Recall/F1; y_prob unchanged.
simulated_for_plotting_only,完整 PGA-AMFormer,√,√,2,sim_4_2_126,0,0.7552624121364625,1,simulated_label_adjusted,Simulated plotting data only; y_pred adjusted to approximate target Precision/Recall/F1; y_prob unchanged.
simulated_for_plotting_only,完整 PGA-AMFormer,√,√,2,sim_4_2_127,0,0.286062944019385,0,simulated_label_adjusted,Simulated plotting data only; y_pred adjusted to approximate target Precision/Recall/F1; y_prob unchanged.
simulated_for_plotting_only,完整 PGA-AMFormer,√,√,2,sim_4_2_128,1,0.7848035508474768,1,simulated_label_adjusted,Simulated plotting data only; y_pred adjusted to approximate target Precision/Recall/F1; y_prob unchanged.
simulated_for_plotting_only,完整 PGA-AMFormer,√,√,2,sim_4_2_129,1,0.9489338806860182,1,simulated_label_adjusted,Simulated plotting data only; y_pred adjusted to approximate target Precision/Recall/F1; y_prob unchanged.
simulated_for_plotting_only,完整 PGA-AMFormer,√,√,2,sim_4_2_130,0,0.5161952136440892,0,simulated_label_adjusted,Simulated plotting data only; y_pred adjusted to approximate target Precision/Recall/F1; y_prob unchanged.
simulated_for_plotting_only,完整 PGA-AMFormer,√,√,2,sim_4_2_131,1,0.9719578842102872,1,simulated_label_adjusted,Simulated plotting data only; y_pred adjusted to approximate target Precision/Recall/F1; y_prob unchanged.
simulated_for_plotting_only,完整 PGA-AMFormer,√,√,2,sim_4_2_132,0,0.6583664598439335,0,simulated_label_adjusted,Simulated plotting data only; y_pred adjusted to approximate target Precision/Recall/F1; y_prob unchanged.
simulated_for_plotting_only,完整 PGA-AMFormer,√,√,2,sim_4_2_133,0,0.1905154826458253,0,simulated_label_adjusted,Simulated plotting data only; y_pred adjusted to approximate target Precision/Recall/F1; y_prob unchanged.
simulated_for_plotting_only,完整 PGA-AMFormer,√,√,2,sim_4_2_134,1,0.8405968847169858,1,simulated_label_adjusted,Simulated plotting data only; y_pred adjusted to approximate target Precision/Recall/F1; y_prob unchanged.
simulated_for_plotting_only,完整 PGA-AMFormer,√,√,2,sim_4_2_135,1,0.943787938100184,1,simulated_label_adjusted,Simulated plotting data only; y_pred adjusted to approximate target Precision/Recall/F1; y_prob unchanged.
simulated_for_plotting_only,完整 PGA-AMFormer,√,√,2,sim_4_2_136,0,0.2150482481050347,0,simulated_label_adjusted,Simulated plotting data only; y_pred adjusted to approximate target Precision/Recall/F1; y_prob unchanged.
simulated_for_plotting_only,完整 PGA-AMFormer,√,√,2,sim_4_2_137,0,0.3354965603037221,0,simulated_label_adjusted,Simulated plotting data only; y_pred adjusted to approximate target Precision/Recall/F1; y_prob unchanged.
simulated_for_plotting_only,完整 PGA-AMFormer,√,√,2,sim_4_2_138,0,0.5938217004620118,0,simulated_label_adjusted,Simulated plotting data only; y_pred adjusted to approximate target Precision/Recall/F1; y_prob unchanged.
simulated_for_plotting_only,完整 PGA-AMFormer,√,√,2,sim_4_2_139,0,0.3654265426451293,0,simulated_label_adjusted,Simulated plotting data only; y_pred adjusted to approximate target Precision/Recall/F1; y_prob unchanged.
simulated_for_plotting_only,完整 PGA-AMFormer,√,√,2,sim_4_2_140,1,0.8174418052540943,1,simulated_label_adjusted,Simulated plotting data only; y_pred adjusted to approximate target Precision/Recall/F1; y_prob unchanged.
simulated_for_plotting_only,完整 PGA-AMFormer,√,√,2,sim_4_2_141,0,0.7809710244166185,1,simulated_label_adjusted,Simulated plotting data only; y_pred adjusted to approximate target Precision/Recall/F1; y_prob unchanged.
simulated_for_plotting_only,完整 PGA-AMFormer,√,√,2,sim_4_2_142,1,0.9313516697228196,1,simulated_label_adjusted,Simulated plotting data only; y_pred adjusted to approximate target Precision/Recall/F1; y_prob unchanged.
simulated_for_plotting_only,完整 PGA-AMFormer,√,√,2,sim_4_2_143,1,0.8590456855742438,1,simulated_label_adjusted,Simulated plotting data only; y_pred adjusted to approximate target Precision/Recall/F1; y_prob unchanged.
simulated_for_plotting_only,完整 PGA-AMFormer,√,√,2,sim_4_2_144,1,0.3116068443814888,0,simulated_label_adjusted,Simulated plotting data only; y_pred adjusted to approximate target Precision/Recall/F1; y_prob unchanged.
simulated_for_plotting_only,完整 PGA-AMFormer,√,√,2,sim_4_2_145,0,0.2713779512528009,0,simulated_label_adjusted,Simulated plotting data only; y_pred adjusted to approximate target Precision/Recall/F1; y_prob unchanged.
simulated_for_plotting_only,完整 PGA-AMFormer,√,√,2,sim_4_2_146,1,0.6684476900895703,1,simulated_label_adjusted,Simulated plotting data only; y_pred adjusted to approximate target Precision/Recall/F1; y_prob unchanged.
simulated_for_plotting_only,完整 PGA-AMFormer,√,√,2,sim_4_2_147,0,0.7499104989733226,1,simulated_label_adjusted,Simulated plotting data only; y_pred adjusted to approximate target Precision/Recall/F1; y_prob unchanged.
simulated_for_plotting_only,完整 PGA-AMFormer,√,√,2,sim_4_2_148,1,0.6372959857312319,1,simulated_label_adjusted,Simulated plotting data only; y_pred adjusted to approximate target Precision/Recall/F1; y_prob unchanged.
simulated_for_plotting_only,完整 PGA-AMFormer,√,√,2,sim_4_2_149,0,0.3989863389984197,0,simulated_label_adjusted,Simulated plotting data only; y_pred adjusted to approximate target Precision/Recall/F1; y_prob unchanged.
simulated_for_plotting_only,完整 PGA-AMFormer,√,√,2,sim_4_2_150,0,0.1245666137002799,0,simulated_label_adjusted,Simulated plotting data only; y_pred adjusted to approximate target Precision/Recall/F1; y_prob unchanged.
simulated_for_plotting_only,完整 PGA-AMFormer,√,√,2,sim_4_2_151,0,0.4265200840197815,0,simulated_label_adjusted,Simulated plotting data only; y_pred adjusted to approximate target Precision/Recall/F1; y_prob unchanged.
simulated_for_plotting_only,完整 PGA-AMFormer,√,√,2,sim_4_2_152,0,0.4193892139717949,0,simulated_label_adjusted,Simulated plotting data only; y_pred adjusted to approximate target Precision/Recall/F1; y_prob unchanged.
simulated_for_plotting_only,完整 PGA-AMFormer,√,√,2,sim_4_2_153,1,0.9025125053907772,1,simulated_label_adjusted,Simulated plotting data only; y_pred adjusted to approximate target Precision/Recall/F1; y_prob unchanged.
simulated_for_plotting_only,完整 PGA-AMFormer,√,√,2,sim_4_2_154,0,0.5044891057229421,0,simulated_label_adjusted,Simulated plotting data only; y_pred adjusted to approximate target Precision/Recall/F1; y_prob unchanged.
simulated_for_plotting_only,完整 PGA-AMFormer,√,√,2,sim_4_2_155,0,0.8596273585550345,1,simulated_label_adjusted,Simulated plotting data only; y_pred adjusted to approximate target Precision/Recall/F1; y_prob unchanged.
simulated_for_plotting_only,完整 PGA-AMFormer,√,√,2,sim_4_2_156,1,0.7488139513388801,1,simulated_label_adjusted,Simulated plotting data only; y_pred adjusted to approximate target Precision/Recall/F1; y_prob unchanged.
simulated_for_plotting_only,完整 PGA-AMFormer,√,√,2,sim_4_2_157,0,0.2780849883552523,0,simulated_label_adjusted,Simulated plotting data only; y_pred adjusted to approximate target Precision/Recall/F1; y_prob unchanged.
simulated_for_plotting_only,完整 PGA-AMFormer,√,√,2,sim_4_2_158,0,0.8719236909266951,1,simulated_label_adjusted,Simulated plotting data only; y_pred adjusted to approximate target Precision/Recall/F1; y_prob unchanged.
simulated_for_plotting_only,完整 PGA-AMFormer,√,√,2,sim_4_2_159,0,0.6252731267036956,0,simulated_label_adjusted,Simulated plotting data only; y_pred adjusted to approximate target Precision/Recall/F1; y_prob unchanged.
simulated_for_plotting_only,完整 PGA-AMFormer,√,√,2,sim_4_2_160,0,0.2884799350613165,0,simulated_label_adjusted,Simulated plotting data only; y_pred adjusted to approximate target Precision/Recall/F1; y_prob unchanged.
simulated_for_plotting_only,完整 PGA-AMFormer,√,√,2,sim_4_2_161,0,0.3466598370881712,0,simulated_label_adjusted,Simulated plotting data only; y_pred adjusted to approximate target Precision/Recall/F1; y_prob unchanged.
simulated_for_plotting_only,完整 PGA-AMFormer,√,√,2,sim_4_2_162,0,0.3668999387361368,0,simulated_label_adjusted,Simulated plotting data only; y_pred adjusted to approximate target Precision/Recall/F1; y_prob unchanged.
simulated_for_plotting_only,完整 PGA-AMFormer,√,√,2,sim_4_2_163,1,0.9187234694450528,1,simulated_label_adjusted,Simulated plotting data only; y_pred adjusted to approximate target Precision/Recall/F1; y_prob unchanged.
simulated_for_plotting_only,完整 PGA-AMFormer,√,√,2,sim_4_2_164,0,0.7104705440495784,1,simulated_label_adjusted,Simulated plotting data only; y_pred adjusted to approximate target Precision/Recall/F1; y_prob unchanged.
simulated_for_plotting_only,完整 PGA-AMFormer,√,√,2,sim_4_2_165,1,0.9060645155407832,1,simulated_label_adjusted,Simulated plotting data only; y_pred adjusted to approximate target Precision/Recall/F1; y_prob unchanged.
simulated_for_plotting_only,完整 PGA-AMFormer,√,√,2,sim_4_2_166,0,0.5278107392743471,0,simulated_label_adjusted,Simulated plotting data only; y_pred adjusted to approximate target Precision/Recall/F1; y_prob unchanged.
simulated_for_plotting_only,完整 PGA-AMFormer,√,√,2,sim_4_2_167,0,0.6191608860889373,0,simulated_label_adjusted,Simulated plotting data only; y_pred adjusted to approximate target Precision/Recall/F1; y_prob unchanged.
simulated_for_plotting_only,完整 PGA-AMFormer,√,√,2,sim_4_2_168,0,0.6557894631208041,0,simulated_label_adjusted,Simulated plotting data only; y_pred adjusted to approximate target Precision/Recall/F1; y_prob unchanged.
simulated_for_plotting_only,完整 PGA-AMFormer,√,√,2,sim_4_2_169,1,0.927369383837116,1,simulated_label_adjusted,Simulated plotting data only; y_pred adjusted to approximate target Precision/Recall/F1; y_prob unchanged.
simulated_for_plotting_only,完整 PGA-AMFormer,√,√,2,sim_4_2_170,0,0.3589096994735599,0,simulated_label_adjusted,Simulated plotting data only; y_pred adjusted to approximate target Precision/Recall/F1; y_prob unchanged.
simulated_for_plotting_only,完整 PGA-AMFormer,√,√,2,sim_4_2_171,0,0.4799478080230246,0,simulated_label_adjusted,Simulated plotting data only; y_pred adjusted to approximate target Precision/Recall/F1; y_prob unchanged.
simulated_for_plotting_only,完整 PGA-AMFormer,√,√,2,sim_4_2_172,0,0.6640059389520692,1,simulated_label_adjusted,Simulated plotting data only; y_pred adjusted to approximate target Precision/Recall/F1; y_prob unchanged.
simulated_for_plotting_only,完整 PGA-AMFormer,√,√,2,sim_4_2_173,0,0.4412832402126571,0,simulated_label_adjusted,Simulated plotting data only; y_pred adjusted to approximate target Precision/Recall/F1; y_prob unchanged.
simulated_for_plotting_only,完整 PGA-AMFormer,√,√,2,sim_4_2_174,1,0.6018751503871479,1,simulated_label_adjusted,Simulated plotting data only; y_pred adjusted to approximate target Precision/Recall/F1; y_prob unchanged.
simulated_for_plotting_only,完整 PGA-AMFormer,√,√,2,sim_4_2_175,0,0.5573046051402457,0,simulated_label_adjusted,Simulated plotting data only; y_pred adjusted to approximate target Precision/Recall/F1; y_prob unchanged.
simulated_for_plotting_only,完整 PGA-AMFormer,√,√,2,sim_4_2_176,0,0.3380811404922924,0,simulated_label_adjusted,Simulated plotting data only; y_pred adjusted to approximate target Precision/Recall/F1; y_prob unchanged.
simulated_for_plotting_only,完整 PGA-AMFormer,√,√,2,sim_4_2_177,1,0.5949802289485128,1,simulated_label_adjusted,Simulated plotting data only; y_pred adjusted to approximate target Precision/Recall/F1; y_prob unchanged.
simulated_for_plotting_only,完整 PGA-AMFormer,√,√,2,sim_4_2_178,0,0.4263890560036065,0,simulated_label_adjusted,Simulated plotting data only; y_pred adjusted to approximate target Precision/Recall/F1; y_prob unchanged.
simulated_for_plotting_only,完整 PGA-AMFormer,√,√,2,sim_4_2_179,0,0.4060389386515766,0,simulated_label_adjusted,Simulated plotting data only; y_pred adjusted to approximate target Precision/Recall/F1; y_prob unchanged.
simulated_for_plotting_only,完整 PGA-AMFormer,√,√,2,sim_4_2_180,0,0.1762241053691237,0,simulated_label_adjusted,Simulated plotting data only; y_pred adjusted to approximate target Precision/Recall/F1; y_prob unchanged.
simulated_for_plotting_only,完整 PGA-AMFormer,√,√,2,sim_4_2_181,0,0.5579932467021256,0,simulated_label_adjusted,Simulated plotting data only; y_pred adjusted to approximate target Precision/Recall/F1; y_prob unchanged.
simulated_for_plotting_only,完整 PGA-AMFormer,√,√,2,sim_4_2_182,0,0.1895821234966535,0,simulated_label_adjusted,Simulated plotting data only; y_pred adjusted to approximate target Precision/Recall/F1; y_prob unchanged.
simulated_for_plotting_only,完整 PGA-AMFormer,√,√,2,sim_4_2_183,1,0.9289475926514584,1,simulated_label_adjusted,Simulated plotting data only; y_pred adjusted to approximate target Precision/Recall/F1; y_prob unchanged.
simulated_for_plotting_only,完整 PGA-AMFormer,√,√,3,sim_4_3_001,1,0.915782523426146,1,simulated_label_adjusted,Simulated plotting data only; y_pred adjusted to approximate target Precision/Recall/F1; y_prob unchanged.
simulated_for_plotting_only,完整 PGA-AMFormer,√,√,3,sim_4_3_002,0,0.7814612025955312,1,simulated_label_adjusted,Simulated plotting data only; y_pred adjusted to approximate target Precision/Recall/F1; y_prob unchanged.
simulated_for_plotting_only,完整 PGA-AMFormer,√,√,3,sim_4_3_003,0,0.3767943520981727,0,simulated_label_adjusted,Simulated plotting data only; y_pred adjusted to approximate target Precision/Recall/F1; y_prob unchanged.
simulated_for_plotting_only,完整 PGA-AMFormer,√,√,3,sim_4_3_004,1,0.87085378891587,1,simulated_label_adjusted,Simulated plotting data only; y_pred adjusted to approximate target Precision/Recall/F1; y_prob unchanged.
simulated_for_plotting_only,完整 PGA-AMFormer,√,√,3,sim_4_3_005,0,0.8896483468864523,1,simulated_label_adjusted,Simulated plotting data only; y_pred adjusted to approximate target Precision/Recall/F1; y_prob unchanged.
simulated_for_plotting_only,完整 PGA-AMFormer,√,√,3,sim_4_3_006,0,0.4464632119735851,0,simulated_label_adjusted,Simulated plotting data only; y_pred adjusted to approximate target Precision/Recall/F1; y_prob unchanged.
simulated_for_plotting_only,完整 PGA-AMFormer,√,√,3,sim_4_3_007,0,0.6932677695189855,0,simulated_label_adjusted,Simulated plotting data only; y_pred adjusted to approximate target Precision/Recall/F1; y_prob unchanged.
simulated_for_plotting_only,完整 PGA-AMFormer,√,√,3,sim_4_3_008,0,0.7427735028290685,1,simulated_label_adjusted,Simulated plotting data only; y_pred adjusted to approximate target Precision/Recall/F1; y_prob unchanged.
simulated_for_plotting_only,完整 PGA-AMFormer,√,√,3,sim_4_3_009,0,0.4909481792189763,0,simulated_label_adjusted,Simulated plotting data only; y_pred adjusted to approximate target Precision/Recall/F1; y_prob unchanged.
simulated_for_plotting_only,完整 PGA-AMFormer,√,√,3,sim_4_3_010,0,0.1102094016924205,0,simulated_label_adjusted,Simulated plotting data only; y_pred adjusted to approximate target Precision/Recall/F1; y_prob unchanged.
simulated_for_plotting_only,完整 PGA-AMFormer,√,√,3,sim_4_3_011,0,0.3721409230856581,0,simulated_label_adjusted,Simulated plotting data only; y_pred adjusted to approximate target Precision/Recall/F1; y_prob unchanged.
simulated_for_plotting_only,完整 PGA-AMFormer,√,√,3,sim_4_3_012,1,0.9890621177218316,1,simulated_label_adjusted,Simulated plotting data only; y_pred adjusted to approximate target Precision/Recall/F1; y_prob unchanged.
simulated_for_plotting_only,完整 PGA-AMFormer,√,√,3,sim_4_3_013,0,0.5244396919683597,0,simulated_label_adjusted,Simulated plotting data only; y_pred adjusted to approximate target Precision/Recall/F1; y_prob unchanged.
simulated_for_plotting_only,完整 PGA-AMFormer,√,√,3,sim_4_3_014,0,0.2574919195391605,0,simulated_label_adjusted,Simulated plotting data only; y_pred adjusted to approximate target Precision/Recall/F1; y_prob unchanged.
simulated_for_plotting_only,完整 PGA-AMFormer,√,√,3,sim_4_3_015,0,0.1927693313105247,0,simulated_label_adjusted,Simulated plotting data only; y_pred adjusted to approximate target Precision/Recall/F1; y_prob unchanged.
simulated_for_plotting_only,完整 PGA-AMFormer,√,√,3,sim_4_3_016,1,0.9647258658764007,1,simulated_label_adjusted,Simulated plotting data only; y_pred adjusted to approximate target Precision/Recall/F1; y_prob unchanged.
simulated_for_plotting_only,完整 PGA-AMFormer,√,√,3,sim_4_3_017,1,0.9404992621965826,1,simulated_label_adjusted,Simulated plotting data only; y_pred adjusted to approximate target Precision/Recall/F1; y_prob unchanged.
simulated_for_plotting_only,完整 PGA-AMFormer,√,√,3,sim_4_3_018,1,0.937773431530856,1,simulated_label_adjusted,Simulated plotting data only; y_pred adjusted to approximate target Precision/Recall/F1; y_prob unchanged.
simulated_for_plotting_only,完整 PGA-AMFormer,√,√,3,sim_4_3_019,1,0.9204618451738612,1,simulated_label_adjusted,Simulated plotting data only; y_pred adjusted to approximate target Precision/Recall/F1; y_prob unchanged.
simulated_for_plotting_only,完整 PGA-AMFormer,√,√,3,sim_4_3_020,1,0.9538767370713576,1,simulated_label_adjusted,Simulated plotting data only; y_pred adjusted to approximate target Precision/Recall/F1; y_prob unchanged.
simulated_for_plotting_only,完整 PGA-AMFormer,√,√,3,sim_4_3_021,0,0.473274730486183,0,simulated_label_adjusted,Simulated plotting data only; y_pred adjusted to approximate target Precision/Recall/F1; y_prob unchanged.
simulated_for_plotting_only,完整 PGA-AMFormer,√,√,3,sim_4_3_022,1,0.5701345121561009,1,simulated_label_adjusted,Simulated plotting data only; y_pred adjusted to approximate target Precision/Recall/F1; y_prob unchanged.
simulated_for_plotting_only,完整 PGA-AMFormer,√,√,3,sim_4_3_023,1,0.8882160781075077,1,simulated_label_adjusted,Simulated plotting data only; y_pred adjusted to approximate target Precision/Recall/F1; y_prob unchanged.
simulated_for_plotting_only,完整 PGA-AMFormer,√,√,3,sim_4_3_024,0,0.2918025753087551,0,simulated_label_adjusted,Simulated plotting data only; y_pred adjusted to approximate target Precision/Recall/F1; y_prob unchanged.
simulated_for_plotting_only,完整 PGA-AMFormer,√,√,3,sim_4_3_025,1,0.715777473442394,1,simulated_label_adjusted,Simulated plotting data only; y_pred adjusted to approximate target Precision/Recall/F1; y_prob unchanged.
simulated_for_plotting_only,完整 PGA-AMFormer,√,√,3,sim_4_3_026,1,0.9713987475387064,1,simulated_label_adjusted,Simulated plotting data only; y_pred adjusted to approximate target Precision/Recall/F1; y_prob unchanged.
simulated_for_plotting_only,完整 PGA-AMFormer,√,√,3,sim_4_3_027,0,0.3986585816602133,0,simulated_label_adjusted,Simulated plotting data only; y_pred adjusted to approximate target Precision/Recall/F1; y_prob unchanged.
simulated_for_plotting_only,完整 PGA-AMFormer,√,√,3,sim_4_3_028,0,0.4040216509946982,0,simulated_label_adjusted,Simulated plotting data only; y_pred adjusted to approximate target Precision/Recall/F1; y_prob unchanged.
simulated_for_plotting_only,完整 PGA-AMFormer,√,√,3,sim_4_3_029,0,0.7559699672621182,1,simulated_label_adjusted,Simulated plotting data only; y_pred adjusted to approximate target Precision/Recall/F1; y_prob unchanged.
simulated_for_plotting_only,完整 PGA-AMFormer,√,√,3,sim_4_3_030,1,0.916088716302038,1,simulated_label_adjusted,Simulated plotting data only; y_pred adjusted to approximate target Precision/Recall/F1; y_prob unchanged.
simulated_for_plotting_only,完整 PGA-AMFormer,√,√,3,sim_4_3_031,1,0.7231649283754972,1,simulated_label_adjusted,Simulated plotting data only; y_pred adjusted to approximate target Precision/Recall/F1; y_prob unchanged.
simulated_for_plotting_only,完整 PGA-AMFormer,√,√,3,sim_4_3_032,1,0.9431920763436442,1,simulated_label_adjusted,Simulated plotting data only; y_pred adjusted to approximate target Precision/Recall/F1; y_prob unchanged.
simulated_for_plotting_only,完整 PGA-AMFormer,√,√,3,sim_4_3_033,0,0.6209400170888859,0,simulated_label_adjusted,Simulated plotting data only; y_pred adjusted to approximate target Precision/Recall/F1; y_prob unchanged.
simulated_for_plotting_only,完整 PGA-AMFormer,√,√,3,sim_4_3_034,0,0.5173043317147139,0,simulated_label_adjusted,Simulated plotting data only; y_pred adjusted to approximate target Precision/Recall/F1; y_prob unchanged.
simulated_for_plotting_only,完整 PGA-AMFormer,√,√,3,sim_4_3_035,0,0.5977234818584617,0,simulated_label_adjusted,Simulated plotting data only; y_pred adjusted to approximate target Precision/Recall/F1; y_prob unchanged.
simulated_for_plotting_only,完整 PGA-AMFormer,√,√,3,sim_4_3_036,0,0.5353878563483301,0,simulated_label_adjusted,Simulated plotting data only; y_pred adjusted to approximate target Precision/Recall/F1; y_prob unchanged.
simulated_for_plotting_only,完整 PGA-AMFormer,√,√,3,sim_4_3_037,0,0.7604438054468815,1,simulated_label_adjusted,Simulated plotting data only; y_pred adjusted to approximate target Precision/Recall/F1; y_prob unchanged.
simulated_for_plotting_only,完整 PGA-AMFormer,√,√,3,sim_4_3_038,0,0.2789412070913125,0,simulated_label_adjusted,Simulated plotting data only; y_pred adjusted to approximate target Precision/Recall/F1; y_prob unchanged.
simulated_for_plotting_only,完整 PGA-AMFormer,√,√,3,sim_4_3_039,0,0.3371329853562249,0,simulated_label_adjusted,Simulated plotting data only; y_pred adjusted to approximate target Precision/Recall/F1; y_prob unchanged.
simulated_for_plotting_only,完整 PGA-AMFormer,√,√,3,sim_4_3_040,0,0.5225596961649641,0,simulated_label_adjusted,Simulated plotting data only; y_pred adjusted to approximate target Precision/Recall/F1; y_prob unchanged.
simulated_for_plotting_only,完整 PGA-AMFormer,√,√,3,sim_4_3_041,0,0.3756510340777933,0,simulated_label_adjusted,Simulated plotting data only; y_pred adjusted to approximate target Precision/Recall/F1; y_prob unchanged.
simulated_for_plotting_only,完整 PGA-AMFormer,√,√,3,sim_4_3_042,0,0.4699079427973713,0,simulated_label_adjusted,Simulated plotting data only; y_pred adjusted to approximate target Precision/Recall/F1; y_prob unchanged.
simulated_for_plotting_only,完整 PGA-AMFormer,√,√,3,sim_4_3_043,1,0.9399254135679016,1,simulated_label_adjusted,Simulated plotting data only; y_pred adjusted to approximate target Precision/Recall/F1; y_prob unchanged.
simulated_for_plotting_only,完整 PGA-AMFormer,√,√,3,sim_4_3_044,1,0.8589710244446617,1,simulated_label_adjusted,Simulated plotting data only; y_pred adjusted to approximate target Precision/Recall/F1; y_prob unchanged.
simulated_for_plotting_only,完整 PGA-AMFormer,√,√,3,sim_4_3_045,0,0.6208721419163563,0,simulated_label_adjusted,Simulated plotting data only; y_pred adjusted to approximate target Precision/Recall/F1; y_prob unchanged.
simulated_for_plotting_only,完整 PGA-AMFormer,√,√,3,sim_4_3_046,0,0.4126370251524931,0,simulated_label_adjusted,Simulated plotting data only; y_pred adjusted to approximate target Precision/Recall/F1; y_prob unchanged.
simulated_for_plotting_only,完整 PGA-AMFormer,√,√,3,sim_4_3_047,0,0.563091492684455,0,simulated_label_adjusted,Simulated plotting data only; y_pred adjusted to approximate target Precision/Recall/F1; y_prob unchanged.
simulated_for_plotting_only,完整 PGA-AMFormer,√,√,3,sim_4_3_048,0,0.7619138321348141,1,simulated_label_adjusted,Simulated plotting data only; y_pred adjusted to approximate target Precision/Recall/F1; y_prob unchanged.
simulated_for_plotting_only,完整 PGA-AMFormer,√,√,3,sim_4_3_049,0,0.3998279160820117,0,simulated_label_adjusted,Simulated plotting data only; y_pred adjusted to approximate target Precision/Recall/F1; y_prob unchanged.
simulated_for_plotting_only,完整 PGA-AMFormer,√,√,3,sim_4_3_050,0,0.7296511949115421,1,simulated_label_adjusted,Simulated plotting data only; y_pred adjusted to approximate target Precision/Recall/F1; y_prob unchanged.
simulated_for_plotting_only,完整 PGA-AMFormer,√,√,3,sim_4_3_051,0,0.7761338259269067,1,simulated_label_adjusted,Simulated plotting data only; y_pred adjusted to approximate target Precision/Recall/F1; y_prob unchanged.
simulated_for_plotting_only,完整 PGA-AMFormer,√,√,3,sim_4_3_052,0,0.4510741759046633,0,simulated_label_adjusted,Simulated plotting data only; y_pred adjusted to approximate target Precision/Recall/F1; y_prob unchanged.
simulated_for_plotting_only,完整 PGA-AMFormer,√,√,3,sim_4_3_053,1,0.8937158640259432,1,simulated_label_adjusted,Simulated plotting data only; y_pred adjusted to approximate target Precision/Recall/F1; y_prob unchanged.
simulated_for_plotting_only,完整 PGA-AMFormer,√,√,3,sim_4_3_054,0,0.8736708810348345,1,simulated_label_adjusted,Simulated plotting data only; y_pred adjusted to approximate target Precision/Recall/F1; y_prob unchanged.
simulated_for_plotting_only,完整 PGA-AMFormer,√,√,3,sim_4_3_055,0,0.4662951543515368,0,simulated_label_adjusted,Simulated plotting data only; y_pred adjusted to approximate target Precision/Recall/F1; y_prob unchanged.
simulated_for_plotting_only,完整 PGA-AMFormer,√,√,3,sim_4_3_056,0,0.2094847067062812,0,simulated_label_adjusted,Simulated plotting data only; y_pred adjusted to approximate target Precision/Recall/F1; y_prob unchanged.
simulated_for_plotting_only,完整 PGA-AMFormer,√,√,3,sim_4_3_057,1,0.9415938507153818,1,simulated_label_adjusted,Simulated plotting data only; y_pred adjusted to approximate target Precision/Recall/F1; y_prob unchanged.
simulated_for_plotting_only,完整 PGA-AMFormer,√,√,3,sim_4_3_058,0,0.7872747159258795,1,simulated_label_adjusted,Simulated plotting data only; y_pred adjusted to approximate target Precision/Recall/F1; y_prob unchanged.
simulated_for_plotting_only,完整 PGA-AMFormer,√,√,3,sim_4_3_059,0,0.3837156973795932,0,simulated_label_adjusted,Simulated plotting data only; y_pred adjusted to approximate target Precision/Recall/F1; y_prob unchanged.
simulated_for_plotting_only,完整 PGA-AMFormer,√,√,3,sim_4_3_060,1,0.7522784533774752,1,simulated_label_adjusted,Simulated plotting data only; y_pred adjusted to approximate target Precision/Recall/F1; y_prob unchanged.
simulated_for_plotting_only,完整 PGA-AMFormer,√,√,3,sim_4_3_061,0,0.6760869265088538,0,simulated_label_adjusted,Simulated plotting data only; y_pred adjusted to approximate target Precision/Recall/F1; y_prob unchanged.
simulated_for_plotting_only,完整 PGA-AMFormer,√,√,3,sim_4_3_062,0,0.7906608792486937,1,simulated_label_adjusted,Simulated plotting data only; y_pred adjusted to approximate target Precision/Recall/F1; y_prob unchanged.
simulated_for_plotting_only,完整 PGA-AMFormer,√,√,3,sim_4_3_063,1,0.9353391866443566,1,simulated_label_adjusted,Simulated plotting data only; y_pred adjusted to approximate target Precision/Recall/F1; y_prob unchanged.
simulated_for_plotting_only,完整 PGA-AMFormer,√,√,3,sim_4_3_064,1,0.767971400479254,1,simulated_label_adjusted,Simulated plotting data only; y_pred adjusted to approximate target Precision/Recall/F1; y_prob unchanged.
simulated_for_plotting_only,完整 PGA-AMFormer,√,√,3,sim_4_3_065,0,0.7115762581266211,0,simulated_label_adjusted,Simulated plotting data only; y_pred adjusted to approximate target Precision/Recall/F1; y_prob unchanged.
simulated_for_plotting_only,完整 PGA-AMFormer,√,√,3,sim_4_3_066,1,0.9163047498724428,1,simulated_label_adjusted,Simulated plotting data only; y_pred adjusted to approximate target Precision/Recall/F1; y_prob unchanged.
simulated_for_plotting_only,完整 PGA-AMFormer,√,√,3,sim_4_3_067,1,0.9456872446087676,1,simulated_label_adjusted,Simulated plotting data only; y_pred adjusted to approximate target Precision/Recall/F1; y_prob unchanged.
simulated_for_plotting_only,完整 PGA-AMFormer,√,√,3,sim_4_3_068,1,0.9453105117366888,1,simulated_label_adjusted,Simulated plotting data only; y_pred adjusted to approximate target Precision/Recall/F1; y_prob unchanged.
simulated_for_plotting_only,完整 PGA-AMFormer,√,√,3,sim_4_3_069,1,0.9334485738762556,1,simulated_label_adjusted,Simulated plotting data only; y_pred adjusted to approximate target Precision/Recall/F1; y_prob unchanged.
simulated_for_plotting_only,完整 PGA-AMFormer,√,√,3,sim_4_3_070,1,0.9604832118326804,1,simulated_label_adjusted,Simulated plotting data only; y_pred adjusted to approximate target Precision/Recall/F1; y_prob unchanged.
simulated_for_plotting_only,完整 PGA-AMFormer,√,√,3,sim_4_3_071,1,0.8777391957058062,1,simulated_label_adjusted,Simulated plotting data only; y_pred adjusted to approximate target Precision/Recall/F1; y_prob unchanged.
simulated_for_plotting_only,完整 PGA-AMFormer,√,√,3,sim_4_3_072,0,0.4896256257701916,0,simulated_label_adjusted,Simulated plotting data only; y_pred adjusted to approximate target Precision/Recall/F1; y_prob unchanged.
simulated_for_plotting_only,完整 PGA-AMFormer,√,√,3,sim_4_3_073,0,0.3040551894485347,0,simulated_label_adjusted,Simulated plotting data only; y_pred adjusted to approximate target Precision/Recall/F1; y_prob unchanged.
simulated_for_plotting_only,完整 PGA-AMFormer,√,√,3,sim_4_3_074,0,0.1160141189568751,0,simulated_label_adjusted,Simulated plotting data only; y_pred adjusted to approximate target Precision/Recall/F1; y_prob unchanged.
simulated_for_plotting_only,完整 PGA-AMFormer,√,√,3,sim_4_3_075,0,0.2221276461271565,0,simulated_label_adjusted,Simulated plotting data only; y_pred adjusted to approximate target Precision/Recall/F1; y_prob unchanged.
simulated_for_plotting_only,完整 PGA-AMFormer,√,√,3,sim_4_3_076,0,0.1659414766901142,0,simulated_label_adjusted,Simulated plotting data only; y_pred adjusted to approximate target Precision/Recall/F1; y_prob unchanged.
simulated_for_plotting_only,完整 PGA-AMFormer,√,√,3,sim_4_3_077,0,0.5194115535088643,0,simulated_label_adjusted,Simulated plotting data only; y_pred adjusted to approximate target Precision/Recall/F1; y_prob unchanged.
simulated_for_plotting_only,完整 PGA-AMFormer,√,√,3,sim_4_3_078,0,0.315286342917283,0,simulated_label_adjusted,Simulated plotting data only; y_pred adjusted to approximate target Precision/Recall/F1; y_prob unchanged.
simulated_for_plotting_only,完整 PGA-AMFormer,√,√,3,sim_4_3_079,0,0.6043620446908059,0,simulated_label_adjusted,Simulated plotting data only; y_pred adjusted to approximate target Precision/Recall/F1; y_prob unchanged.
simulated_for_plotting_only,完整 PGA-AMFormer,√,√,3,sim_4_3_080,0,0.2973640281781269,0,simulated_label_adjusted,Simulated plotting data only; y_pred adjusted to approximate target Precision/Recall/F1; y_prob unchanged.
simulated_for_plotting_only,完整 PGA-AMFormer,√,√,3,sim_4_3_081,0,0.3359301992604057,0,simulated_label_adjusted,Simulated plotting data only; y_pred adjusted to approximate target Precision/Recall/F1; y_prob unchanged.
simulated_for_plotting_only,完整 PGA-AMFormer,√,√,3,sim_4_3_082,1,0.8042503594812891,1,simulated_label_adjusted,Simulated plotting data only; y_pred adjusted to approximate target Precision/Recall/F1; y_prob unchanged.
simulated_for_plotting_only,完整 PGA-AMFormer,√,√,3,sim_4_3_083,0,0.5904067344050209,0,simulated_label_adjusted,Simulated plotting data only; y_pred adjusted to approximate target Precision/Recall/F1; y_prob unchanged.
simulated_for_plotting_only,完整 PGA-AMFormer,√,√,3,sim_4_3_084,0,0.3929011752390165,0,simulated_label_adjusted,Simulated plotting data only; y_pred adjusted to approximate target Precision/Recall/F1; y_prob unchanged.
simulated_for_plotting_only,完整 PGA-AMFormer,√,√,3,sim_4_3_085,0,0.2726491343146853,0,simulated_label_adjusted,Simulated plotting data only; y_pred adjusted to approximate target Precision/Recall/F1; y_prob unchanged.
simulated_for_plotting_only,完整 PGA-AMFormer,√,√,3,sim_4_3_086,0,0.7292850983482411,1,simulated_label_adjusted,Simulated plotting data only; y_pred adjusted to approximate target Precision/Recall/F1; y_prob unchanged.
simulated_for_plotting_only,完整 PGA-AMFormer,√,√,3,sim_4_3_087,0,0.8626020689389393,1,simulated_label_adjusted,Simulated plotting data only; y_pred adjusted to approximate target Precision/Recall/F1; y_prob unchanged.
simulated_for_plotting_only,完整 PGA-AMFormer,√,√,3,sim_4_3_088,0,0.3972350678492321,0,simulated_label_adjusted,Simulated plotting data only; y_pred adjusted to approximate target Precision/Recall/F1; y_prob unchanged.
simulated_for_plotting_only,完整 PGA-AMFormer,√,√,3,sim_4_3_089,0,0.6163290375022806,0,simulated_label_adjusted,Simulated plotting data only; y_pred adjusted to approximate target Precision/Recall/F1; y_prob unchanged.
simulated_for_plotting_only,完整 PGA-AMFormer,√,√,3,sim_4_3_090,1,0.7450704754216089,1,simulated_label_adjusted,Simulated plotting data only; y_pred adjusted to approximate target Precision/Recall/F1; y_prob unchanged.
simulated_for_plotting_only,完整 PGA-AMFormer,√,√,3,sim_4_3_091,0,0.397096247287337,0,simulated_label_adjusted,Simulated plotting data only; y_pred adjusted to approximate target Precision/Recall/F1; y_prob unchanged.
simulated_for_plotting_only,完整 PGA-AMFormer,√,√,3,sim_4_3_092,0,0.7967658677022663,1,simulated_label_adjusted,Simulated plotting data only; y_pred adjusted to approximate target Precision/Recall/F1; y_prob unchanged.
simulated_for_plotting_only,完整 PGA-AMFormer,√,√,3,sim_4_3_093,0,0.93537497744668,1,simulated_label_adjusted,Simulated plotting data only; y_pred adjusted to approximate target Precision/Recall/F1; y_prob unchanged.
simulated_for_plotting_only,完整 PGA-AMFormer,√,√,3,sim_4_3_094,0,0.8647616561423622,1,simulated_label_adjusted,Simulated plotting data only; y_pred adjusted to approximate target Precision/Recall/F1; y_prob unchanged.
simulated_for_plotting_only,完整 PGA-AMFormer,√,√,3,sim_4_3_095,0,0.374856525437818,0,simulated_label_adjusted,Simulated plotting data only; y_pred adjusted to approximate target Precision/Recall/F1; y_prob unchanged.
simulated_for_plotting_only,完整 PGA-AMFormer,√,√,3,sim_4_3_096,0,0.484220665065294,0,simulated_label_adjusted,Simulated plotting data only; y_pred adjusted to approximate target Precision/Recall/F1; y_prob unchanged.
simulated_for_plotting_only,完整 PGA-AMFormer,√,√,3,sim_4_3_097,0,0.2344752050933379,0,simulated_label_adjusted,Simulated plotting data only; y_pred adjusted to approximate target Precision/Recall/F1; y_prob unchanged.
simulated_for_plotting_only,完整 PGA-AMFormer,√,√,3,sim_4_3_098,0,0.7103925550492963,0,simulated_label_adjusted,Simulated plotting data only; y_pred adjusted to approximate target Precision/Recall/F1; y_prob unchanged.
simulated_for_plotting_only,完整 PGA-AMFormer,√,√,3,sim_4_3_099,1,0.7974646384279389,1,simulated_label_adjusted,Simulated plotting data only; y_pred adjusted to approximate target Precision/Recall/F1; y_prob unchanged.
simulated_for_plotting_only,完整 PGA-AMFormer,√,√,3,sim_4_3_100,0,0.0857926554147903,0,simulated_label_adjusted,Simulated plotting data only; y_pred adjusted to approximate target Precision/Recall/F1; y_prob unchanged.
simulated_for_plotting_only,完整 PGA-AMFormer,√,√,3,sim_4_3_101,1,0.914582553690827,1,simulated_label_adjusted,Simulated plotting data only; y_pred adjusted to approximate target Precision/Recall/F1; y_prob unchanged.
simulated_for_plotting_only,完整 PGA-AMFormer,√,√,3,sim_4_3_102,0,0.4847340242612773,0,simulated_label_adjusted,Simulated plotting data only; y_pred adjusted to approximate target Precision/Recall/F1; y_prob unchanged.
simulated_for_plotting_only,完整 PGA-AMFormer,√,√,3,sim_4_3_103,0,0.2604591313493368,0,simulated_label_adjusted,Simulated plotting data only; y_pred adjusted to approximate target Precision/Recall/F1; y_prob unchanged.
simulated_for_plotting_only,完整 PGA-AMFormer,√,√,3,sim_4_3_104,0,0.5459294880758184,0,simulated_label_adjusted,Simulated plotting data only; y_pred adjusted to approximate target Precision/Recall/F1; y_prob unchanged.
simulated_for_plotting_only,完整 PGA-AMFormer,√,√,3,sim_4_3_105,0,0.6386978088026448,0,simulated_label_adjusted,Simulated plotting data only; y_pred adjusted to approximate target Precision/Recall/F1; y_prob unchanged.
simulated_for_plotting_only,完整 PGA-AMFormer,√,√,3,sim_4_3_106,0,0.7284208059531664,1,simulated_label_adjusted,Simulated plotting data only; y_pred adjusted to approximate target Precision/Recall/F1; y_prob unchanged.
simulated_for_plotting_only,完整 PGA-AMFormer,√,√,3,sim_4_3_107,0,0.4978198591393779,0,simulated_label_adjusted,Simulated plotting data only; y_pred adjusted to approximate target Precision/Recall/F1; y_prob unchanged.
simulated_for_plotting_only,完整 PGA-AMFormer,√,√,3,sim_4_3_108,0,0.3259286028914975,0,simulated_label_adjusted,Simulated plotting data only; y_pred adjusted to approximate target Precision/Recall/F1; y_prob unchanged.
simulated_for_plotting_only,完整 PGA-AMFormer,√,√,3,sim_4_3_109,0,0.8759553984892423,1,simulated_label_adjusted,Simulated plotting data only; y_pred adjusted to approximate target Precision/Recall/F1; y_prob unchanged.
simulated_for_plotting_only,完整 PGA-AMFormer,√,√,3,sim_4_3_110,0,0.298527710543449,0,simulated_label_adjusted,Simulated plotting data only; y_pred adjusted to approximate target Precision/Recall/F1; y_prob unchanged.
simulated_for_plotting_only,完整 PGA-AMFormer,√,√,3,sim_4_3_111,1,0.949555268315046,1,simulated_label_adjusted,Simulated plotting data only; y_pred adjusted to approximate target Precision/Recall/F1; y_prob unchanged.
simulated_for_plotting_only,完整 PGA-AMFormer,√,√,3,sim_4_3_112,0,0.0370077771252361,0,simulated_label_adjusted,Simulated plotting data only; y_pred adjusted to approximate target Precision/Recall/F1; y_prob unchanged.
simulated_for_plotting_only,完整 PGA-AMFormer,√,√,3,sim_4_3_113,1,0.9228347732009308,1,simulated_label_adjusted,Simulated plotting data only; y_pred adjusted to approximate target Precision/Recall/F1; y_prob unchanged.
simulated_for_plotting_only,完整 PGA-AMFormer,√,√,3,sim_4_3_114,0,0.5748651726144166,0,simulated_label_adjusted,Simulated plotting data only; y_pred adjusted to approximate target Precision/Recall/F1; y_prob unchanged.
simulated_for_plotting_only,完整 PGA-AMFormer,√,√,3,sim_4_3_115,0,0.4211973838801215,0,simulated_label_adjusted,Simulated plotting data only; y_pred adjusted to approximate target Precision/Recall/F1; y_prob unchanged.
simulated_for_plotting_only,完整 PGA-AMFormer,√,√,3,sim_4_3_116,0,0.3860068092829265,0,simulated_label_adjusted,Simulated plotting data only; y_pred adjusted to approximate target Precision/Recall/F1; y_prob unchanged.
simulated_for_plotting_only,完整 PGA-AMFormer,√,√,3,sim_4_3_117,1,0.89007492044095,1,simulated_label_adjusted,Simulated plotting data only; y_pred adjusted to approximate target Precision/Recall/F1; y_prob unchanged.
simulated_for_plotting_only,完整 PGA-AMFormer,√,√,3,sim_4_3_118,1,0.8324984103116709,1,simulated_label_adjusted,Simulated plotting data only; y_pred adjusted to approximate target Precision/Recall/F1; y_prob unchanged.
simulated_for_plotting_only,完整 PGA-AMFormer,√,√,3,sim_4_3_119,0,0.5243507828078493,0,simulated_label_adjusted,Simulated plotting data only; y_pred adjusted to approximate target Precision/Recall/F1; y_prob unchanged.
simulated_for_plotting_only,完整 PGA-AMFormer,√,√,3,sim_4_3_120,1,0.9216251711353812,1,simulated_label_adjusted,Simulated plotting data only; y_pred adjusted to approximate target Precision/Recall/F1; y_prob unchanged.
simulated_for_plotting_only,完整 PGA-AMFormer,√,√,3,sim_4_3_121,0,0.5238884755944778,0,simulated_label_adjusted,Simulated plotting data only; y_pred adjusted to approximate target Precision/Recall/F1; y_prob unchanged.
simulated_for_plotting_only,完整 PGA-AMFormer,√,√,3,sim_4_3_122,0,0.6967797890214092,0,simulated_label_adjusted,Simulated plotting data only; y_pred adjusted to approximate target Precision/Recall/F1; y_prob unchanged.
simulated_for_plotting_only,完整 PGA-AMFormer,√,√,3,sim_4_3_123,0,0.711386041983672,0,simulated_label_adjusted,Simulated plotting data only; y_pred adjusted to approximate target Precision/Recall/F1; y_prob unchanged.
simulated_for_plotting_only,完整 PGA-AMFormer,√,√,3,sim_4_3_124,0,0.4736280310413396,0,simulated_label_adjusted,Simulated plotting data only; y_pred adjusted to approximate target Precision/Recall/F1; y_prob unchanged.
simulated_for_plotting_only,完整 PGA-AMFormer,√,√,3,sim_4_3_125,0,0.260110948989743,0,simulated_label_adjusted,Simulated plotting data only; y_pred adjusted to approximate target Precision/Recall/F1; y_prob unchanged.
simulated_for_plotting_only,完整 PGA-AMFormer,√,√,3,sim_4_3_126,1,0.8685263642713484,1,simulated_label_adjusted,Simulated plotting data only; y_pred adjusted to approximate target Precision/Recall/F1; y_prob unchanged.
simulated_for_plotting_only,完整 PGA-AMFormer,√,√,3,sim_4_3_127,0,0.3279636665905368,0,simulated_label_adjusted,Simulated plotting data only; y_pred adjusted to approximate target Precision/Recall/F1; y_prob unchanged.
simulated_for_plotting_only,完整 PGA-AMFormer,√,√,3,sim_4_3_128,0,0.6506060997836705,0,simulated_label_adjusted,Simulated plotting data only; y_pred adjusted to approximate target Precision/Recall/F1; y_prob unchanged.
simulated_for_plotting_only,完整 PGA-AMFormer,√,√,3,sim_4_3_129,0,0.4039868070070007,0,simulated_label_adjusted,Simulated plotting data only; y_pred adjusted to approximate target Precision/Recall/F1; y_prob unchanged.
simulated_for_plotting_only,完整 PGA-AMFormer,√,√,3,sim_4_3_130,0,0.7745904358036396,1,simulated_label_adjusted,Simulated plotting data only; y_pred adjusted to approximate target Precision/Recall/F1; y_prob unchanged.
simulated_for_plotting_only,完整 PGA-AMFormer,√,√,3,sim_4_3_131,0,0.2426316364051816,0,simulated_label_adjusted,Simulated plotting data only; y_pred adjusted to approximate target Precision/Recall/F1; y_prob unchanged.
simulated_for_plotting_only,完整 PGA-AMFormer,√,√,3,sim_4_3_132,0,0.4702005312226356,0,simulated_label_adjusted,Simulated plotting data only; y_pred adjusted to approximate target Precision/Recall/F1; y_prob unchanged.
simulated_for_plotting_only,完整 PGA-AMFormer,√,√,3,sim_4_3_133,0,0.5245967170695555,0,simulated_label_adjusted,Simulated plotting data only; y_pred adjusted to approximate target Precision/Recall/F1; y_prob unchanged.
simulated_for_plotting_only,完整 PGA-AMFormer,√,√,3,sim_4_3_134,0,0.8169113370406376,1,simulated_label_adjusted,Simulated plotting data only; y_pred adjusted to approximate target Precision/Recall/F1; y_prob unchanged.
simulated_for_plotting_only,完整 PGA-AMFormer,√,√,3,sim_4_3_135,0,0.5564612318869757,0,simulated_label_adjusted,Simulated plotting data only; y_pred adjusted to approximate target Precision/Recall/F1; y_prob unchanged.
simulated_for_plotting_only,完整 PGA-AMFormer,√,√,3,sim_4_3_136,0,0.2335189672375022,0,simulated_label_adjusted,Simulated plotting data only; y_pred adjusted to approximate target Precision/Recall/F1; y_prob unchanged.
simulated_for_plotting_only,完整 PGA-AMFormer,√,√,3,sim_4_3_137,0,0.5644120714888057,0,simulated_label_adjusted,Simulated plotting data only; y_pred adjusted to approximate target Precision/Recall/F1; y_prob unchanged.
simulated_for_plotting_only,完整 PGA-AMFormer,√,√,3,sim_4_3_138,0,0.4683796619903421,0,simulated_label_adjusted,Simulated plotting data only; y_pred adjusted to approximate target Precision/Recall/F1; y_prob unchanged.
simulated_for_plotting_only,完整 PGA-AMFormer,√,√,3,sim_4_3_139,0,0.3676182705100794,0,simulated_label_adjusted,Simulated plotting data only; y_pred adjusted to approximate target Precision/Recall/F1; y_prob unchanged.
simulated_for_plotting_only,完整 PGA-AMFormer,√,√,3,sim_4_3_140,0,0.5931536376819717,0,simulated_label_adjusted,Simulated plotting data only; y_pred adjusted to approximate target Precision/Recall/F1; y_prob unchanged.
simulated_for_plotting_only,完整 PGA-AMFormer,√,√,3,sim_4_3_141,0,0.2602365053155081,0,simulated_label_adjusted,Simulated plotting data only; y_pred adjusted to approximate target Precision/Recall/F1; y_prob unchanged.
simulated_for_plotting_only,完整 PGA-AMFormer,√,√,3,sim_4_3_142,0,0.429615325320033,0,simulated_label_adjusted,Simulated plotting data only; y_pred adjusted to approximate target Precision/Recall/F1; y_prob unchanged.
simulated_for_plotting_only,完整 PGA-AMFormer,√,√,3,sim_4_3_143,0,0.748061626066817,1,simulated_label_adjusted,Simulated plotting data only; y_pred adjusted to approximate target Precision/Recall/F1; y_prob unchanged.
simulated_for_plotting_only,完整 PGA-AMFormer,√,√,3,sim_4_3_144,1,0.9307831888418204,1,simulated_label_adjusted,Simulated plotting data only; y_pred adjusted to approximate target Precision/Recall/F1; y_prob unchanged.
simulated_for_plotting_only,完整 PGA-AMFormer,√,√,3,sim_4_3_145,1,0.796110561523959,1,simulated_label_adjusted,Simulated plotting data only; y_pred adjusted to approximate target Precision/Recall/F1; y_prob unchanged.
simulated_for_plotting_only,完整 PGA-AMFormer,√,√,3,sim_4_3_146,1,0.9105841312749984,1,simulated_label_adjusted,Simulated plotting data only; y_pred adjusted to approximate target Precision/Recall/F1; y_prob unchanged.
simulated_for_plotting_only,完整 PGA-AMFormer,√,√,3,sim_4_3_147,1,0.9766241942161892,1,simulated_label_adjusted,Simulated plotting data only; y_pred adjusted to approximate target Precision/Recall/F1; y_prob unchanged.
simulated_for_plotting_only,完整 PGA-AMFormer,√,√,3,sim_4_3_148,0,0.4687096327275765,0,simulated_label_adjusted,Simulated plotting data only; y_pred adjusted to approximate target Precision/Recall/F1; y_prob unchanged.
simulated_for_plotting_only,完整 PGA-AMFormer,√,√,3,sim_4_3_149,0,0.6570327403390616,0,simulated_label_adjusted,Simulated plotting data only; y_pred adjusted to approximate target Precision/Recall/F1; y_prob unchanged.
simulated_for_plotting_only,完整 PGA-AMFormer,√,√,3,sim_4_3_150,0,0.5045822973523226,0,simulated_label_adjusted,Simulated plotting data only; y_pred adjusted to approximate target Precision/Recall/F1; y_prob unchanged.
simulated_for_plotting_only,完整 PGA-AMFormer,√,√,3,sim_4_3_151,1,0.822636792467016,1,simulated_label_adjusted,Simulated plotting data only; y_pred adjusted to approximate target Precision/Recall/F1; y_prob unchanged.
simulated_for_plotting_only,完整 PGA-AMFormer,√,√,3,sim_4_3_152,0,0.1529569043713561,0,simulated_label_adjusted,Simulated plotting data only; y_pred adjusted to approximate target Precision/Recall/F1; y_prob unchanged.
simulated_for_plotting_only,完整 PGA-AMFormer,√,√,3,sim_4_3_153,0,0.821741847173852,1,simulated_label_adjusted,Simulated plotting data only; y_pred adjusted to approximate target Precision/Recall/F1; y_prob unchanged.
simulated_for_plotting_only,完整 PGA-AMFormer,√,√,3,sim_4_3_154,1,0.9715787278846838,1,simulated_label_adjusted,Simulated plotting data only; y_pred adjusted to approximate target Precision/Recall/F1; y_prob unchanged.
simulated_for_plotting_only,完整 PGA-AMFormer,√,√,3,sim_4_3_155,0,0.7460616709034054,1,simulated_label_adjusted,Simulated plotting data only; y_pred adjusted to approximate target Precision/Recall/F1; y_prob unchanged.
simulated_for_plotting_only,完整 PGA-AMFormer,√,√,3,sim_4_3_156,1,0.9430780082138136,1,simulated_label_adjusted,Simulated plotting data only; y_pred adjusted to approximate target Precision/Recall/F1; y_prob unchanged.
simulated_for_plotting_only,完整 PGA-AMFormer,√,√,3,sim_4_3_157,1,0.6646432441585045,1,simulated_label_adjusted,Simulated plotting data only; y_pred adjusted to approximate target Precision/Recall/F1; y_prob unchanged.
simulated_for_plotting_only,完整 PGA-AMFormer,√,√,3,sim_4_3_158,0,0.6940166504388333,0,simulated_label_adjusted,Simulated plotting data only; y_pred adjusted to approximate target Precision/Recall/F1; y_prob unchanged.
simulated_for_plotting_only,完整 PGA-AMFormer,√,√,3,sim_4_3_159,1,0.9453321432720954,1,simulated_label_adjusted,Simulated plotting data only; y_pred adjusted to approximate target Precision/Recall/F1; y_prob unchanged.
simulated_for_plotting_only,完整 PGA-AMFormer,√,√,3,sim_4_3_160,0,0.7621770436590687,1,simulated_label_adjusted,Simulated plotting data only; y_pred adjusted to approximate target Precision/Recall/F1; y_prob unchanged.
simulated_for_plotting_only,完整 PGA-AMFormer,√,√,3,sim_4_3_161,1,0.8814644603314074,1,simulated_label_adjusted,Simulated plotting data only; y_pred adjusted to approximate target Precision/Recall/F1; y_prob unchanged.
simulated_for_plotting_only,完整 PGA-AMFormer,√,√,3,sim_4_3_162,0,0.2377806863980419,0,simulated_label_adjusted,Simulated plotting data only; y_pred adjusted to approximate target Precision/Recall/F1; y_prob unchanged.
simulated_for_plotting_only,完整 PGA-AMFormer,√,√,3,sim_4_3_163,0,0.4508898270796688,0,simulated_label_adjusted,Simulated plotting data only; y_pred adjusted to approximate target Precision/Recall/F1; y_prob unchanged.
simulated_for_plotting_only,完整 PGA-AMFormer,√,√,3,sim_4_3_164,0,0.8150077652909536,1,simulated_label_adjusted,Simulated plotting data only; y_pred adjusted to approximate target Precision/Recall/F1; y_prob unchanged.
simulated_for_plotting_only,完整 PGA-AMFormer,√,√,3,sim_4_3_165,0,0.4074044852481876,0,simulated_label_adjusted,Simulated plotting data only; y_pred adjusted to approximate target Precision/Recall/F1; y_prob unchanged.
simulated_for_plotting_only,完整 PGA-AMFormer,√,√,3,sim_4_3_166,0,0.5671997059197721,0,simulated_label_adjusted,Simulated plotting data only; y_pred adjusted to approximate target Precision/Recall/F1; y_prob unchanged.
simulated_for_plotting_only,完整 PGA-AMFormer,√,√,3,sim_4_3_167,0,0.4382904764203779,0,simulated_label_adjusted,Simulated plotting data only; y_pred adjusted to approximate target Precision/Recall/F1; y_prob unchanged.
simulated_for_plotting_only,完整 PGA-AMFormer,√,√,3,sim_4_3_168,0,0.6615387168566467,0,simulated_label_adjusted,Simulated plotting data only; y_pred adjusted to approximate target Precision/Recall/F1; y_prob unchanged.
simulated_for_plotting_only,完整 PGA-AMFormer,√,√,3,sim_4_3_169,0,0.3147788973234857,0,simulated_label_adjusted,Simulated plotting data only; y_pred adjusted to approximate target Precision/Recall/F1; y_prob unchanged.
simulated_for_plotting_only,完整 PGA-AMFormer,√,√,3,sim_4_3_170,0,0.8568284278190421,1,simulated_label_adjusted,Simulated plotting data only; y_pred adjusted to approximate target Precision/Recall/F1; y_prob unchanged.
simulated_for_plotting_only,完整 PGA-AMFormer,√,√,3,sim_4_3_171,1,0.9496274196449654,1,simulated_label_adjusted,Simulated plotting data only; y_pred adjusted to approximate target Precision/Recall/F1; y_prob unchanged.
simulated_for_plotting_only,完整 PGA-AMFormer,√,√,3,sim_4_3_172,0,0.3541006011939127,0,simulated_label_adjusted,Simulated plotting data only; y_pred adjusted to approximate target Precision/Recall/F1; y_prob unchanged.
simulated_for_plotting_only,完整 PGA-AMFormer,√,√,3,sim_4_3_173,0,0.1612304888820404,0,simulated_label_adjusted,Simulated plotting data only; y_pred adjusted to approximate target Precision/Recall/F1; y_prob unchanged.
simulated_for_plotting_only,完整 PGA-AMFormer,√,√,3,sim_4_3_174,0,0.5831105863539022,0,simulated_label_adjusted,Simulated plotting data only; y_pred adjusted to approximate target Precision/Recall/F1; y_prob unchanged.
simulated_for_plotting_only,完整 PGA-AMFormer,√,√,3,sim_4_3_175,1,0.5760038517878343,1,simulated_label_adjusted,Simulated plotting data only; y_pred adjusted to approximate target Precision/Recall/F1; y_prob unchanged.
simulated_for_plotting_only,完整 PGA-AMFormer,√,√,3,sim_4_3_176,0,0.3981641063374215,0,simulated_label_adjusted,Simulated plotting data only; y_pred adjusted to approximate target Precision/Recall/F1; y_prob unchanged.
simulated_for_plotting_only,完整 PGA-AMFormer,√,√,3,sim_4_3_177,0,0.1064003495695048,0,simulated_label_adjusted,Simulated plotting data only; y_pred adjusted to approximate target Precision/Recall/F1; y_prob unchanged.
simulated_for_plotting_only,完整 PGA-AMFormer,√,√,3,sim_4_3_178,1,0.96613349863797,1,simulated_label_adjusted,Simulated plotting data only; y_pred adjusted to approximate target Precision/Recall/F1; y_prob unchanged.
simulated_for_plotting_only,完整 PGA-AMFormer,√,√,3,sim_4_3_179,0,0.5089913395586448,0,simulated_label_adjusted,Simulated plotting data only; y_pred adjusted to approximate target Precision/Recall/F1; y_prob unchanged.
simulated_for_plotting_only,完整 PGA-AMFormer,√,√,3,sim_4_3_180,0,0.3082059529188427,0,simulated_label_adjusted,Simulated plotting data only; y_pred adjusted to approximate target Precision/Recall/F1; y_prob unchanged.
simulated_for_plotting_only,完整 PGA-AMFormer,√,√,3,sim_4_3_181,1,0.9234877828359452,1,simulated_label_adjusted,Simulated plotting data only; y_pred adjusted to approximate target Precision/Recall/F1; y_prob unchanged.
simulated_for_plotting_only,完整 PGA-AMFormer,√,√,3,sim_4_3_182,0,0.333659105513131,0,simulated_label_adjusted,Simulated plotting data only; y_pred adjusted to approximate target Precision/Recall/F1; y_prob unchanged.
simulated_for_plotting_only,完整 PGA-AMFormer,√,√,3,sim_4_3_183,1,0.4148253558849671,0,simulated_label_adjusted,Simulated plotting data only; y_pred adjusted to approximate target Precision/Recall/F1; y_prob unchanged.
simulated_for_plotting_only,完整 PGA-AMFormer,√,√,4,sim_4_4_001,0,0.3685477117321502,0,simulated_label_adjusted,Simulated plotting data only; y_pred adjusted to approximate target Precision/Recall/F1; y_prob unchanged.
simulated_for_plotting_only,完整 PGA-AMFormer,√,√,4,sim_4_4_002,0,0.3751296639784797,0,simulated_label_adjusted,Simulated plotting data only; y_pred adjusted to approximate target Precision/Recall/F1; y_prob unchanged.
simulated_for_plotting_only,完整 PGA-AMFormer,√,√,4,sim_4_4_003,0,0.7515579540432382,1,simulated_label_adjusted,Simulated plotting data only; y_pred adjusted to approximate target Precision/Recall/F1; y_prob unchanged.
simulated_for_plotting_only,完整 PGA-AMFormer,√,√,4,sim_4_4_004,1,0.9714232562240608,1,simulated_label_adjusted,Simulated plotting data only; y_pred adjusted to approximate target Precision/Recall/F1; y_prob unchanged.
simulated_for_plotting_only,完整 PGA-AMFormer,√,√,4,sim_4_4_005,0,0.1600230068217088,0,simulated_label_adjusted,Simulated plotting data only; y_pred adjusted to approximate target Precision/Recall/F1; y_prob unchanged.
simulated_for_plotting_only,完整 PGA-AMFormer,√,√,4,sim_4_4_006,0,0.2662470225062276,0,simulated_label_adjusted,Simulated plotting data only; y_pred adjusted to approximate target Precision/Recall/F1; y_prob unchanged.
simulated_for_plotting_only,完整 PGA-AMFormer,√,√,4,sim_4_4_007,0,0.5870509542740749,0,simulated_label_adjusted,Simulated plotting data only; y_pred adjusted to approximate target Precision/Recall/F1; y_prob unchanged.
simulated_for_plotting_only,完整 PGA-AMFormer,√,√,4,sim_4_4_008,1,0.7967060125821193,1,simulated_label_adjusted,Simulated plotting data only; y_pred adjusted to approximate target Precision/Recall/F1; y_prob unchanged.
simulated_for_plotting_only,完整 PGA-AMFormer,√,√,4,sim_4_4_009,0,0.0917740700402865,0,simulated_label_adjusted,Simulated plotting data only; y_pred adjusted to approximate target Precision/Recall/F1; y_prob unchanged.
simulated_for_plotting_only,完整 PGA-AMFormer,√,√,4,sim_4_4_010,0,0.2232409652186696,0,simulated_label_adjusted,Simulated plotting data only; y_pred adjusted to approximate target Precision/Recall/F1; y_prob unchanged.
simulated_for_plotting_only,完整 PGA-AMFormer,√,√,4,sim_4_4_011,0,0.7530427696047818,1,simulated_label_adjusted,Simulated plotting data only; y_pred adjusted to approximate target Precision/Recall/F1; y_prob unchanged.
simulated_for_plotting_only,完整 PGA-AMFormer,√,√,4,sim_4_4_012,0,0.0895081141644322,0,simulated_label_adjusted,Simulated plotting data only; y_pred adjusted to approximate target Precision/Recall/F1; y_prob unchanged.
simulated_for_plotting_only,完整 PGA-AMFormer,√,√,4,sim_4_4_013,1,0.9709267761300602,1,simulated_label_adjusted,Simulated plotting data only; y_pred adjusted to approximate target Precision/Recall/F1; y_prob unchanged.
simulated_for_plotting_only,完整 PGA-AMFormer,√,√,4,sim_4_4_014,0,0.4456959874417333,0,simulated_label_adjusted,Simulated plotting data only; y_pred adjusted to approximate target Precision/Recall/F1; y_prob unchanged.
simulated_for_plotting_only,完整 PGA-AMFormer,√,√,4,sim_4_4_015,1,0.9064253042650394,1,simulated_label_adjusted,Simulated plotting data only; y_pred adjusted to approximate target Precision/Recall/F1; y_prob unchanged.
simulated_for_plotting_only,完整 PGA-AMFormer,√,√,4,sim_4_4_016,1,0.7495280490063257,1,simulated_label_adjusted,Simulated plotting data only; y_pred adjusted to approximate target Precision/Recall/F1; y_prob unchanged.
simulated_for_plotting_only,完整 PGA-AMFormer,√,√,4,sim_4_4_017,1,0.8596287805476469,1,simulated_label_adjusted,Simulated plotting data only; y_pred adjusted to approximate target Precision/Recall/F1; y_prob unchanged.
simulated_for_plotting_only,完整 PGA-AMFormer,√,√,4,sim_4_4_018,0,0.7644821353714951,1,simulated_label_adjusted,Simulated plotting data only; y_pred adjusted to approximate target Precision/Recall/F1; y_prob unchanged.
simulated_for_plotting_only,完整 PGA-AMFormer,√,√,4,sim_4_4_019,0,0.2868352565123794,0,simulated_label_adjusted,Simulated plotting data only; y_pred adjusted to approximate target Precision/Recall/F1; y_prob unchanged.
simulated_for_plotting_only,完整 PGA-AMFormer,√,√,4,sim_4_4_020,1,0.7865110811351937,1,simulated_label_adjusted,Simulated plotting data only; y_pred adjusted to approximate target Precision/Recall/F1; y_prob unchanged.
simulated_for_plotting_only,完整 PGA-AMFormer,√,√,4,sim_4_4_021,0,0.5522501706769928,0,simulated_label_adjusted,Simulated plotting data only; y_pred adjusted to approximate target Precision/Recall/F1; y_prob unchanged.
simulated_for_plotting_only,完整 PGA-AMFormer,√,√,4,sim_4_4_022,0,0.488441410353396,0,simulated_label_adjusted,Simulated plotting data only; y_pred adjusted to approximate target Precision/Recall/F1; y_prob unchanged.
simulated_for_plotting_only,完整 PGA-AMFormer,√,√,4,sim_4_4_023,1,0.9681208003944208,1,simulated_label_adjusted,Simulated plotting data only; y_pred adjusted to approximate target Precision/Recall/F1; y_prob unchanged.
simulated_for_plotting_only,完整 PGA-AMFormer,√,√,4,sim_4_4_024,0,0.32195947411338,0,simulated_label_adjusted,Simulated plotting data only; y_pred adjusted to approximate target Precision/Recall/F1; y_prob unchanged.
simulated_for_plotting_only,完整 PGA-AMFormer,√,√,4,sim_4_4_025,1,0.952727768082758,1,simulated_label_adjusted,Simulated plotting data only; y_pred adjusted to approximate target Precision/Recall/F1; y_prob unchanged.
simulated_for_plotting_only,完整 PGA-AMFormer,√,√,4,sim_4_4_026,1,0.569641896621505,1,simulated_label_adjusted,Simulated plotting data only; y_pred adjusted to approximate target Precision/Recall/F1; y_prob unchanged.
simulated_for_plotting_only,完整 PGA-AMFormer,√,√,4,sim_4_4_027,1,0.9549059792317957,1,simulated_label_adjusted,Simulated plotting data only; y_pred adjusted to approximate target Precision/Recall/F1; y_prob unchanged.
simulated_for_plotting_only,完整 PGA-AMFormer,√,√,4,sim_4_4_028,1,0.7887321546435477,1,simulated_label_adjusted,Simulated plotting data only; y_pred adjusted to approximate target Precision/Recall/F1; y_prob unchanged.
simulated_for_plotting_only,完整 PGA-AMFormer,√,√,4,sim_4_4_029,0,0.4214477344524836,0,simulated_label_adjusted,Simulated plotting data only; y_pred adjusted to approximate target Precision/Recall/F1; y_prob unchanged.
simulated_for_plotting_only,完整 PGA-AMFormer,√,√,4,sim_4_4_030,0,0.5303914423458155,0,simulated_label_adjusted,Simulated plotting data only; y_pred adjusted to approximate target Precision/Recall/F1; y_prob unchanged.
simulated_for_plotting_only,完整 PGA-AMFormer,√,√,4,sim_4_4_031,0,0.6834419963860915,1,simulated_label_adjusted,Simulated plotting data only; y_pred adjusted to approximate target Precision/Recall/F1; y_prob unchanged.
simulated_for_plotting_only,完整 PGA-AMFormer,√,√,4,sim_4_4_032,1,0.7062383913161008,1,simulated_label_adjusted,Simulated plotting data only; y_pred adjusted to approximate target Precision/Recall/F1; y_prob unchanged.
simulated_for_plotting_only,完整 PGA-AMFormer,√,√,4,sim_4_4_033,0,0.7049463041630524,1,simulated_label_adjusted,Simulated plotting data only; y_pred adjusted to approximate target Precision/Recall/F1; y_prob unchanged.
simulated_for_plotting_only,完整 PGA-AMFormer,√,√,4,sim_4_4_034,0,0.3851576114233846,0,simulated_label_adjusted,Simulated plotting data only; y_pred adjusted to approximate target Precision/Recall/F1; y_prob unchanged.
simulated_for_plotting_only,完整 PGA-AMFormer,√,√,4,sim_4_4_035,1,0.6770215179102039,1,simulated_label_adjusted,Simulated plotting data only; y_pred adjusted to approximate target Precision/Recall/F1; y_prob unchanged.
simulated_for_plotting_only,完整 PGA-AMFormer,√,√,4,sim_4_4_036,0,0.3685805630147362,0,simulated_label_adjusted,Simulated plotting data only; y_pred adjusted to approximate target Precision/Recall/F1; y_prob unchanged.
simulated_for_plotting_only,完整 PGA-AMFormer,√,√,4,sim_4_4_037,1,0.887351556797592,1,simulated_label_adjusted,Simulated plotting data only; y_pred adjusted to approximate target Precision/Recall/F1; y_prob unchanged.
simulated_for_plotting_only,完整 PGA-AMFormer,√,√,4,sim_4_4_038,0,0.4051126981311453,0,simulated_label_adjusted,Simulated plotting data only; y_pred adjusted to approximate target Precision/Recall/F1; y_prob unchanged.
simulated_for_plotting_only,完整 PGA-AMFormer,√,√,4,sim_4_4_039,1,0.9130620658814994,1,simulated_label_adjusted,Simulated plotting data only; y_pred adjusted to approximate target Precision/Recall/F1; y_prob unchanged.
simulated_for_plotting_only,完整 PGA-AMFormer,√,√,4,sim_4_4_040,1,0.8711696271826845,1,simulated_label_adjusted,Simulated plotting data only; y_pred adjusted to approximate target Precision/Recall/F1; y_prob unchanged.
simulated_for_plotting_only,完整 PGA-AMFormer,√,√,4,sim_4_4_041,0,0.5351902748391748,0,simulated_label_adjusted,Simulated plotting data only; y_pred adjusted to approximate target Precision/Recall/F1; y_prob unchanged.
simulated_for_plotting_only,完整 PGA-AMFormer,√,√,4,sim_4_4_042,0,0.7447086760155714,1,simulated_label_adjusted,Simulated plotting data only; y_pred adjusted to approximate target Precision/Recall/F1; y_prob unchanged.
simulated_for_plotting_only,完整 PGA-AMFormer,√,√,4,sim_4_4_043,0,0.3791828373519075,0,simulated_label_adjusted,Simulated plotting data only; y_pred adjusted to approximate target Precision/Recall/F1; y_prob unchanged.
simulated_for_plotting_only,完整 PGA-AMFormer,√,√,4,sim_4_4_044,1,0.9287516470449824,1,simulated_label_adjusted,Simulated plotting data only; y_pred adjusted to approximate target Precision/Recall/F1; y_prob unchanged.
simulated_for_plotting_only,完整 PGA-AMFormer,√,√,4,sim_4_4_045,1,0.67633530297506,1,simulated_label_adjusted,Simulated plotting data only; y_pred adjusted to approximate target Precision/Recall/F1; y_prob unchanged.
simulated_for_plotting_only,完整 PGA-AMFormer,√,√,4,sim_4_4_046,0,0.6514918404653183,0,simulated_label_adjusted,Simulated plotting data only; y_pred adjusted to approximate target Precision/Recall/F1; y_prob unchanged.
simulated_for_plotting_only,完整 PGA-AMFormer,√,√,4,sim_4_4_047,0,0.6375484620733974,0,simulated_label_adjusted,Simulated plotting data only; y_pred adjusted to approximate target Precision/Recall/F1; y_prob unchanged.
simulated_for_plotting_only,完整 PGA-AMFormer,√,√,4,sim_4_4_048,0,0.1484697858354916,0,simulated_label_adjusted,Simulated plotting data only; y_pred adjusted to approximate target Precision/Recall/F1; y_prob unchanged.
simulated_for_plotting_only,完整 PGA-AMFormer,√,√,4,sim_4_4_049,0,0.441609987989142,0,simulated_label_adjusted,Simulated plotting data only; y_pred adjusted to approximate target Precision/Recall/F1; y_prob unchanged.
simulated_for_plotting_only,完整 PGA-AMFormer,√,√,4,sim_4_4_050,0,0.171838756744077,0,simulated_label_adjusted,Simulated plotting data only; y_pred adjusted to approximate target Precision/Recall/F1; y_prob unchanged.
simulated_for_plotting_only,完整 PGA-AMFormer,√,√,4,sim_4_4_051,0,0.6169760212239983,0,simulated_label_adjusted,Simulated plotting data only; y_pred adjusted to approximate target Precision/Recall/F1; y_prob unchanged.
simulated_for_plotting_only,完整 PGA-AMFormer,√,√,4,sim_4_4_052,0,0.3550507306206196,0,simulated_label_adjusted,Simulated plotting data only; y_pred adjusted to approximate target Precision/Recall/F1; y_prob unchanged.
simulated_for_plotting_only,完整 PGA-AMFormer,√,√,4,sim_4_4_053,0,0.2113356933666543,0,simulated_label_adjusted,Simulated plotting data only; y_pred adjusted to approximate target Precision/Recall/F1; y_prob unchanged.
simulated_for_plotting_only,完整 PGA-AMFormer,√,√,4,sim_4_4_054,1,0.9036645771128778,1,simulated_label_adjusted,Simulated plotting data only; y_pred adjusted to approximate target Precision/Recall/F1; y_prob unchanged.
simulated_for_plotting_only,完整 PGA-AMFormer,√,√,4,sim_4_4_055,0,0.4058130023965401,0,simulated_label_adjusted,Simulated plotting data only; y_pred adjusted to approximate target Precision/Recall/F1; y_prob unchanged.
simulated_for_plotting_only,完整 PGA-AMFormer,√,√,4,sim_4_4_056,0,0.7921775884613838,1,simulated_label_adjusted,Simulated plotting data only; y_pred adjusted to approximate target Precision/Recall/F1; y_prob unchanged.
simulated_for_plotting_only,完整 PGA-AMFormer,√,√,4,sim_4_4_057,0,0.7810091770969722,1,simulated_label_adjusted,Simulated plotting data only; y_pred adjusted to approximate target Precision/Recall/F1; y_prob unchanged.
simulated_for_plotting_only,完整 PGA-AMFormer,√,√,4,sim_4_4_058,1,0.9438376358971744,1,simulated_label_adjusted,Simulated plotting data only; y_pred adjusted to approximate target Precision/Recall/F1; y_prob unchanged.
simulated_for_plotting_only,完整 PGA-AMFormer,√,√,4,sim_4_4_059,0,0.6594300487055286,0,simulated_label_adjusted,Simulated plotting data only; y_pred adjusted to approximate target Precision/Recall/F1; y_prob unchanged.
simulated_for_plotting_only,完整 PGA-AMFormer,√,√,4,sim_4_4_060,1,0.9152283357151748,1,simulated_label_adjusted,Simulated plotting data only; y_pred adjusted to approximate target Precision/Recall/F1; y_prob unchanged.
simulated_for_plotting_only,完整 PGA-AMFormer,√,√,4,sim_4_4_061,0,0.228348288714933,0,simulated_label_adjusted,Simulated plotting data only; y_pred adjusted to approximate target Precision/Recall/F1; y_prob unchanged.
simulated_for_plotting_only,完整 PGA-AMFormer,√,√,4,sim_4_4_062,0,0.4137632379074669,0,simulated_label_adjusted,Simulated plotting data only; y_pred adjusted to approximate target Precision/Recall/F1; y_prob unchanged.
simulated_for_plotting_only,完整 PGA-AMFormer,√,√,4,sim_4_4_063,0,0.3966649016670118,0,simulated_label_adjusted,Simulated plotting data only; y_pred adjusted to approximate target Precision/Recall/F1; y_prob unchanged.
simulated_for_plotting_only,完整 PGA-AMFormer,√,√,4,sim_4_4_064,0,0.468325234435182,0,simulated_label_adjusted,Simulated plotting data only; y_pred adjusted to approximate target Precision/Recall/F1; y_prob unchanged.
simulated_for_plotting_only,完整 PGA-AMFormer,√,√,4,sim_4_4_065,0,0.5320986926860408,0,simulated_label_adjusted,Simulated plotting data only; y_pred adjusted to approximate target Precision/Recall/F1; y_prob unchanged.
simulated_for_plotting_only,完整 PGA-AMFormer,√,√,4,sim_4_4_066,1,0.8340160860806475,1,simulated_label_adjusted,Simulated plotting data only; y_pred adjusted to approximate target Precision/Recall/F1; y_prob unchanged.
simulated_for_plotting_only,完整 PGA-AMFormer,√,√,4,sim_4_4_067,0,0.7443640258115696,1,simulated_label_adjusted,Simulated plotting data only; y_pred adjusted to approximate target Precision/Recall/F1; y_prob unchanged.
simulated_for_plotting_only,完整 PGA-AMFormer,√,√,4,sim_4_4_068,0,0.5140778847549692,0,simulated_label_adjusted,Simulated plotting data only; y_pred adjusted to approximate target Precision/Recall/F1; y_prob unchanged.
simulated_for_plotting_only,完整 PGA-AMFormer,√,√,4,sim_4_4_069,1,0.9114155937620156,1,simulated_label_adjusted,Simulated plotting data only; y_pred adjusted to approximate target Precision/Recall/F1; y_prob unchanged.
simulated_for_plotting_only,完整 PGA-AMFormer,√,√,4,sim_4_4_070,0,0.6988840698997769,1,simulated_label_adjusted,Simulated plotting data only; y_pred adjusted to approximate target Precision/Recall/F1; y_prob unchanged.
simulated_for_plotting_only,完整 PGA-AMFormer,√,√,4,sim_4_4_071,0,0.6744606594725104,1,simulated_label_adjusted,Simulated plotting data only; y_pred adjusted to approximate target Precision/Recall/F1; y_prob unchanged.
simulated_for_plotting_only,完整 PGA-AMFormer,√,√,4,sim_4_4_072,1,0.7885016848154663,1,simulated_label_adjusted,Simulated plotting data only; y_pred adjusted to approximate target Precision/Recall/F1; y_prob unchanged.
simulated_for_plotting_only,完整 PGA-AMFormer,√,√,4,sim_4_4_073,1,0.8080378134378282,1,simulated_label_adjusted,Simulated plotting data only; y_pred adjusted to approximate target Precision/Recall/F1; y_prob unchanged.
simulated_for_plotting_only,完整 PGA-AMFormer,√,√,4,sim_4_4_074,1,0.9539580938968056,1,simulated_label_adjusted,Simulated plotting data only; y_pred adjusted to approximate target Precision/Recall/F1; y_prob unchanged.
simulated_for_plotting_only,完整 PGA-AMFormer,√,√,4,sim_4_4_075,0,0.7435013916648539,1,simulated_label_adjusted,Simulated plotting data only; y_pred adjusted to approximate target Precision/Recall/F1; y_prob unchanged.
simulated_for_plotting_only,完整 PGA-AMFormer,√,√,4,sim_4_4_076,0,0.7810316622214637,1,simulated_label_adjusted,Simulated plotting data only; y_pred adjusted to approximate target Precision/Recall/F1; y_prob unchanged.
simulated_for_plotting_only,完整 PGA-AMFormer,√,√,4,sim_4_4_077,0,0.5502840654240204,0,simulated_label_adjusted,Simulated plotting data only; y_pred adjusted to approximate target Precision/Recall/F1; y_prob unchanged.
simulated_for_plotting_only,完整 PGA-AMFormer,√,√,4,sim_4_4_078,0,0.8291832166604062,1,simulated_label_adjusted,Simulated plotting data only; y_pred adjusted to approximate target Precision/Recall/F1; y_prob unchanged.
simulated_for_plotting_only,完整 PGA-AMFormer,√,√,4,sim_4_4_079,0,0.6813225080908272,1,simulated_label_adjusted,Simulated plotting data only; y_pred adjusted to approximate target Precision/Recall/F1; y_prob unchanged.
simulated_for_plotting_only,完整 PGA-AMFormer,√,√,4,sim_4_4_080,0,0.633676919049958,0,simulated_label_adjusted,Simulated plotting data only; y_pred adjusted to approximate target Precision/Recall/F1; y_prob unchanged.
simulated_for_plotting_only,完整 PGA-AMFormer,√,√,4,sim_4_4_081,0,0.55405781704715,0,simulated_label_adjusted,Simulated plotting data only; y_pred adjusted to approximate target Precision/Recall/F1; y_prob unchanged.
simulated_for_plotting_only,完整 PGA-AMFormer,√,√,4,sim_4_4_082,0,0.3980119551185448,0,simulated_label_adjusted,Simulated plotting data only; y_pred adjusted to approximate target Precision/Recall/F1; y_prob unchanged.
simulated_for_plotting_only,完整 PGA-AMFormer,√,√,4,sim_4_4_083,0,0.8536268957053347,1,simulated_label_adjusted,Simulated plotting data only; y_pred adjusted to approximate target Precision/Recall/F1; y_prob unchanged.
simulated_for_plotting_only,完整 PGA-AMFormer,√,√,4,sim_4_4_084,0,0.3273654960168587,0,simulated_label_adjusted,Simulated plotting data only; y_pred adjusted to approximate target Precision/Recall/F1; y_prob unchanged.
simulated_for_plotting_only,完整 PGA-AMFormer,√,√,4,sim_4_4_085,1,0.8881269295049421,1,simulated_label_adjusted,Simulated plotting data only; y_pred adjusted to approximate target Precision/Recall/F1; y_prob unchanged.
simulated_for_plotting_only,完整 PGA-AMFormer,√,√,4,sim_4_4_086,0,0.6752841042840885,1,simulated_label_adjusted,Simulated plotting data only; y_pred adjusted to approximate target Precision/Recall/F1; y_prob unchanged.
simulated_for_plotting_only,完整 PGA-AMFormer,√,√,4,sim_4_4_087,0,0.7056748461433761,1,simulated_label_adjusted,Simulated plotting data only; y_pred adjusted to approximate target Precision/Recall/F1; y_prob unchanged.
simulated_for_plotting_only,完整 PGA-AMFormer,√,√,4,sim_4_4_088,1,0.900032147415234,1,simulated_label_adjusted,Simulated plotting data only; y_pred adjusted to approximate target Precision/Recall/F1; y_prob unchanged.
simulated_for_plotting_only,完整 PGA-AMFormer,√,√,4,sim_4_4_089,0,0.5591357937738765,0,simulated_label_adjusted,Simulated plotting data only; y_pred adjusted to approximate target Precision/Recall/F1; y_prob unchanged.
simulated_for_plotting_only,完整 PGA-AMFormer,√,√,4,sim_4_4_090,0,0.338764605278587,0,simulated_label_adjusted,Simulated plotting data only; y_pred adjusted to approximate target Precision/Recall/F1; y_prob unchanged.
simulated_for_plotting_only,完整 PGA-AMFormer,√,√,4,sim_4_4_091,1,0.8056675598748161,1,simulated_label_adjusted,Simulated plotting data only; y_pred adjusted to approximate target Precision/Recall/F1; y_prob unchanged.
simulated_for_plotting_only,完整 PGA-AMFormer,√,√,4,sim_4_4_092,0,0.3850006615508384,0,simulated_label_adjusted,Simulated plotting data only; y_pred adjusted to approximate target Precision/Recall/F1; y_prob unchanged.
simulated_for_plotting_only,完整 PGA-AMFormer,√,√,4,sim_4_4_093,1,0.8839051982292612,1,simulated_label_adjusted,Simulated plotting data only; y_pred adjusted to approximate target Precision/Recall/F1; y_prob unchanged.
simulated_for_plotting_only,完整 PGA-AMFormer,√,√,4,sim_4_4_094,0,0.8193554211278051,1,simulated_label_adjusted,Simulated plotting data only; y_pred adjusted to approximate target Precision/Recall/F1; y_prob unchanged.
simulated_for_plotting_only,完整 PGA-AMFormer,√,√,4,sim_4_4_095,1,0.8746199285327025,1,simulated_label_adjusted,Simulated plotting data only; y_pred adjusted to approximate target Precision/Recall/F1; y_prob unchanged.
simulated_for_plotting_only,完整 PGA-AMFormer,√,√,4,sim_4_4_096,0,0.6079042716062911,0,simulated_label_adjusted,Simulated plotting data only; y_pred adjusted to approximate target Precision/Recall/F1; y_prob unchanged.
simulated_for_plotting_only,完整 PGA-AMFormer,√,√,4,sim_4_4_097,0,0.4376859251147734,0,simulated_label_adjusted,Simulated plotting data only; y_pred adjusted to approximate target Precision/Recall/F1; y_prob unchanged.
simulated_for_plotting_only,完整 PGA-AMFormer,√,√,4,sim_4_4_098,0,0.6626535729615327,0,simulated_label_adjusted,Simulated plotting data only; y_pred adjusted to approximate target Precision/Recall/F1; y_prob unchanged.
simulated_for_plotting_only,完整 PGA-AMFormer,√,√,4,sim_4_4_099,0,0.3087522747671853,0,simulated_label_adjusted,Simulated plotting data only; y_pred adjusted to approximate target Precision/Recall/F1; y_prob unchanged.
simulated_for_plotting_only,完整 PGA-AMFormer,√,√,4,sim_4_4_100,0,0.8796756069758361,1,simulated_label_adjusted,Simulated plotting data only; y_pred adjusted to approximate target Precision/Recall/F1; y_prob unchanged.
simulated_for_plotting_only,完整 PGA-AMFormer,√,√,4,sim_4_4_101,0,0.6634467942398549,0,simulated_label_adjusted,Simulated plotting data only; y_pred adjusted to approximate target Precision/Recall/F1; y_prob unchanged.
simulated_for_plotting_only,完整 PGA-AMFormer,√,√,4,sim_4_4_102,0,0.3739599739956598,0,simulated_label_adjusted,Simulated plotting data only; y_pred adjusted to approximate target Precision/Recall/F1; y_prob unchanged.
simulated_for_plotting_only,完整 PGA-AMFormer,√,√,4,sim_4_4_103,0,0.4940127216954956,0,simulated_label_adjusted,Simulated plotting data only; y_pred adjusted to approximate target Precision/Recall/F1; y_prob unchanged.
simulated_for_plotting_only,完整 PGA-AMFormer,√,√,4,sim_4_4_104,0,0.4831373036933958,0,simulated_label_adjusted,Simulated plotting data only; y_pred adjusted to approximate target Precision/Recall/F1; y_prob unchanged.
simulated_for_plotting_only,完整 PGA-AMFormer,√,√,4,sim_4_4_105,1,0.9610934169481508,1,simulated_label_adjusted,Simulated plotting data only; y_pred adjusted to approximate target Precision/Recall/F1; y_prob unchanged.
simulated_for_plotting_only,完整 PGA-AMFormer,√,√,4,sim_4_4_106,1,0.7505733274959208,1,simulated_label_adjusted,Simulated plotting data only; y_pred adjusted to approximate target Precision/Recall/F1; y_prob unchanged.
simulated_for_plotting_only,完整 PGA-AMFormer,√,√,4,sim_4_4_107,0,0.3381149708292946,0,simulated_label_adjusted,Simulated plotting data only; y_pred adjusted to approximate target Precision/Recall/F1; y_prob unchanged.
simulated_for_plotting_only,完整 PGA-AMFormer,√,√,4,sim_4_4_108,0,0.4066651156862633,0,simulated_label_adjusted,Simulated plotting data only; y_pred adjusted to approximate target Precision/Recall/F1; y_prob unchanged.
simulated_for_plotting_only,完整 PGA-AMFormer,√,√,4,sim_4_4_109,0,0.4293646533613601,0,simulated_label_adjusted,Simulated plotting data only; y_pred adjusted to approximate target Precision/Recall/F1; y_prob unchanged.
simulated_for_plotting_only,完整 PGA-AMFormer,√,√,4,sim_4_4_110,0,0.3165293596990655,0,simulated_label_adjusted,Simulated plotting data only; y_pred adjusted to approximate target Precision/Recall/F1; y_prob unchanged.
simulated_for_plotting_only,完整 PGA-AMFormer,√,√,4,sim_4_4_111,0,0.6859905376286773,1,simulated_label_adjusted,Simulated plotting data only; y_pred adjusted to approximate target Precision/Recall/F1; y_prob unchanged.
simulated_for_plotting_only,完整 PGA-AMFormer,√,√,4,sim_4_4_112,0,0.1310054788003961,0,simulated_label_adjusted,Simulated plotting data only; y_pred adjusted to approximate target Precision/Recall/F1; y_prob unchanged.
simulated_for_plotting_only,完整 PGA-AMFormer,√,√,4,sim_4_4_113,0,0.2355623417139042,0,simulated_label_adjusted,Simulated plotting data only; y_pred adjusted to approximate target Precision/Recall/F1; y_prob unchanged.
simulated_for_plotting_only,完整 PGA-AMFormer,√,√,4,sim_4_4_114,1,0.8598081445451622,1,simulated_label_adjusted,Simulated plotting data only; y_pred adjusted to approximate target Precision/Recall/F1; y_prob unchanged.
simulated_for_plotting_only,完整 PGA-AMFormer,√,√,4,sim_4_4_115,0,0.6649090162670648,0,simulated_label_adjusted,Simulated plotting data only; y_pred adjusted to approximate target Precision/Recall/F1; y_prob unchanged.
simulated_for_plotting_only,完整 PGA-AMFormer,√,√,4,sim_4_4_116,1,0.6765272862436996,1,simulated_label_adjusted,Simulated plotting data only; y_pred adjusted to approximate target Precision/Recall/F1; y_prob unchanged.
simulated_for_plotting_only,完整 PGA-AMFormer,√,√,4,sim_4_4_117,0,0.1890506727014483,0,simulated_label_adjusted,Simulated plotting data only; y_pred adjusted to approximate target Precision/Recall/F1; y_prob unchanged.
simulated_for_plotting_only,完整 PGA-AMFormer,√,√,4,sim_4_4_118,0,0.3224229022920072,0,simulated_label_adjusted,Simulated plotting data only; y_pred adjusted to approximate target Precision/Recall/F1; y_prob unchanged.
simulated_for_plotting_only,完整 PGA-AMFormer,√,√,4,sim_4_4_119,1,0.9645502832330016,1,simulated_label_adjusted,Simulated plotting data only; y_pred adjusted to approximate target Precision/Recall/F1; y_prob unchanged.
simulated_for_plotting_only,完整 PGA-AMFormer,√,√,4,sim_4_4_120,0,0.1372383254125407,0,simulated_label_adjusted,Simulated plotting data only; y_pred adjusted to approximate target Precision/Recall/F1; y_prob unchanged.
simulated_for_plotting_only,完整 PGA-AMFormer,√,√,4,sim_4_4_121,0,0.6455360443985819,0,simulated_label_adjusted,Simulated plotting data only; y_pred adjusted to approximate target Precision/Recall/F1; y_prob unchanged.
simulated_for_plotting_only,完整 PGA-AMFormer,√,√,4,sim_4_4_122,0,0.433535588287035,0,simulated_label_adjusted,Simulated plotting data only; y_pred adjusted to approximate target Precision/Recall/F1; y_prob unchanged.
simulated_for_plotting_only,完整 PGA-AMFormer,√,√,4,sim_4_4_123,0,0.1004803616769264,0,simulated_label_adjusted,Simulated plotting data only; y_pred adjusted to approximate target Precision/Recall/F1; y_prob unchanged.
simulated_for_plotting_only,完整 PGA-AMFormer,√,√,4,sim_4_4_124,0,0.7507352830605185,1,simulated_label_adjusted,Simulated plotting data only; y_pred adjusted to approximate target Precision/Recall/F1; y_prob unchanged.
simulated_for_plotting_only,完整 PGA-AMFormer,√,√,4,sim_4_4_125,0,0.9050706714229853,1,simulated_label_adjusted,Simulated plotting data only; y_pred adjusted to approximate target Precision/Recall/F1; y_prob unchanged.
simulated_for_plotting_only,完整 PGA-AMFormer,√,√,4,sim_4_4_126,0,0.4959027246655744,0,simulated_label_adjusted,Simulated plotting data only; y_pred adjusted to approximate target Precision/Recall/F1; y_prob unchanged.
simulated_for_plotting_only,完整 PGA-AMFormer,√,√,4,sim_4_4_127,0,0.3303152442364752,0,simulated_label_adjusted,Simulated plotting data only; y_pred adjusted to approximate target Precision/Recall/F1; y_prob unchanged.
simulated_for_plotting_only,完整 PGA-AMFormer,√,√,4,sim_4_4_128,0,0.5904391226063086,0,simulated_label_adjusted,Simulated plotting data only; y_pred adjusted to approximate target Precision/Recall/F1; y_prob unchanged.
simulated_for_plotting_only,完整 PGA-AMFormer,√,√,4,sim_4_4_129,0,0.5307339456773013,0,simulated_label_adjusted,Simulated plotting data only; y_pred adjusted to approximate target Precision/Recall/F1; y_prob unchanged.
simulated_for_plotting_only,完整 PGA-AMFormer,√,√,4,sim_4_4_130,0,0.6534551696538783,0,simulated_label_adjusted,Simulated plotting data only; y_pred adjusted to approximate target Precision/Recall/F1; y_prob unchanged.
simulated_for_plotting_only,完整 PGA-AMFormer,√,√,4,sim_4_4_131,0,0.5382119753107154,0,simulated_label_adjusted,Simulated plotting data only; y_pred adjusted to approximate target Precision/Recall/F1; y_prob unchanged.
simulated_for_plotting_only,完整 PGA-AMFormer,√,√,4,sim_4_4_132,0,0.5352238673786937,0,simulated_label_adjusted,Simulated plotting data only; y_pred adjusted to approximate target Precision/Recall/F1; y_prob unchanged.
simulated_for_plotting_only,完整 PGA-AMFormer,√,√,4,sim_4_4_133,0,0.5996166707658563,0,simulated_label_adjusted,Simulated plotting data only; y_pred adjusted to approximate target Precision/Recall/F1; y_prob unchanged.
simulated_for_plotting_only,完整 PGA-AMFormer,√,√,4,sim_4_4_134,0,0.3354269632873826,0,simulated_label_adjusted,Simulated plotting data only; y_pred adjusted to approximate target Precision/Recall/F1; y_prob unchanged.
simulated_for_plotting_only,完整 PGA-AMFormer,√,√,4,sim_4_4_135,1,0.9595498551955056,1,simulated_label_adjusted,Simulated plotting data only; y_pred adjusted to approximate target Precision/Recall/F1; y_prob unchanged.
simulated_for_plotting_only,完整 PGA-AMFormer,√,√,4,sim_4_4_136,1,0.4910271009118985,0,simulated_label_adjusted,Simulated plotting data only; y_pred adjusted to approximate target Precision/Recall/F1; y_prob unchanged.
simulated_for_plotting_only,完整 PGA-AMFormer,√,√,4,sim_4_4_137,0,0.1212403677677633,0,simulated_label_adjusted,Simulated plotting data only; y_pred adjusted to approximate target Precision/Recall/F1; y_prob unchanged.
simulated_for_plotting_only,完整 PGA-AMFormer,√,√,4,sim_4_4_138,0,0.6264588583064682,0,simulated_label_adjusted,Simulated plotting data only; y_pred adjusted to approximate target Precision/Recall/F1; y_prob unchanged.
simulated_for_plotting_only,完整 PGA-AMFormer,√,√,4,sim_4_4_139,1,0.9562177541585292,1,simulated_label_adjusted,Simulated plotting data only; y_pred adjusted to approximate target Precision/Recall/F1; y_prob unchanged.
simulated_for_plotting_only,完整 PGA-AMFormer,√,√,4,sim_4_4_140,0,0.7814942355451571,1,simulated_label_adjusted,Simulated plotting data only; y_pred adjusted to approximate target Precision/Recall/F1; y_prob unchanged.
simulated_for_plotting_only,完整 PGA-AMFormer,√,√,4,sim_4_4_141,1,0.7519027212244361,1,simulated_label_adjusted,Simulated plotting data only; y_pred adjusted to approximate target Precision/Recall/F1; y_prob unchanged.
simulated_for_plotting_only,完整 PGA-AMFormer,√,√,4,sim_4_4_142,1,0.8487529590772277,1,simulated_label_adjusted,Simulated plotting data only; y_pred adjusted to approximate target Precision/Recall/F1; y_prob unchanged.
simulated_for_plotting_only,完整 PGA-AMFormer,√,√,4,sim_4_4_143,0,0.7909662195494441,1,simulated_label_adjusted,Simulated plotting data only; y_pred adjusted to approximate target Precision/Recall/F1; y_prob unchanged.
simulated_for_plotting_only,完整 PGA-AMFormer,√,√,4,sim_4_4_144,1,0.8697013014627609,1,simulated_label_adjusted,Simulated plotting data only; y_pred adjusted to approximate target Precision/Recall/F1; y_prob unchanged.
simulated_for_plotting_only,完整 PGA-AMFormer,√,√,4,sim_4_4_145,0,0.5478343414238228,0,simulated_label_adjusted,Simulated plotting data only; y_pred adjusted to approximate target Precision/Recall/F1; y_prob unchanged.
simulated_for_plotting_only,完整 PGA-AMFormer,√,√,4,sim_4_4_146,0,0.4601207422058065,0,simulated_label_adjusted,Simulated plotting data only; y_pred adjusted to approximate target Precision/Recall/F1; y_prob unchanged.
simulated_for_plotting_only,完整 PGA-AMFormer,√,√,4,sim_4_4_147,0,0.749667088468238,1,simulated_label_adjusted,Simulated plotting data only; y_pred adjusted to approximate target Precision/Recall/F1; y_prob unchanged.
simulated_for_plotting_only,完整 PGA-AMFormer,√,√,4,sim_4_4_148,0,0.6242832683287318,0,simulated_label_adjusted,Simulated plotting data only; y_pred adjusted to approximate target Precision/Recall/F1; y_prob unchanged.
simulated_for_plotting_only,完整 PGA-AMFormer,√,√,4,sim_4_4_149,0,0.3504618951318788,0,simulated_label_adjusted,Simulated plotting data only; y_pred adjusted to approximate target Precision/Recall/F1; y_prob unchanged.
simulated_for_plotting_only,完整 PGA-AMFormer,√,√,4,sim_4_4_150,0,0.4906426317735178,0,simulated_label_adjusted,Simulated plotting data only; y_pred adjusted to approximate target Precision/Recall/F1; y_prob unchanged.
simulated_for_plotting_only,完整 PGA-AMFormer,√,√,4,sim_4_4_151,0,0.1714007069744952,0,simulated_label_adjusted,Simulated plotting data only; y_pred adjusted to approximate target Precision/Recall/F1; y_prob unchanged.
simulated_for_plotting_only,完整 PGA-AMFormer,√,√,4,sim_4_4_152,0,0.3294076885006627,0,simulated_label_adjusted,Simulated plotting data only; y_pred adjusted to approximate target Precision/Recall/F1; y_prob unchanged.
simulated_for_plotting_only,完整 PGA-AMFormer,√,√,4,sim_4_4_153,0,0.1273120747857004,0,simulated_label_adjusted,Simulated plotting data only; y_pred adjusted to approximate target Precision/Recall/F1; y_prob unchanged.
simulated_for_plotting_only,完整 PGA-AMFormer,√,√,4,sim_4_4_154,0,0.9284961358956716,1,simulated_label_adjusted,Simulated plotting data only; y_pred adjusted to approximate target Precision/Recall/F1; y_prob unchanged.
simulated_for_plotting_only,完整 PGA-AMFormer,√,√,4,sim_4_4_155,1,0.9444426763791676,1,simulated_label_adjusted,Simulated plotting data only; y_pred adjusted to approximate target Precision/Recall/F1; y_prob unchanged.
simulated_for_plotting_only,完整 PGA-AMFormer,√,√,4,sim_4_4_156,0,0.2632308557745765,0,simulated_label_adjusted,Simulated plotting data only; y_pred adjusted to approximate target Precision/Recall/F1; y_prob unchanged.
simulated_for_plotting_only,完整 PGA-AMFormer,√,√,4,sim_4_4_157,1,0.6560874868369935,1,simulated_label_adjusted,Simulated plotting data only; y_pred adjusted to approximate target Precision/Recall/F1; y_prob unchanged.
simulated_for_plotting_only,完整 PGA-AMFormer,√,√,4,sim_4_4_158,0,0.3628281662757481,0,simulated_label_adjusted,Simulated plotting data only; y_pred adjusted to approximate target Precision/Recall/F1; y_prob unchanged.
simulated_for_plotting_only,完整 PGA-AMFormer,√,√,4,sim_4_4_159,1,0.9651219668653552,1,simulated_label_adjusted,Simulated plotting data only; y_pred adjusted to approximate target Precision/Recall/F1; y_prob unchanged.
simulated_for_plotting_only,完整 PGA-AMFormer,√,√,4,sim_4_4_160,1,0.5358915367329337,0,simulated_label_adjusted,Simulated plotting data only; y_pred adjusted to approximate target Precision/Recall/F1; y_prob unchanged.
simulated_for_plotting_only,完整 PGA-AMFormer,√,√,4,sim_4_4_161,1,0.7869637049238821,1,simulated_label_adjusted,Simulated plotting data only; y_pred adjusted to approximate target Precision/Recall/F1; y_prob unchanged.
simulated_for_plotting_only,完整 PGA-AMFormer,√,√,4,sim_4_4_162,1,0.874940153839208,1,simulated_label_adjusted,Simulated plotting data only; y_pred adjusted to approximate target Precision/Recall/F1; y_prob unchanged.
simulated_for_plotting_only,完整 PGA-AMFormer,√,√,4,sim_4_4_163,0,0.7966818273089424,1,simulated_label_adjusted,Simulated plotting data only; y_pred adjusted to approximate target Precision/Recall/F1; y_prob unchanged.
simulated_for_plotting_only,完整 PGA-AMFormer,√,√,4,sim_4_4_164,0,0.426172323868751,0,simulated_label_adjusted,Simulated plotting data only; y_pred adjusted to approximate target Precision/Recall/F1; y_prob unchanged.
simulated_for_plotting_only,完整 PGA-AMFormer,√,√,4,sim_4_4_165,0,0.4979631713860349,0,simulated_label_adjusted,Simulated plotting data only; y_pred adjusted to approximate target Precision/Recall/F1; y_prob unchanged.
simulated_for_plotting_only,完整 PGA-AMFormer,√,√,4,sim_4_4_166,0,0.6178763702890293,0,simulated_label_adjusted,Simulated plotting data only; y_pred adjusted to approximate target Precision/Recall/F1; y_prob unchanged.
simulated_for_plotting_only,完整 PGA-AMFormer,√,√,4,sim_4_4_167,0,0.2502262240064486,0,simulated_label_adjusted,Simulated plotting data only; y_pred adjusted to approximate target Precision/Recall/F1; y_prob unchanged.
simulated_for_plotting_only,完整 PGA-AMFormer,√,√,4,sim_4_4_168,0,0.8161355364847049,1,simulated_label_adjusted,Simulated plotting data only; y_pred adjusted to approximate target Precision/Recall/F1; y_prob unchanged.
simulated_for_plotting_only,完整 PGA-AMFormer,√,√,4,sim_4_4_169,0,0.8399409800696473,1,simulated_label_adjusted,Simulated plotting data only; y_pred adjusted to approximate target Precision/Recall/F1; y_prob unchanged.
simulated_for_plotting_only,完整 PGA-AMFormer,√,√,4,sim_4_4_170,0,0.5657928550110807,0,simulated_label_adjusted,Simulated plotting data only; y_pred adjusted to approximate target Precision/Recall/F1; y_prob unchanged.
simulated_for_plotting_only,完整 PGA-AMFormer,√,√,4,sim_4_4_171,0,0.3246741233426317,0,simulated_label_adjusted,Simulated plotting data only; y_pred adjusted to approximate target Precision/Recall/F1; y_prob unchanged.
simulated_for_plotting_only,完整 PGA-AMFormer,√,√,4,sim_4_4_172,0,0.5929575923129885,0,simulated_label_adjusted,Simulated plotting data only; y_pred adjusted to approximate target Precision/Recall/F1; y_prob unchanged.
simulated_for_plotting_only,完整 PGA-AMFormer,√,√,4,sim_4_4_173,0,0.7932511044381758,1,simulated_label_adjusted,Simulated plotting data only; y_pred adjusted to approximate target Precision/Recall/F1; y_prob unchanged.
simulated_for_plotting_only,完整 PGA-AMFormer,√,√,4,sim_4_4_174,0,0.7014446279339202,1,simulated_label_adjusted,Simulated plotting data only; y_pred adjusted to approximate target Precision/Recall/F1; y_prob unchanged.
simulated_for_plotting_only,完整 PGA-AMFormer,√,√,4,sim_4_4_175,0,0.9087686602111872,1,simulated_label_adjusted,Simulated plotting data only; y_pred adjusted to approximate target Precision/Recall/F1; y_prob unchanged.
simulated_for_plotting_only,完整 PGA-AMFormer,√,√,4,sim_4_4_176,1,0.853520662661196,1,simulated_label_adjusted,Simulated plotting data only; y_pred adjusted to approximate target Precision/Recall/F1; y_prob unchanged.
simulated_for_plotting_only,完整 PGA-AMFormer,√,√,4,sim_4_4_177,0,0.5704865555802964,0,simulated_label_adjusted,Simulated plotting data only; y_pred adjusted to approximate target Precision/Recall/F1; y_prob unchanged.
simulated_for_plotting_only,完整 PGA-AMFormer,√,√,4,sim_4_4_178,1,0.9020579985901712,1,simulated_label_adjusted,Simulated plotting data only; y_pred adjusted to approximate target Precision/Recall/F1; y_prob unchanged.
simulated_for_plotting_only,完整 PGA-AMFormer,√,√,4,sim_4_4_179,1,0.7773106002764125,1,simulated_label_adjusted,Simulated plotting data only; y_pred adjusted to approximate target Precision/Recall/F1; y_prob unchanged.
simulated_for_plotting_only,完整 PGA-AMFormer,√,√,4,sim_4_4_180,0,0.8010892500327812,1,simulated_label_adjusted,Simulated plotting data only; y_pred adjusted to approximate target Precision/Recall/F1; y_prob unchanged.
simulated_for_plotting_only,完整 PGA-AMFormer,√,√,4,sim_4_4_181,1,0.954064166386001,1,simulated_label_adjusted,Simulated plotting data only; y_pred adjusted to approximate target Precision/Recall/F1; y_prob unchanged.
simulated_for_plotting_only,完整 PGA-AMFormer,√,√,4,sim_4_4_182,0,0.442961197103572,0,simulated_label_adjusted,Simulated plotting data only; y_pred adjusted to approximate target Precision/Recall/F1; y_prob unchanged.
simulated_for_plotting_only,完整 PGA-AMFormer,√,√,4,sim_4_4_183,0,0.7479195872223595,1,simulated_label_adjusted,Simulated plotting data only; y_pred adjusted to approximate target Precision/Recall/F1; y_prob unchanged.
simulated_for_plotting_only,完整 PGA-AMFormer,√,√,5,sim_4_5_001,1,0.7902884838061396,1,simulated_label_adjusted,Simulated plotting data only; y_pred adjusted to approximate target Precision/Recall/F1; y_prob unchanged.
simulated_for_plotting_only,完整 PGA-AMFormer,√,√,5,sim_4_5_002,0,0.6491413114977557,0,simulated_label_adjusted,Simulated plotting data only; y_pred adjusted to approximate target Precision/Recall/F1; y_prob unchanged.
simulated_for_plotting_only,完整 PGA-AMFormer,√,√,5,sim_4_5_003,0,0.2383477600163123,0,simulated_label_adjusted,Simulated plotting data only; y_pred adjusted to approximate target Precision/Recall/F1; y_prob unchanged.
simulated_for_plotting_only,完整 PGA-AMFormer,√,√,5,sim_4_5_004,1,0.7623470411784983,1,simulated_label_adjusted,Simulated plotting data only; y_pred adjusted to approximate target Precision/Recall/F1; y_prob unchanged.
simulated_for_plotting_only,完整 PGA-AMFormer,√,√,5,sim_4_5_005,1,0.7671406173596995,1,simulated_label_adjusted,Simulated plotting data only; y_pred adjusted to approximate target Precision/Recall/F1; y_prob unchanged.
simulated_for_plotting_only,完整 PGA-AMFormer,√,√,5,sim_4_5_006,0,0.1801790740923582,0,simulated_label_adjusted,Simulated plotting data only; y_pred adjusted to approximate target Precision/Recall/F1; y_prob unchanged.
simulated_for_plotting_only,完整 PGA-AMFormer,√,√,5,sim_4_5_007,1,0.8982959965279842,1,simulated_label_adjusted,Simulated plotting data only; y_pred adjusted to approximate target Precision/Recall/F1; y_prob unchanged.
simulated_for_plotting_only,完整 PGA-AMFormer,√,√,5,sim_4_5_008,1,0.8346192694266248,1,simulated_label_adjusted,Simulated plotting data only; y_pred adjusted to approximate target Precision/Recall/F1; y_prob unchanged.
simulated_for_plotting_only,完整 PGA-AMFormer,√,√,5,sim_4_5_009,0,0.2074772426521946,0,simulated_label_adjusted,Simulated plotting data only; y_pred adjusted to approximate target Precision/Recall/F1; y_prob unchanged.
simulated_for_plotting_only,完整 PGA-AMFormer,√,√,5,sim_4_5_010,1,0.8559411198413042,1,simulated_label_adjusted,Simulated plotting data only; y_pred adjusted to approximate target Precision/Recall/F1; y_prob unchanged.
simulated_for_plotting_only,完整 PGA-AMFormer,√,√,5,sim_4_5_011,0,0.6431744812334788,0,simulated_label_adjusted,Simulated plotting data only; y_pred adjusted to approximate target Precision/Recall/F1; y_prob unchanged.
simulated_for_plotting_only,完整 PGA-AMFormer,√,√,5,sim_4_5_012,1,0.9331087843382188,1,simulated_label_adjusted,Simulated plotting data only; y_pred adjusted to approximate target Precision/Recall/F1; y_prob unchanged.
simulated_for_plotting_only,完整 PGA-AMFormer,√,√,5,sim_4_5_013,0,0.6185689329706473,0,simulated_label_adjusted,Simulated plotting data only; y_pred adjusted to approximate target Precision/Recall/F1; y_prob unchanged.
simulated_for_plotting_only,完整 PGA-AMFormer,√,√,5,sim_4_5_014,1,0.8918783940725331,1,simulated_label_adjusted,Simulated plotting data only; y_pred adjusted to approximate target Precision/Recall/F1; y_prob unchanged.
simulated_for_plotting_only,完整 PGA-AMFormer,√,√,5,sim_4_5_015,0,0.7148087907389792,0,simulated_label_adjusted,Simulated plotting data only; y_pred adjusted to approximate target Precision/Recall/F1; y_prob unchanged.
simulated_for_plotting_only,完整 PGA-AMFormer,√,√,5,sim_4_5_016,0,0.5208363222255117,0,simulated_label_adjusted,Simulated plotting data only; y_pred adjusted to approximate target Precision/Recall/F1; y_prob unchanged.
simulated_for_plotting_only,完整 PGA-AMFormer,√,√,5,sim_4_5_017,0,0.7884072639646933,1,simulated_label_adjusted,Simulated plotting data only; y_pred adjusted to approximate target Precision/Recall/F1; y_prob unchanged.
simulated_for_plotting_only,完整 PGA-AMFormer,√,√,5,sim_4_5_018,0,0.4828145714061986,0,simulated_label_adjusted,Simulated plotting data only; y_pred adjusted to approximate target Precision/Recall/F1; y_prob unchanged.
simulated_for_plotting_only,完整 PGA-AMFormer,√,√,5,sim_4_5_019,0,0.8185833555313474,1,simulated_label_adjusted,Simulated plotting data only; y_pred adjusted to approximate target Precision/Recall/F1; y_prob unchanged.
simulated_for_plotting_only,完整 PGA-AMFormer,√,√,5,sim_4_5_020,0,0.2301423736944103,0,simulated_label_adjusted,Simulated plotting data only; y_pred adjusted to approximate target Precision/Recall/F1; y_prob unchanged.
simulated_for_plotting_only,完整 PGA-AMFormer,√,√,5,sim_4_5_021,0,0.8024910452776958,1,simulated_label_adjusted,Simulated plotting data only; y_pred adjusted to approximate target Precision/Recall/F1; y_prob unchanged.
simulated_for_plotting_only,完整 PGA-AMFormer,√,√,5,sim_4_5_022,1,0.781297839028749,1,simulated_label_adjusted,Simulated plotting data only; y_pred adjusted to approximate target Precision/Recall/F1; y_prob unchanged.
simulated_for_plotting_only,完整 PGA-AMFormer,√,√,5,sim_4_5_023,1,0.9681225085851128,1,simulated_label_adjusted,Simulated plotting data only; y_pred adjusted to approximate target Precision/Recall/F1; y_prob unchanged.
simulated_for_plotting_only,完整 PGA-AMFormer,√,√,5,sim_4_5_024,1,0.6910059720337353,1,simulated_label_adjusted,Simulated plotting data only; y_pred adjusted to approximate target Precision/Recall/F1; y_prob unchanged.
simulated_for_plotting_only,完整 PGA-AMFormer,√,√,5,sim_4_5_025,1,0.9402821132240924,1,simulated_label_adjusted,Simulated plotting data only; y_pred adjusted to approximate target Precision/Recall/F1; y_prob unchanged.
simulated_for_plotting_only,完整 PGA-AMFormer,√,√,5,sim_4_5_026,1,0.7677557759366642,1,simulated_label_adjusted,Simulated plotting data only; y_pred adjusted to approximate target Precision/Recall/F1; y_prob unchanged.
simulated_for_plotting_only,完整 PGA-AMFormer,√,√,5,sim_4_5_027,0,0.3228075132261246,0,simulated_label_adjusted,Simulated plotting data only; y_pred adjusted to approximate target Precision/Recall/F1; y_prob unchanged.
simulated_for_plotting_only,完整 PGA-AMFormer,√,√,5,sim_4_5_028,0,0.3808272911338452,0,simulated_label_adjusted,Simulated plotting data only; y_pred adjusted to approximate target Precision/Recall/F1; y_prob unchanged.
simulated_for_plotting_only,完整 PGA-AMFormer,√,√,5,sim_4_5_029,0,0.5905366242650014,0,simulated_label_adjusted,Simulated plotting data only; y_pred adjusted to approximate target Precision/Recall/F1; y_prob unchanged.
simulated_for_plotting_only,完整 PGA-AMFormer,√,√,5,sim_4_5_030,0,0.3202651678730113,0,simulated_label_adjusted,Simulated plotting data only; y_pred adjusted to approximate target Precision/Recall/F1; y_prob unchanged.
simulated_for_plotting_only,完整 PGA-AMFormer,√,√,5,sim_4_5_031,0,0.7453393030753185,1,simulated_label_adjusted,Simulated plotting data only; y_pred adjusted to approximate target Precision/Recall/F1; y_prob unchanged.
simulated_for_plotting_only,完整 PGA-AMFormer,√,√,5,sim_4_5_032,0,0.8180105823633094,1,simulated_label_adjusted,Simulated plotting data only; y_pred adjusted to approximate target Precision/Recall/F1; y_prob unchanged.
simulated_for_plotting_only,完整 PGA-AMFormer,√,√,5,sim_4_5_033,0,0.3479118245904535,0,simulated_label_adjusted,Simulated plotting data only; y_pred adjusted to approximate target Precision/Recall/F1; y_prob unchanged.
simulated_for_plotting_only,完整 PGA-AMFormer,√,√,5,sim_4_5_034,0,0.2823696668970116,0,simulated_label_adjusted,Simulated plotting data only; y_pred adjusted to approximate target Precision/Recall/F1; y_prob unchanged.
simulated_for_plotting_only,完整 PGA-AMFormer,√,√,5,sim_4_5_035,0,0.649867289333208,0,simulated_label_adjusted,Simulated plotting data only; y_pred adjusted to approximate target Precision/Recall/F1; y_prob unchanged.
simulated_for_plotting_only,完整 PGA-AMFormer,√,√,5,sim_4_5_036,0,0.6578612276812582,0,simulated_label_adjusted,Simulated plotting data only; y_pred adjusted to approximate target Precision/Recall/F1; y_prob unchanged.
simulated_for_plotting_only,完整 PGA-AMFormer,√,√,5,sim_4_5_037,0,0.4510140383500208,0,simulated_label_adjusted,Simulated plotting data only; y_pred adjusted to approximate target Precision/Recall/F1; y_prob unchanged.
simulated_for_plotting_only,完整 PGA-AMFormer,√,√,5,sim_4_5_038,1,0.8372885325813878,1,simulated_label_adjusted,Simulated plotting data only; y_pred adjusted to approximate target Precision/Recall/F1; y_prob unchanged.
simulated_for_plotting_only,完整 PGA-AMFormer,√,√,5,sim_4_5_039,0,0.3543150738113415,0,simulated_label_adjusted,Simulated plotting data only; y_pred adjusted to approximate target Precision/Recall/F1; y_prob unchanged.
simulated_for_plotting_only,完整 PGA-AMFormer,√,√,5,sim_4_5_040,0,0.7724696566626527,1,simulated_label_adjusted,Simulated plotting data only; y_pred adjusted to approximate target Precision/Recall/F1; y_prob unchanged.
simulated_for_plotting_only,完整 PGA-AMFormer,√,√,5,sim_4_5_041,0,0.4246857485324621,0,simulated_label_adjusted,Simulated plotting data only; y_pred adjusted to approximate target Precision/Recall/F1; y_prob unchanged.
simulated_for_plotting_only,完整 PGA-AMFormer,√,√,5,sim_4_5_042,0,0.4124605867729761,0,simulated_label_adjusted,Simulated plotting data only; y_pred adjusted to approximate target Precision/Recall/F1; y_prob unchanged.
simulated_for_plotting_only,完整 PGA-AMFormer,√,√,5,sim_4_5_043,0,0.6310055782289725,0,simulated_label_adjusted,Simulated plotting data only; y_pred adjusted to approximate target Precision/Recall/F1; y_prob unchanged.
simulated_for_plotting_only,完整 PGA-AMFormer,√,√,5,sim_4_5_044,0,0.7642239324367445,1,simulated_label_adjusted,Simulated plotting data only; y_pred adjusted to approximate target Precision/Recall/F1; y_prob unchanged.
simulated_for_plotting_only,完整 PGA-AMFormer,√,√,5,sim_4_5_045,0,0.1772562393650029,0,simulated_label_adjusted,Simulated plotting data only; y_pred adjusted to approximate target Precision/Recall/F1; y_prob unchanged.
simulated_for_plotting_only,完整 PGA-AMFormer,√,√,5,sim_4_5_046,0,0.6261804436275569,0,simulated_label_adjusted,Simulated plotting data only; y_pred adjusted to approximate target Precision/Recall/F1; y_prob unchanged.
simulated_for_plotting_only,完整 PGA-AMFormer,√,√,5,sim_4_5_047,0,0.8355679427059163,1,simulated_label_adjusted,Simulated plotting data only; y_pred adjusted to approximate target Precision/Recall/F1; y_prob unchanged.
simulated_for_plotting_only,完整 PGA-AMFormer,√,√,5,sim_4_5_048,0,0.103846537391521,0,simulated_label_adjusted,Simulated plotting data only; y_pred adjusted to approximate target Precision/Recall/F1; y_prob unchanged.
simulated_for_plotting_only,完整 PGA-AMFormer,√,√,5,sim_4_5_049,0,0.5700303990405023,0,simulated_label_adjusted,Simulated plotting data only; y_pred adjusted to approximate target Precision/Recall/F1; y_prob unchanged.
simulated_for_plotting_only,完整 PGA-AMFormer,√,√,5,sim_4_5_050,0,0.5334181777635543,0,simulated_label_adjusted,Simulated plotting data only; y_pred adjusted to approximate target Precision/Recall/F1; y_prob unchanged.
simulated_for_plotting_only,完整 PGA-AMFormer,√,√,5,sim_4_5_051,1,0.9421085338916342,1,simulated_label_adjusted,Simulated plotting data only; y_pred adjusted to approximate target Precision/Recall/F1; y_prob unchanged.
simulated_for_plotting_only,完整 PGA-AMFormer,√,√,5,sim_4_5_052,0,0.6370574187690841,0,simulated_label_adjusted,Simulated plotting data only; y_pred adjusted to approximate target Precision/Recall/F1; y_prob unchanged.
simulated_for_plotting_only,完整 PGA-AMFormer,√,√,5,sim_4_5_053,1,0.953078961977862,1,simulated_label_adjusted,Simulated plotting data only; y_pred adjusted to approximate target Precision/Recall/F1; y_prob unchanged.
simulated_for_plotting_only,完整 PGA-AMFormer,√,√,5,sim_4_5_054,0,0.7246334444593205,1,simulated_label_adjusted,Simulated plotting data only; y_pred adjusted to approximate target Precision/Recall/F1; y_prob unchanged.
simulated_for_plotting_only,完整 PGA-AMFormer,√,√,5,sim_4_5_055,1,0.8136214857457404,1,simulated_label_adjusted,Simulated plotting data only; y_pred adjusted to approximate target Precision/Recall/F1; y_prob unchanged.
simulated_for_plotting_only,完整 PGA-AMFormer,√,√,5,sim_4_5_056,1,0.9346695323742078,1,simulated_label_adjusted,Simulated plotting data only; y_pred adjusted to approximate target Precision/Recall/F1; y_prob unchanged.
simulated_for_plotting_only,完整 PGA-AMFormer,√,√,5,sim_4_5_057,0,0.1330971064908081,0,simulated_label_adjusted,Simulated plotting data only; y_pred adjusted to approximate target Precision/Recall/F1; y_prob unchanged.
simulated_for_plotting_only,完整 PGA-AMFormer,√,√,5,sim_4_5_058,0,0.4337125556289334,0,simulated_label_adjusted,Simulated plotting data only; y_pred adjusted to approximate target Precision/Recall/F1; y_prob unchanged.
simulated_for_plotting_only,完整 PGA-AMFormer,√,√,5,sim_4_5_059,0,0.9160559719277886,1,simulated_label_adjusted,Simulated plotting data only; y_pred adjusted to approximate target Precision/Recall/F1; y_prob unchanged.
simulated_for_plotting_only,完整 PGA-AMFormer,√,√,5,sim_4_5_060,0,0.2753711025871828,0,simulated_label_adjusted,Simulated plotting data only; y_pred adjusted to approximate target Precision/Recall/F1; y_prob unchanged.
simulated_for_plotting_only,完整 PGA-AMFormer,√,√,5,sim_4_5_061,0,0.4638599447340546,0,simulated_label_adjusted,Simulated plotting data only; y_pred adjusted to approximate target Precision/Recall/F1; y_prob unchanged.
simulated_for_plotting_only,完整 PGA-AMFormer,√,√,5,sim_4_5_062,0,0.8155871230256598,1,simulated_label_adjusted,Simulated plotting data only; y_pred adjusted to approximate target Precision/Recall/F1; y_prob unchanged.
simulated_for_plotting_only,完整 PGA-AMFormer,√,√,5,sim_4_5_063,0,0.2267985794297742,0,simulated_label_adjusted,Simulated plotting data only; y_pred adjusted to approximate target Precision/Recall/F1; y_prob unchanged.
simulated_for_plotting_only,完整 PGA-AMFormer,√,√,5,sim_4_5_064,1,0.7677518587015075,1,simulated_label_adjusted,Simulated plotting data only; y_pred adjusted to approximate target Precision/Recall/F1; y_prob unchanged.
simulated_for_plotting_only,完整 PGA-AMFormer,√,√,5,sim_4_5_065,0,0.2256394428430438,0,simulated_label_adjusted,Simulated plotting data only; y_pred adjusted to approximate target Precision/Recall/F1; y_prob unchanged.
simulated_for_plotting_only,完整 PGA-AMFormer,√,√,5,sim_4_5_066,0,0.5718280158027592,0,simulated_label_adjusted,Simulated plotting data only; y_pred adjusted to approximate target Precision/Recall/F1; y_prob unchanged.
simulated_for_plotting_only,完整 PGA-AMFormer,√,√,5,sim_4_5_067,0,0.7151421513748759,0,simulated_label_adjusted,Simulated plotting data only; y_pred adjusted to approximate target Precision/Recall/F1; y_prob unchanged.
simulated_for_plotting_only,完整 PGA-AMFormer,√,√,5,sim_4_5_068,0,0.2851565240618978,0,simulated_label_adjusted,Simulated plotting data only; y_pred adjusted to approximate target Precision/Recall/F1; y_prob unchanged.
simulated_for_plotting_only,完整 PGA-AMFormer,√,√,5,sim_4_5_069,0,0.6970305502353794,0,simulated_label_adjusted,Simulated plotting data only; y_pred adjusted to approximate target Precision/Recall/F1; y_prob unchanged.
simulated_for_plotting_only,完整 PGA-AMFormer,√,√,5,sim_4_5_070,0,0.3292145580382598,0,simulated_label_adjusted,Simulated plotting data only; y_pred adjusted to approximate target Precision/Recall/F1; y_prob unchanged.
simulated_for_plotting_only,完整 PGA-AMFormer,√,√,5,sim_4_5_071,0,0.4087348455061012,0,simulated_label_adjusted,Simulated plotting data only; y_pred adjusted to approximate target Precision/Recall/F1; y_prob unchanged.
simulated_for_plotting_only,完整 PGA-AMFormer,√,√,5,sim_4_5_072,0,0.4934947561642767,0,simulated_label_adjusted,Simulated plotting data only; y_pred adjusted to approximate target Precision/Recall/F1; y_prob unchanged.
simulated_for_plotting_only,完整 PGA-AMFormer,√,√,5,sim_4_5_073,0,0.549685892674062,0,simulated_label_adjusted,Simulated plotting data only; y_pred adjusted to approximate target Precision/Recall/F1; y_prob unchanged.
simulated_for_plotting_only,完整 PGA-AMFormer,√,√,5,sim_4_5_074,0,0.6222691719901705,0,simulated_label_adjusted,Simulated plotting data only; y_pred adjusted to approximate target Precision/Recall/F1; y_prob unchanged.
simulated_for_plotting_only,完整 PGA-AMFormer,√,√,5,sim_4_5_075,0,0.587608491207588,0,simulated_label_adjusted,Simulated plotting data only; y_pred adjusted to approximate target Precision/Recall/F1; y_prob unchanged.
simulated_for_plotting_only,完整 PGA-AMFormer,√,√,5,sim_4_5_076,1,0.9326812111095544,1,simulated_label_adjusted,Simulated plotting data only; y_pred adjusted to approximate target Precision/Recall/F1; y_prob unchanged.
simulated_for_plotting_only,完整 PGA-AMFormer,√,√,5,sim_4_5_077,1,0.958638359932938,1,simulated_label_adjusted,Simulated plotting data only; y_pred adjusted to approximate target Precision/Recall/F1; y_prob unchanged.
simulated_for_plotting_only,完整 PGA-AMFormer,√,√,5,sim_4_5_078,0,0.1661913190744145,0,simulated_label_adjusted,Simulated plotting data only; y_pred adjusted to approximate target Precision/Recall/F1; y_prob unchanged.
simulated_for_plotting_only,完整 PGA-AMFormer,√,√,5,sim_4_5_079,1,0.8712970404278391,1,simulated_label_adjusted,Simulated plotting data only; y_pred adjusted to approximate target Precision/Recall/F1; y_prob unchanged.
simulated_for_plotting_only,完整 PGA-AMFormer,√,√,5,sim_4_5_080,1,0.9230530271873516,1,simulated_label_adjusted,Simulated plotting data only; y_pred adjusted to approximate target Precision/Recall/F1; y_prob unchanged.
simulated_for_plotting_only,完整 PGA-AMFormer,√,√,5,sim_4_5_081,0,0.2354132565358012,0,simulated_label_adjusted,Simulated plotting data only; y_pred adjusted to approximate target Precision/Recall/F1; y_prob unchanged.
simulated_for_plotting_only,完整 PGA-AMFormer,√,√,5,sim_4_5_082,0,0.2949803874336137,0,simulated_label_adjusted,Simulated plotting data only; y_pred adjusted to approximate target Precision/Recall/F1; y_prob unchanged.
simulated_for_plotting_only,完整 PGA-AMFormer,√,√,5,sim_4_5_083,0,0.4339393308011302,0,simulated_label_adjusted,Simulated plotting data only; y_pred adjusted to approximate target Precision/Recall/F1; y_prob unchanged.
simulated_for_plotting_only,完整 PGA-AMFormer,√,√,5,sim_4_5_084,0,0.6892039366508766,0,simulated_label_adjusted,Simulated plotting data only; y_pred adjusted to approximate target Precision/Recall/F1; y_prob unchanged.
simulated_for_plotting_only,完整 PGA-AMFormer,√,√,5,sim_4_5_085,1,0.7188244965849949,1,simulated_label_adjusted,Simulated plotting data only; y_pred adjusted to approximate target Precision/Recall/F1; y_prob unchanged.
simulated_for_plotting_only,完整 PGA-AMFormer,√,√,5,sim_4_5_086,0,0.4116783497226439,0,simulated_label_adjusted,Simulated plotting data only; y_pred adjusted to approximate target Precision/Recall/F1; y_prob unchanged.
simulated_for_plotting_only,完整 PGA-AMFormer,√,√,5,sim_4_5_087,0,0.5775394714103846,0,simulated_label_adjusted,Simulated plotting data only; y_pred adjusted to approximate target Precision/Recall/F1; y_prob unchanged.
simulated_for_plotting_only,完整 PGA-AMFormer,√,√,5,sim_4_5_088,0,0.582012803708224,0,simulated_label_adjusted,Simulated plotting data only; y_pred adjusted to approximate target Precision/Recall/F1; y_prob unchanged.
simulated_for_plotting_only,完整 PGA-AMFormer,√,√,5,sim_4_5_089,0,0.8362752448602139,1,simulated_label_adjusted,Simulated plotting data only; y_pred adjusted to approximate target Precision/Recall/F1; y_prob unchanged.
simulated_for_plotting_only,完整 PGA-AMFormer,√,√,5,sim_4_5_090,1,0.9612199562010754,1,simulated_label_adjusted,Simulated plotting data only; y_pred adjusted to approximate target Precision/Recall/F1; y_prob unchanged.
simulated_for_plotting_only,完整 PGA-AMFormer,√,√,5,sim_4_5_091,0,0.763770603860007,1,simulated_label_adjusted,Simulated plotting data only; y_pred adjusted to approximate target Precision/Recall/F1; y_prob unchanged.
simulated_for_plotting_only,完整 PGA-AMFormer,√,√,5,sim_4_5_092,0,0.7977148247956238,1,simulated_label_adjusted,Simulated plotting data only; y_pred adjusted to approximate target Precision/Recall/F1; y_prob unchanged.
simulated_for_plotting_only,完整 PGA-AMFormer,√,√,5,sim_4_5_093,0,0.8820827913980961,1,simulated_label_adjusted,Simulated plotting data only; y_pred adjusted to approximate target Precision/Recall/F1; y_prob unchanged.
simulated_for_plotting_only,完整 PGA-AMFormer,√,√,5,sim_4_5_094,1,0.8288768040818111,1,simulated_label_adjusted,Simulated plotting data only; y_pred adjusted to approximate target Precision/Recall/F1; y_prob unchanged.
simulated_for_plotting_only,完整 PGA-AMFormer,√,√,5,sim_4_5_095,0,0.8082829248436144,1,simulated_label_adjusted,Simulated plotting data only; y_pred adjusted to approximate target Precision/Recall/F1; y_prob unchanged.
simulated_for_plotting_only,完整 PGA-AMFormer,√,√,5,sim_4_5_096,1,0.9337168245748172,1,simulated_label_adjusted,Simulated plotting data only; y_pred adjusted to approximate target Precision/Recall/F1; y_prob unchanged.
simulated_for_plotting_only,完整 PGA-AMFormer,√,√,5,sim_4_5_097,0,0.6193788257619045,0,simulated_label_adjusted,Simulated plotting data only; y_pred adjusted to approximate target Precision/Recall/F1; y_prob unchanged.
simulated_for_plotting_only,完整 PGA-AMFormer,√,√,5,sim_4_5_098,0,0.4602175170335204,0,simulated_label_adjusted,Simulated plotting data only; y_pred adjusted to approximate target Precision/Recall/F1; y_prob unchanged.
simulated_for_plotting_only,完整 PGA-AMFormer,√,√,5,sim_4_5_099,0,0.816471332921576,1,simulated_label_adjusted,Simulated plotting data only; y_pred adjusted to approximate target Precision/Recall/F1; y_prob unchanged.
simulated_for_plotting_only,完整 PGA-AMFormer,√,√,5,sim_4_5_100,1,0.9483374477546868,1,simulated_label_adjusted,Simulated plotting data only; y_pred adjusted to approximate target Precision/Recall/F1; y_prob unchanged.
simulated_for_plotting_only,完整 PGA-AMFormer,√,√,5,sim_4_5_101,1,0.9664695271343834,1,simulated_label_adjusted,Simulated plotting data only; y_pred adjusted to approximate target Precision/Recall/F1; y_prob unchanged.
simulated_for_plotting_only,完整 PGA-AMFormer,√,√,5,sim_4_5_102,0,0.6560126164630732,0,simulated_label_adjusted,Simulated plotting data only; y_pred adjusted to approximate target Precision/Recall/F1; y_prob unchanged.
simulated_for_plotting_only,完整 PGA-AMFormer,√,√,5,sim_4_5_103,1,0.9075614953735672,1,simulated_label_adjusted,Simulated plotting data only; y_pred adjusted to approximate target Precision/Recall/F1; y_prob unchanged.
simulated_for_plotting_only,完整 PGA-AMFormer,√,√,5,sim_4_5_104,0,0.486592560811816,0,simulated_label_adjusted,Simulated plotting data only; y_pred adjusted to approximate target Precision/Recall/F1; y_prob unchanged.
simulated_for_plotting_only,完整 PGA-AMFormer,√,√,5,sim_4_5_105,0,0.3093389653145342,0,simulated_label_adjusted,Simulated plotting data only; y_pred adjusted to approximate target Precision/Recall/F1; y_prob unchanged.
simulated_for_plotting_only,完整 PGA-AMFormer,√,√,5,sim_4_5_106,0,0.3684163450474919,0,simulated_label_adjusted,Simulated plotting data only; y_pred adjusted to approximate target Precision/Recall/F1; y_prob unchanged.
simulated_for_plotting_only,完整 PGA-AMFormer,√,√,5,sim_4_5_107,0,0.7593293528470494,1,simulated_label_adjusted,Simulated plotting data only; y_pred adjusted to approximate target Precision/Recall/F1; y_prob unchanged.
simulated_for_plotting_only,完整 PGA-AMFormer,√,√,5,sim_4_5_108,0,0.7224610328797106,1,simulated_label_adjusted,Simulated plotting data only; y_pred adjusted to approximate target Precision/Recall/F1; y_prob unchanged.
simulated_for_plotting_only,完整 PGA-AMFormer,√,√,5,sim_4_5_109,0,0.372632490883482,0,simulated_label_adjusted,Simulated plotting data only; y_pred adjusted to approximate target Precision/Recall/F1; y_prob unchanged.
simulated_for_plotting_only,完整 PGA-AMFormer,√,√,5,sim_4_5_110,0,0.4130029502781159,0,simulated_label_adjusted,Simulated plotting data only; y_pred adjusted to approximate target Precision/Recall/F1; y_prob unchanged.
simulated_for_plotting_only,完整 PGA-AMFormer,√,√,5,sim_4_5_111,0,0.3499783666682156,0,simulated_label_adjusted,Simulated plotting data only; y_pred adjusted to approximate target Precision/Recall/F1; y_prob unchanged.
simulated_for_plotting_only,完整 PGA-AMFormer,√,√,5,sim_4_5_112,1,0.803536837544762,1,simulated_label_adjusted,Simulated plotting data only; y_pred adjusted to approximate target Precision/Recall/F1; y_prob unchanged.
simulated_for_plotting_only,完整 PGA-AMFormer,√,√,5,sim_4_5_113,1,0.9547795100958508,1,simulated_label_adjusted,Simulated plotting data only; y_pred adjusted to approximate target Precision/Recall/F1; y_prob unchanged.
simulated_for_plotting_only,完整 PGA-AMFormer,√,√,5,sim_4_5_114,0,0.709228318012817,0,simulated_label_adjusted,Simulated plotting data only; y_pred adjusted to approximate target Precision/Recall/F1; y_prob unchanged.
simulated_for_plotting_only,完整 PGA-AMFormer,√,√,5,sim_4_5_115,0,0.5343524354539487,0,simulated_label_adjusted,Simulated plotting data only; y_pred adjusted to approximate target Precision/Recall/F1; y_prob unchanged.
simulated_for_plotting_only,完整 PGA-AMFormer,√,√,5,sim_4_5_116,0,0.3903156058524251,0,simulated_label_adjusted,Simulated plotting data only; y_pred adjusted to approximate target Precision/Recall/F1; y_prob unchanged.
simulated_for_plotting_only,完整 PGA-AMFormer,√,√,5,sim_4_5_117,0,0.6633434520336429,0,simulated_label_adjusted,Simulated plotting data only; y_pred adjusted to approximate target Precision/Recall/F1; y_prob unchanged.
simulated_for_plotting_only,完整 PGA-AMFormer,√,√,5,sim_4_5_118,1,0.9465931547517336,1,simulated_label_adjusted,Simulated plotting data only; y_pred adjusted to approximate target Precision/Recall/F1; y_prob unchanged.
simulated_for_plotting_only,完整 PGA-AMFormer,√,√,5,sim_4_5_119,0,0.1922109322244766,0,simulated_label_adjusted,Simulated plotting data only; y_pred adjusted to approximate target Precision/Recall/F1; y_prob unchanged.
simulated_for_plotting_only,完整 PGA-AMFormer,√,√,5,sim_4_5_120,0,0.8557467962800552,1,simulated_label_adjusted,Simulated plotting data only; y_pred adjusted to approximate target Precision/Recall/F1; y_prob unchanged.
simulated_for_plotting_only,完整 PGA-AMFormer,√,√,5,sim_4_5_121,0,0.5041789640837345,0,simulated_label_adjusted,Simulated plotting data only; y_pred adjusted to approximate target Precision/Recall/F1; y_prob unchanged.
simulated_for_plotting_only,完整 PGA-AMFormer,√,√,5,sim_4_5_122,0,0.3812684761723874,0,simulated_label_adjusted,Simulated plotting data only; y_pred adjusted to approximate target Precision/Recall/F1; y_prob unchanged.
simulated_for_plotting_only,完整 PGA-AMFormer,√,√,5,sim_4_5_123,1,0.9713049843985886,1,simulated_label_adjusted,Simulated plotting data only; y_pred adjusted to approximate target Precision/Recall/F1; y_prob unchanged.
simulated_for_plotting_only,完整 PGA-AMFormer,√,√,5,sim_4_5_124,0,0.5457691453287011,0,simulated_label_adjusted,Simulated plotting data only; y_pred adjusted to approximate target Precision/Recall/F1; y_prob unchanged.
simulated_for_plotting_only,完整 PGA-AMFormer,√,√,5,sim_4_5_125,0,0.7305828312182578,1,simulated_label_adjusted,Simulated plotting data only; y_pred adjusted to approximate target Precision/Recall/F1; y_prob unchanged.
simulated_for_plotting_only,完整 PGA-AMFormer,√,√,5,sim_4_5_126,0,0.7366728410869346,1,simulated_label_adjusted,Simulated plotting data only; y_pred adjusted to approximate target Precision/Recall/F1; y_prob unchanged.
simulated_for_plotting_only,完整 PGA-AMFormer,√,√,5,sim_4_5_127,1,0.8087339600526102,1,simulated_label_adjusted,Simulated plotting data only; y_pred adjusted to approximate target Precision/Recall/F1; y_prob unchanged.
simulated_for_plotting_only,完整 PGA-AMFormer,√,√,5,sim_4_5_128,1,0.913791227135298,1,simulated_label_adjusted,Simulated plotting data only; y_pred adjusted to approximate target Precision/Recall/F1; y_prob unchanged.
simulated_for_plotting_only,完整 PGA-AMFormer,√,√,5,sim_4_5_129,0,0.6582816098915155,0,simulated_label_adjusted,Simulated plotting data only; y_pred adjusted to approximate target Precision/Recall/F1; y_prob unchanged.
simulated_for_plotting_only,完整 PGA-AMFormer,√,√,5,sim_4_5_130,0,0.5215989809022226,0,simulated_label_adjusted,Simulated plotting data only; y_pred adjusted to approximate target Precision/Recall/F1; y_prob unchanged.
simulated_for_plotting_only,完整 PGA-AMFormer,√,√,5,sim_4_5_131,0,0.4321203369269438,0,simulated_label_adjusted,Simulated plotting data only; y_pred adjusted to approximate target Precision/Recall/F1; y_prob unchanged.
simulated_for_plotting_only,完整 PGA-AMFormer,√,√,5,sim_4_5_132,0,0.1462204033164064,0,simulated_label_adjusted,Simulated plotting data only; y_pred adjusted to approximate target Precision/Recall/F1; y_prob unchanged.
simulated_for_plotting_only,完整 PGA-AMFormer,√,√,5,sim_4_5_133,0,0.2614623146440157,0,simulated_label_adjusted,Simulated plotting data only; y_pred adjusted to approximate target Precision/Recall/F1; y_prob unchanged.
simulated_for_plotting_only,完整 PGA-AMFormer,√,√,5,sim_4_5_134,1,0.9088317710742396,1,simulated_label_adjusted,Simulated plotting data only; y_pred adjusted to approximate target Precision/Recall/F1; y_prob unchanged.
simulated_for_plotting_only,完整 PGA-AMFormer,√,√,5,sim_4_5_135,0,0.2868302082710718,0,simulated_label_adjusted,Simulated plotting data only; y_pred adjusted to approximate target Precision/Recall/F1; y_prob unchanged.
simulated_for_plotting_only,完整 PGA-AMFormer,√,√,5,sim_4_5_136,0,0.7775532130881643,1,simulated_label_adjusted,Simulated plotting data only; y_pred adjusted to approximate target Precision/Recall/F1; y_prob unchanged.
simulated_for_plotting_only,完整 PGA-AMFormer,√,√,5,sim_4_5_137,1,0.9603585841860298,1,simulated_label_adjusted,Simulated plotting data only; y_pred adjusted to approximate target Precision/Recall/F1; y_prob unchanged.
simulated_for_plotting_only,完整 PGA-AMFormer,√,√,5,sim_4_5_138,0,0.5839928766987951,0,simulated_label_adjusted,Simulated plotting data only; y_pred adjusted to approximate target Precision/Recall/F1; y_prob unchanged.
simulated_for_plotting_only,完整 PGA-AMFormer,√,√,5,sim_4_5_139,0,0.4549176296052427,0,simulated_label_adjusted,Simulated plotting data only; y_pred adjusted to approximate target Precision/Recall/F1; y_prob unchanged.
simulated_for_plotting_only,完整 PGA-AMFormer,√,√,5,sim_4_5_140,1,0.9496212970373248,1,simulated_label_adjusted,Simulated plotting data only; y_pred adjusted to approximate target Precision/Recall/F1; y_prob unchanged.
simulated_for_plotting_only,完整 PGA-AMFormer,√,√,5,sim_4_5_141,0,0.7468360603752561,1,simulated_label_adjusted,Simulated plotting data only; y_pred adjusted to approximate target Precision/Recall/F1; y_prob unchanged.
simulated_for_plotting_only,完整 PGA-AMFormer,√,√,5,sim_4_5_142,0,0.3345101727676302,0,simulated_label_adjusted,Simulated plotting data only; y_pred adjusted to approximate target Precision/Recall/F1; y_prob unchanged.
simulated_for_plotting_only,完整 PGA-AMFormer,√,√,5,sim_4_5_143,0,0.6119337637645954,0,simulated_label_adjusted,Simulated plotting data only; y_pred adjusted to approximate target Precision/Recall/F1; y_prob unchanged.
simulated_for_plotting_only,完整 PGA-AMFormer,√,√,5,sim_4_5_144,0,0.4279787773759426,0,simulated_label_adjusted,Simulated plotting data only; y_pred adjusted to approximate target Precision/Recall/F1; y_prob unchanged.
simulated_for_plotting_only,完整 PGA-AMFormer,√,√,5,sim_4_5_145,0,0.3154838741092404,0,simulated_label_adjusted,Simulated plotting data only; y_pred adjusted to approximate target Precision/Recall/F1; y_prob unchanged.
simulated_for_plotting_only,完整 PGA-AMFormer,√,√,5,sim_4_5_146,0,0.0936046395467335,0,simulated_label_adjusted,Simulated plotting data only; y_pred adjusted to approximate target Precision/Recall/F1; y_prob unchanged.
simulated_for_plotting_only,完整 PGA-AMFormer,√,√,5,sim_4_5_147,0,0.3066948765355372,0,simulated_label_adjusted,Simulated plotting data only; y_pred adjusted to approximate target Precision/Recall/F1; y_prob unchanged.
simulated_for_plotting_only,完整 PGA-AMFormer,√,√,5,sim_4_5_148,1,0.6200303717575447,1,simulated_label_adjusted,Simulated plotting data only; y_pred adjusted to approximate target Precision/Recall/F1; y_prob unchanged.
simulated_for_plotting_only,完整 PGA-AMFormer,√,√,5,sim_4_5_149,1,0.9597171646278474,1,simulated_label_adjusted,Simulated plotting data only; y_pred adjusted to approximate target Precision/Recall/F1; y_prob unchanged.
simulated_for_plotting_only,完整 PGA-AMFormer,√,√,5,sim_4_5_150,0,0.4456250263070723,0,simulated_label_adjusted,Simulated plotting data only; y_pred adjusted to approximate target Precision/Recall/F1; y_prob unchanged.
simulated_for_plotting_only,完整 PGA-AMFormer,√,√,5,sim_4_5_151,0,0.56495139777678,0,simulated_label_adjusted,Simulated plotting data only; y_pred adjusted to approximate target Precision/Recall/F1; y_prob unchanged.
simulated_for_plotting_only,完整 PGA-AMFormer,√,√,5,sim_4_5_152,0,0.2027783456505142,0,simulated_label_adjusted,Simulated plotting data only; y_pred adjusted to approximate target Precision/Recall/F1; y_prob unchanged.
simulated_for_plotting_only,完整 PGA-AMFormer,√,√,5,sim_4_5_153,0,0.3008226209536715,0,simulated_label_adjusted,Simulated plotting data only; y_pred adjusted to approximate target Precision/Recall/F1; y_prob unchanged.
simulated_for_plotting_only,完整 PGA-AMFormer,√,√,5,sim_4_5_154,0,0.3469635193449107,0,simulated_label_adjusted,Simulated plotting data only; y_pred adjusted to approximate target Precision/Recall/F1; y_prob unchanged.
simulated_for_plotting_only,完整 PGA-AMFormer,√,√,5,sim_4_5_155,1,0.8331202734627688,1,simulated_label_adjusted,Simulated plotting data only; y_pred adjusted to approximate target Precision/Recall/F1; y_prob unchanged.
simulated_for_plotting_only,完整 PGA-AMFormer,√,√,5,sim_4_5_156,1,0.9818447462247472,1,simulated_label_adjusted,Simulated plotting data only; y_pred adjusted to approximate target Precision/Recall/F1; y_prob unchanged.
simulated_for_plotting_only,完整 PGA-AMFormer,√,√,5,sim_4_5_157,1,0.8183665158368169,1,simulated_label_adjusted,Simulated plotting data only; y_pred adjusted to approximate target Precision/Recall/F1; y_prob unchanged.
simulated_for_plotting_only,完整 PGA-AMFormer,√,√,5,sim_4_5_158,0,0.5946596086646293,0,simulated_label_adjusted,Simulated plotting data only; y_pred adjusted to approximate target Precision/Recall/F1; y_prob unchanged.
simulated_for_plotting_only,完整 PGA-AMFormer,√,√,5,sim_4_5_159,0,0.606559781630414,0,simulated_label_adjusted,Simulated plotting data only; y_pred adjusted to approximate target Precision/Recall/F1; y_prob unchanged.
simulated_for_plotting_only,完整 PGA-AMFormer,√,√,5,sim_4_5_160,0,0.7364055493126473,1,simulated_label_adjusted,Simulated plotting data only; y_pred adjusted to approximate target Precision/Recall/F1; y_prob unchanged.
simulated_for_plotting_only,完整 PGA-AMFormer,√,√,5,sim_4_5_161,1,0.9069684745921164,1,simulated_label_adjusted,Simulated plotting data only; y_pred adjusted to approximate target Precision/Recall/F1; y_prob unchanged.
simulated_for_plotting_only,完整 PGA-AMFormer,√,√,5,sim_4_5_162,0,0.5047721475244779,0,simulated_label_adjusted,Simulated plotting data only; y_pred adjusted to approximate target Precision/Recall/F1; y_prob unchanged.
simulated_for_plotting_only,完整 PGA-AMFormer,√,√,5,sim_4_5_163,0,0.7033235647450271,0,simulated_label_adjusted,Simulated plotting data only; y_pred adjusted to approximate target Precision/Recall/F1; y_prob unchanged.
simulated_for_plotting_only,完整 PGA-AMFormer,√,√,5,sim_4_5_164,1,0.8134035393307457,1,simulated_label_adjusted,Simulated plotting data only; y_pred adjusted to approximate target Precision/Recall/F1; y_prob unchanged.
simulated_for_plotting_only,完整 PGA-AMFormer,√,√,5,sim_4_5_165,1,0.6788735786177709,1,simulated_label_adjusted,Simulated plotting data only; y_pred adjusted to approximate target Precision/Recall/F1; y_prob unchanged.
simulated_for_plotting_only,完整 PGA-AMFormer,√,√,5,sim_4_5_166,0,0.3457784014006876,0,simulated_label_adjusted,Simulated plotting data only; y_pred adjusted to approximate target Precision/Recall/F1; y_prob unchanged.
simulated_for_plotting_only,完整 PGA-AMFormer,√,√,5,sim_4_5_167,0,0.2933188009891571,0,simulated_label_adjusted,Simulated plotting data only; y_pred adjusted to approximate target Precision/Recall/F1; y_prob unchanged.
simulated_for_plotting_only,完整 PGA-AMFormer,√,√,5,sim_4_5_168,0,0.2483227697146117,0,simulated_label_adjusted,Simulated plotting data only; y_pred adjusted to approximate target Precision/Recall/F1; y_prob unchanged.
simulated_for_plotting_only,完整 PGA-AMFormer,√,√,5,sim_4_5_169,1,0.9121820661585652,1,simulated_label_adjusted,Simulated plotting data only; y_pred adjusted to approximate target Precision/Recall/F1; y_prob unchanged.
simulated_for_plotting_only,完整 PGA-AMFormer,√,√,5,sim_4_5_170,1,0.8230257850507376,1,simulated_label_adjusted,Simulated plotting data only; y_pred adjusted to approximate target Precision/Recall/F1; y_prob unchanged.
simulated_for_plotting_only,完整 PGA-AMFormer,√,√,5,sim_4_5_171,0,0.5707658104383805,0,simulated_label_adjusted,Simulated plotting data only; y_pred adjusted to approximate target Precision/Recall/F1; y_prob unchanged.
simulated_for_plotting_only,完整 PGA-AMFormer,√,√,5,sim_4_5_172,0,0.5485832702461073,0,simulated_label_adjusted,Simulated plotting data only; y_pred adjusted to approximate target Precision/Recall/F1; y_prob unchanged.
simulated_for_plotting_only,完整 PGA-AMFormer,√,√,5,sim_4_5_173,1,0.8367326613714455,1,simulated_label_adjusted,Simulated plotting data only; y_pred adjusted to approximate target Precision/Recall/F1; y_prob unchanged.
simulated_for_plotting_only,完整 PGA-AMFormer,√,√,5,sim_4_5_174,0,0.7140119962054541,0,simulated_label_adjusted,Simulated plotting data only; y_pred adjusted to approximate target Precision/Recall/F1; y_prob unchanged.
simulated_for_plotting_only,完整 PGA-AMFormer,√,√,5,sim_4_5_175,0,0.2799453350300973,0,simulated_label_adjusted,Simulated plotting data only; y_pred adjusted to approximate target Precision/Recall/F1; y_prob unchanged.
simulated_for_plotting_only,完整 PGA-AMFormer,√,√,5,sim_4_5_176,0,0.4738155024175504,0,simulated_label_adjusted,Simulated plotting data only; y_pred adjusted to approximate target Precision/Recall/F1; y_prob unchanged.
simulated_for_plotting_only,完整 PGA-AMFormer,√,√,5,sim_4_5_177,1,0.9081918045841468,1,simulated_label_adjusted,Simulated plotting data only; y_pred adjusted to approximate target Precision/Recall/F1; y_prob unchanged.
simulated_for_plotting_only,完整 PGA-AMFormer,√,√,5,sim_4_5_178,1,0.863532465089695,1,simulated_label_adjusted,Simulated plotting data only; y_pred adjusted to approximate target Precision/Recall/F1; y_prob unchanged.
simulated_for_plotting_only,完整 PGA-AMFormer,√,√,5,sim_4_5_179,0,0.5844299027725703,0,simulated_label_adjusted,Simulated plotting data only; y_pred adjusted to approximate target Precision/Recall/F1; y_prob unchanged.
simulated_for_plotting_only,完整 PGA-AMFormer,√,√,5,sim_4_5_180,0,0.5316719759296765,0,simulated_label_adjusted,Simulated plotting data only; y_pred adjusted to approximate target Precision/Recall/F1; y_prob unchanged.
simulated_for_plotting_only,完整 PGA-AMFormer,√,√,5,sim_4_5_181,1,0.9253799648190616,1,simulated_label_adjusted,Simulated plotting data only; y_pred adjusted to approximate target Precision/Recall/F1; y_prob unchanged.
simulated_for_plotting_only,完整 PGA-AMFormer,√,√,5,sim_4_5_182,0,0.6013564756508459,0,simulated_label_adjusted,Simulated plotting data only; y_pred adjusted to approximate target Precision/Recall/F1; y_prob unchanged.
simulated_for_plotting_only,完整 PGA-AMFormer,√,√,5,sim_4_5_183,0,0.3672693033798578,0,simulated_label_adjusted,Simulated plotting data only; y_pred adjusted to approximate target Precision/Recall/F1; y_prob unchanged.
