C_G,C_WBC,C_RBC,C_P,C_N,GCS,tem,age,B_G,B_CRP,B_WBC,B_N,B_Lym,B_PCT,B_AC,B_RBC,transparency_2,transparency_3,sex_1,tube_1,tube_2,tube_3,site_1,other_inf_1
-0.324326365493567,0.09413419955878871,7.086968841272895,0.016313629259652133,0.38769542228445053,-1.034441029927431,-0.3550136838208085,0.504900075249745,0.8128506288923621,-0.3035543044156869,-0.19788703830461296,0.6295031936978344,-0.4062001297532141,0.30052642121002165,-0.870777157942917,-0.2446625796420758,0.0,1.0,0.0,0.0,0.0,0.0,0.0,1.0
-0.15603072004618676,-0.2871849364092718,-0.3850156908968306,-0.11421827137527935,-1.2350803133202397,0.6920983307722944,1.951524924671814,0.504900075249745,0.656899538785556,-1.1182594255674618,-0.0009298960160506816,-0.26956639828287593,0.7249998857317647,-0.0236577397964091,0.3358653022827627,0.08197502446014758,0.0,0.0,0.0,0.0,0.0,0.0,0.0,1.0
0.23234384637084501,-0.28077855209424957,-0.3773199512889954,-0.012910937945583302,0.4384071640220971,1.6786922511721374,-1.380141954261981,-1.4968742652188527,-0.6363534035635676,0.48070778374931755,-0.1049232671444116,0.04557139684438245,0.14654533235876432,0.12712559090425637,-0.770223619590777,-0.04814889912529094,0.0,0.0,0.0,1.0,0.0,0.0,0.0,1.0
-0.09130162564334808,-0.2934520515000544,-0.38503497846477,0.0028149838992662514,-1.0829450881073002,0.4454498506723336,0.15755045139977328,1.468717350290181,0.8356727396396991,-1.1375518127509385,-0.4673244089553663,-0.43640405452671877,0.39078169933847573,-0.32899398446525663,-0.26745592783007727,-0.09063834356135256,0.0,0.0,1.0,1.0,0.0,0.0,0.0,1.0
0.8796347903992312,-0.2650411297551733,-0.34549546418892535,-0.007578973028230878,0.8948128396609163,-0.04784710952758794,-0.22687265001566076,-0.01407845746433593,0.1472057320950188,2.3140155493130994,-0.4594461232638237,0.10118394892566428,-0.09769103462094707,-0.3139156513951901,0.9391865323956027,-0.11188306577938337,1.0,0.0,0.0,1.0,0.0,0.0,0.0,0.0
1.6563839232332949,-0.2050160941079001,0.6950688261436688,0.0028149838992662514,0.9455245813985629,-0.5411440697275095,-0.3550136838208085,0.8014592368006483,0.4286784313121807,0.8794761170004471,0.14403056070833115,-0.14907253544010063,-0.11054558025145815,-0.27621981872002377,-0.569116542886497,-0.2818408435236297,0.0,1.0,1.0,1.0,0.0,0.0,1.0,0.0
1.7664233837181205,-0.17479467244790406,2.0567711226678793,-0.08897580455135774,0.13413671359621768,-0.7877925498274703,-0.4831547176259562,-0.3106376190152393,1.478495525689705,-0.2872708216553212,-0.40744943769964326,1.2227037492314978,-1.2931637782584817,0.12712559090425637,1.5425077625084427,-0.2977743851871528,0.0,1.0,0.0,1.0,0.0,0.0,0.0,0.0
-0.6738634752688957,-0.15172240429887485,-0.3788629567241503,0.0028149838992662514,0.6412541309726834,0.19880137057237285,0.9263966542306504,0.06006133292338991,-0.9026113622825049,-1.1205603524792527,-0.75724532240413,-2.1140493756453638,1.8947635381082772,-0.2950677350576069,0.1347582255784828,-0.19420636437425268,0.0,0.0,1.0,0.0,0.0,0.0,0.0,1.0
0.03815656316232927,-0.06221871618755019,-0.2500220028887151,0.0028149838992662514,0.38769542228445053,0.19880137057237285,0.5419735528152073,-0.7554763613415943,0.5047521338033061,0.6954019640571826,0.27008313177301085,0.4070529853727097,-0.39334558412270304,-0.32522440119774,0.23531176393062264,0.05541912168760907,0.0,1.0,0.0,0.0,0.0,0.0,0.0,0.0
0.10288565756516767,-0.25422455333923005,-0.3849578281930122,-0.0911355878090195,0.7933893561856231,0.6920983307722944,1.3108197556460846,1.394577559902455,0.8090469437678053,2.1315343457703055,-0.31921263795436755,0.7036532631395421,-0.7404183161465033,-0.2686806521849905,0.6375259173391824,-0.058771260234306344,1.0,0.0,1.0,0.0,0.0,0.0,1.0,0.0
0.4265311295793608,-0.2890418593991333,-0.08414891860956202,-0.09741245790159893,-0.22084547856730832,1.4320437710721767,0.15755045139977328,-0.3847774094029651,-0.44616914733575536,-1.1538352955113043,-0.257762009560336,-0.19541632884116814,0.19796351488080888,-0.32899398446525663,1.1402936090998823,0.1403980105597323,0.0,1.0,0.0,1.0,0.0,0.0,1.0,1.0
-1.5023958836252302,0.10072627617279706,-0.16515670395519494,-0.04510520713010363,0.4891189057597437,0.19880137057237285,-1.1238598866516856,-1.4968742652188527,-0.9786850647736299,0.722128115109522,-0.31606132367775036,0.15679650100694478,0.13369078672825327,-0.24983273584740728,-0.569116542886497,0.11384210778719367,0.0,1.0,0.0,1.0,0.0,0.0,1.0,0.0
-0.026572531240509407,-0.2401583616910291,-0.36381865373138994,-0.10024717342727996,0.38769542228445053,1.6786922511721374,0.9263966542306504,-2.0158527979329337,-0.17991118861681846,1.7695808431078284,1.4344937569829914,0.7314595391801824,-0.9460910462346812,2.143852639025657,0.43641884063490277,0.06338589251937068,1.0,0.0,0.0,1.0,0.0,0.0,0.0,0.0
0.8472702431978121,-0.2804535905710238,0.03543400261494371,-0.1287968083644961,-0.0687102533543686,0.9387468108722552,-1.2520009204568334,0.20834091369884158,-0.6972123655564676,0.9771770135626412,0.2054811891023624,1.3802726467951276,-1.2546001413669483,-0.27621981872002377,-0.870777157942917,0.06338589251937068,0.0,1.0,0.0,0.0,0.0,0.0,0.0,0.0
0.4783144051016317,-0.2876955902314837,-0.35417486976167173,-0.13419626650865046,0.16963493281257042,-0.2944955896275487,0.6701145866203551,-0.45891719979069096,-0.004941672887231162,-0.21594208738980622,-0.19946269544292144,-0.807154401735259,1.1106362546470985,-0.3026069015926402,-0.9713306962950571,0.1191532883417015,0.0,1.0,0.0,1.0,0.0,0.0,0.0,1.0
-0.2078139955684577,-0.26986912952881326,-0.19601681265829318,-0.1409455891888434,0.6412541309726834,0.19880137057237285,0.5419735528152073,-0.8296161517293201,-1.998072678154704,-0.6725875821913659,0.08730690372922502,1.1948974731908575,-0.3162183103396361,-0.32899398446525663,-0.4685630045343572,-0.2340402185330604,0.0,1.0,1.0,0.0,0.0,0.0,0.0,0.0
1.462196640024779,-0.22158913179241405,0.19359205971832227,0.0028149838992662514,-2.655009081974344,-0.5411440697275095,-0.4831547176259562,0.504900075249745,1.4176365636968051,1.6977211257088232,-0.35860406641207987,1.2597787839523524,-1.113200139431326,-0.32899398446525663,1.1402936090998823,0.020896448083309066,0.0,1.0,1.0,0.0,0.0,0.0,0.0,0.0
-0.22075981444902545,-0.2827283212336042,-0.034001241967027356,-0.08641106193288443,-2.401450373286111,1.4320437710721767,-0.7394367852362517,0.6531796560251967,0.5427889850488683,-1.1359588633504683,-0.3932685234548668,-0.6032417107705629,0.7764180682538094,-0.32899398446525663,1.0397400707477427,0.1749206841640323,0.0,1.0,1.0,0.0,0.0,0.0,0.0,1.0
-0.6738634752688957,-0.2869528210355391,-0.37401406214417604,0.0028149838992662514,0.18484845533386426,-1.2810895100273918,1.1826787218409367,-0.3847774094029651,0.4667152825577437,-0.4745308733995267,0.26220484608146855,-0.13053501807967335,0.10798169546723087,-0.32899398446525663,-0.1669023894779372,-0.06939362134332175,1.0,0.0,0.0,1.0,0.0,0.0,1.0,1.0
-0.8680507584774115,-0.24958224586457628,0.26302730430029336,0.0028149838992662514,0.13413671359621768,-1.034441029927431,-0.8675778190413902,0.3566204944742933,-0.9406482135280676,-0.3127580120628501,0.851500615808847,1.0095222995865876,-1.126054685061837,0.40230516943297084,3.4530249911991016,0.05541912168760907,0.0,1.0,0.0,0.0,0.0,0.0,0.0,0.0
-0.026572531240509407,0.016097010909858874,0.5021931467493048,0.0028149838992662514,0.8441010979232697,-0.5411440697275095,-1.892706089482563,-0.6813365709538685,-0.29402174235350576,0.23397762105421124,-0.8186959507981614,-0.6495855041716304,1.367727167257321,7.360955881268682,-0.770223619590777,-0.13047219772016025,0.0,1.0,0.0,1.0,0.0,0.0,0.0,1.0
-0.4343658259783928,0.24162030802853893,0.2321671955971951,-0.047804936202180806,0.6412541309726834,-0.7877925498274703,-0.4831547176259562,-0.5330569901784168,-0.2293590952360496,-1.1825083847197744,0.09991216083569301,-0.13980377675988764,-0.39334558412270304,-0.31768523466270676,-0.669670081238637,-0.07204921162057566,0.0,1.0,0.0,1.0,0.0,0.0,0.0,1.0
-0.5444052864632184,-0.21392932445923532,-0.3849964033288911,-0.08094411056192814,-0.4744041872555412,1.6786922511721374,0.029409417594625557,-1.5710140556065786,-1.195495116873336,-0.8329444885054021,-0.6044065799882056,-1.6876864763555426,2.4475090002202555,3.112635538777432,-0.1669023894779372,0.018240857806055274,0.0,0.0,0.0,0.0,0.0,0.0,1.0,0.0
0.03815656316232927,-0.006650295715944591,0.19359205971832227,0.0028149838992662514,0.5398306474973903,1.6786922511721374,-1.2520009204568334,-0.6813365709538685,-0.7885008085458176,0.26849152473107335,0.9066486156496443,0.36070919197164214,-0.26480012781759177,-0.24983273584740728,1.7436148392127222,-0.04814889912529094,1.0,0.0,1.0,1.0,0.0,0.0,0.0,0.0
0.6854475071907155,-0.28885616710014717,-0.36775331759103497,-0.16294838112627238,-3.719955658464922,0.6920983307722944,-1.380141954261981,-0.16235803823978762,-1.2449430234925671,-0.9810887827491639,1.045306443820792,0.518278089535272,-0.4704728579057697,-0.32899398446525663,0.9391865323956027,0.2253768994318553,0.0,0.0,1.0,0.0,0.0,0.0,1.0,0.0
-0.7385925696717343,-0.14930840441205487,-0.38426347574719255,-0.09727747144799506,0.6412541309726834,-1.034441029927431,2.0796659584769617,-0.3106376190152393,1.6458576711701798,1.913654266661499,0.6923592448396886,0.9909847822261603,-1.1517637763228592,-0.32899398446525663,-0.06634885112579712,-0.03221535746176795,1.0,0.0,1.0,0.0,0.0,0.0,0.0,0.0
0.10288565756516767,0.16056561952108414,-0.1535841631915331,0.0028149838992662514,0.6412541309726834,-1.2810895100273918,0.029409417594625557,-0.08821824785206177,1.0981270132340806,-0.6217901957541383,0.8436223301173044,1.139284921109577,-0.9589455918651925,-0.21967606970727416,1.0397400707477427,-0.16765046160171418,0.0,1.0,0.0,0.0,0.0,0.0,1.0,0.0
-0.09130162564334808,-0.29020243626779674,0.15501692383944946,0.0028149838992662514,-1.3365037967955329,1.4320437710721767,-1.380141954261981,0.13420112331111575,-0.6363534035635676,0.3307935457272551,-0.37751195207178184,-0.8349606777759006,0.3393635168164312,-0.32899398446525663,-1.0718842346471968,0.10056415640092448,0.0,1.0,1.0,0.0,0.0,0.0,1.0,0.0
1.462196640024779,-0.2220069394651329,-0.3348873018222353,-0.07399230820132942,-0.0687102533543686,-0.2944955896275487,-0.6112957514311039,1.468717350290181,0.771010092522243,-0.4417869135009652,0.43552713129540327,0.49047181349463176,-0.39334558412270304,-0.23475440277734072,2.145828992621282,0.28379988553144014,0.0,1.0,0.0,0.0,0.0,0.0,0.0,1.0
0.1158314764457354,-0.2775289368619919,-0.358032383349559,-0.058603852490489515,-3.2432652861310443,-0.7877925498274703,-0.22687265001566076,0.8014592368006483,-1.0319366565174173,-1.1803844521858136,-0.12225549566580526,-2.3179620666100607,3.154509009898367,0.556858083401153,-0.06634885112579712,-0.13843896855192186,1.0,0.0,0.0,0.0,0.0,0.0,0.0,0.0
-0.5444052864632184,-0.24540416913738788,-0.38503497846477,-0.12562462670480543,-0.22084547856730832,-1.2810895100273918,-0.7394367852362517,0.28248070408656745,-0.1418743373712558,-1.041266871211385,0.39771135997599927,0.25875284648929414,-0.18767285403452486,-0.32899398446525663,0.6375259173391824,0.1191532883417015,0.0,0.0,1.0,1.0,0.0,0.0,0.0,1.0
-0.9975089472830887,-0.04750260149289775,0.25531227712451876,-0.11482571041649671,0.4891189057597437,0.6920983307722944,-2.4052702247031448,0.6531796560251967,0.6645069090346684,-0.5789575563192633,0.2054811891023624,0.6109656763374071,-0.6761455879939476,0.1572822570443895,-0.569116542886497,0.015585267528801364,0.0,1.0,0.0,1.0,0.0,0.0,1.0,0.0
2.3684039616645194,-0.2699619756783063,-0.3811774648768827,-0.14755992541543247,1.046948064873856,1.4320437710721767,-0.3550136838208085,0.8755990271883741,1.4556734149423673,0.2918547826046414,0.24802393183669205,0.6851157457791148,-0.7789819530380366,0.06304267535647358,0.03420468722634272,-0.12516101716565256,1.0,0.0,0.0,0.0,0.0,0.0,0.0,0.0
-0.5185136487020829,-0.27321159091056396,0.07786665208170382,-0.013383390533196808,-1.1691550490612994,-1.2810895100273918,-0.09873161621052216,0.3566204944742933,-0.19132224399048695,-1.1825083847197744,-0.21994623824093204,-0.12126625939946037,0.005145330423142017,-0.05381440593654218,1.4419542241563026,-0.042837718570783355,0.0,1.0,0.0,1.0,0.0,0.0,0.0,1.0
2.1677437690157197,0.06957639301787027,0.930377155004793,-0.024857239089524807,0.13413671359621768,-0.7877925498274703,0.029409417594625557,1.2462979791270035,1.9387414257610105,0.2672525640862628,-0.5791960657752697,0.7592658152208226,-0.9975092287567258,-0.23475440277734072,0.1347582255784828,-0.056115669957052555,0.0,1.0,1.0,1.0,0.0,0.0,0.0,0.0
0.4265311295793608,0.06595539318764033,-0.26930957082815155,0.0028149838992662514,0.7426776144479765,-1.2810895100273918,0.41383251901006873,-0.903755942117046,-0.7504639573002553,-0.6079846342833934,-0.008808181707593284,0.16606525968715907,0.08227260420620872,-0.32899398446525663,-0.3680094661822171,-0.17296164215622187,0.0,1.0,0.0,0.0,0.0,0.0,0.0,1.0
-0.2013410861281737,-0.25069639965849316,-0.1767292447188568,-0.0599537170265281,-0.017998511616722036,-0.2944955896275487,-2.277129190897997,-1.4968742652188527,-0.5831018118197804,1.024965495576758,0.05736941810136363,0.48120305481441744,-0.5347455860583253,-0.18951940356714114,-0.4685630045343572,-0.20748431576052187,0.0,1.0,1.0,1.0,0.0,0.0,0.0,0.0
0.16761475196800635,-0.28138205206595457,-0.3844563514265869,-0.16051862496140293,-0.22084547856730832,1.4320437710721767,-0.7394367852362517,0.7273194464129225,0.9916238297465052,-0.9679911987897394,-0.4436895518807388,-1.585730130873194,1.8047817186946995,0.1572822570443895,0.23531176393062264,-0.02424858663000634,0.0,0.0,1.0,0.0,0.0,0.0,0.0,0.0
0.3618020351765224,-0.2654125143531456,-0.38252759463264324,-0.09640005949956998,0.9455245813985629,-0.5411440697275095,1.0545376880357982,-0.01407845746433593,-0.408132296090193,1.5888695833433355,-0.5728934372220357,-0.24176012224223567,0.8663998876673873,-0.32899398446525663,0.03420468722634272,-0.2446625796420758,0.0,0.0,0.0,0.0,0.0,0.0,0.0,0.0
-0.03304544068079342,-0.21244378606734612,-0.3387448154101226,-0.14432025052893988,-2.147891664597878,1.6786922511721374,-0.3550136838208085,0.6531796560251967,-0.841752400289605,-0.7205530585833128,0.27008313177301085,-0.26029763960266294,0.08227260420620872,-0.32145481793022335,-1.0718842346471968,-0.04814889912529094,0.0,1.0,1.0,1.0,0.0,0.0,1.0,0.0
-0.35669091269498654,-0.2611880145512107,-0.022428701203365507,-0.08897580455135774,0.3724818997631567,-0.2944955896275487,-0.09873161621052216,-0.3106376190152393,-0.7276418465529176,-0.2759431814741972,0.8861650728516337,1.1207474037491498,-1.1003455938008149,-0.32899398446525663,-1.172437772999337,-0.056115669957052555,0.0,1.0,1.0,0.0,0.0,0.0,1.0,1.0
-0.5444052864632184,-0.2805464367205169,-0.3811774648768827,-0.09451024914911596,-1.6407742472214124,-1.034441029927431,-1.5082829880671198,-0.23649782862751345,-1.2221209127452295,0.1711446169245393,-0.12698246708073066,-0.5939729520903486,1.4062908041488544,0.0027293430762073806,0.5369723789870429,-0.056115669957052555,1.0,0.0,1.0,0.0,0.0,0.0,1.0,0.0
1.591654828830456,-0.2827747443083507,-0.38503497846477,-0.09653504595317385,0.4891189057597437,1.6786922511721374,0.7982556204255028,1.0238786079638258,-0.5983165523180053,-0.475415845288677,-0.33339355219914385,0.3143653985705746,-0.5476001316888364,-0.32899398446525663,-0.870777157942917,0.1749206841640323,0.0,0.0,1.0,1.0,0.0,0.0,0.0,0.0
0.03815656316232927,3.7671742965795962,5.218003507941507,0.0028149838992662514,0.6919658727103299,-0.5411440697275095,-1.764565055677415,-0.01407845746433593,2.0034040728784666,2.3485294529899616,-0.04977526730361421,0.21240905308822658,-0.35478194723116957,-0.15182357089197474,1.2408471474520224,0.1510203716687477,0.0,1.0,1.0,0.0,0.0,0.0,0.0,0.0
-0.5961885619854893,-0.12094390574192036,-0.23073443494927873,0.018338426063710014,-0.33241131039013094,-1.2810895100273918,-0.09873161621052216,0.28248070408656745,-0.1418743373712558,-1.1763135814957224,-0.6642815512439286,-0.2232226048818084,-0.6504364967329254,-0.3101460681276735,-0.770223619590777,25.04983481120083,0.0,1.0,0.0,1.0,0.0,0.0,0.0,0.0
-0.803321664074573,-0.161146288472422,-0.37056930251019266,0.0028149838992662514,-0.37298070378024806,0.4454498506723336,-0.3550136838208085,0.504900075249745,-0.24837752085883075,-0.703915587067287,-0.11595286711257112,-0.11199750071924608,0.46790897312154245,-0.32899398446525663,0.9391865323956027,-0.08798275328409877,1.0,0.0,1.0,0.0,0.0,0.0,1.0,0.0
-0.22075981444902545,-0.22562793929536282,-0.3811774648768827,-0.08620858225247864,0.0834249718585711,0.6920983307722944,2.0796659584769617,0.504900075249745,-0.1152485414993623,0.4486718013620763,-0.6044065799882056,0.027033879483956497,0.18510896925029757,-0.3139156513951901,-0.3680094661822171,-0.12250542688839877,1.0,0.0,0.0,1.0,0.0,0.0,1.0,1.0
-0.09130162564334808,-0.2612344376259572,-0.38503497846477,-0.11064113035477709,0.4384071640220971,0.19880137057237285,0.7982556204255028,-0.8296161517293201,-0.3320585935990681,0.2709694460206942,0.4591619883700308,-6.405484644584217,0.08227260420620872,-0.283758985255057,1.2408471474520224,-0.010970635243737144,1.0,0.0,0.0,1.0,0.0,0.0,1.0,0.0
0.8796347903992312,-0.2522283611251289,-0.3848421027853756,-0.09241795911825615,0.13413671359621768,-0.5411440697275095,1.1826787218409367,1.1721581887392776,1.227452307468993,-0.07293063010311622,-0.5366533230409402,0.06410891420480973,-0.033418306468391445,-0.32899398446525663,-0.770223619590777,0.10853092723268609,0.0,0.0,1.0,0.0,0.0,0.0,0.0,1.0
1.073822073607747,-0.28328539813056264,-0.33681605861617897,-0.14978720189989614,-3.4156852080390423,-1.034441029927431,0.41383251901006873,0.4307602848620191,1.3301518058320112,-1.1825083847197744,-0.9400215504479158,-1.455967509350205,2.3446726351761664,-0.32899398446525663,-0.26745592783007727,0.20413217721382473,0.0,1.0,0.0,0.0,0.0,0.0,0.0,1.0
-0.35021800325470254,-0.19457090228992913,0.6179185543859232,-0.11280091361243882,-0.4236924455178946,-1.2810895100273918,-1.2520009204568334,0.8014592368006483,0.12438362134768147,-0.8963084757685643,-0.10334761000610312,-0.19541632884116814,0.23652715177234213,-0.32899398446525663,-0.4685630045343572,0.42720176050314795,0.0,1.0,0.0,0.0,0.0,0.0,0.0,0.0
0.23234384637084501,-0.13347813592348554,-0.1535841631915331,0.02238801967182578,0.8643857946183287,-0.5411440697275095,-0.6112957514311039,0.4307602848620191,0.17383152796691229,-0.932946311979387,20.236810388418302,1.408078922835768,-1.3574365064110374,-0.24606315257989064,-0.3680094661822171,-0.18092841298798337,0.0,1.0,1.0,0.0,0.0,0.0,0.0,0.0
0.03815656316232927,-0.20756936321895966,1.8523229025098533,-0.06751295842834419,0.8948128396609163,1.4320437710721767,-0.7394367852362517,0.20834091369884158,-0.484205998581318,2.130472379503325,-0.37751195207178184,1.33392885339406,-1.3574365064110374,-0.32899398446525663,1.0397400707477427,0.2598995730361555,1.0,0.0,0.0,1.0,0.0,0.0,1.0,0.0
-1.5865437063489203,-0.20733724784522697,-0.38464922710598126,0.0028149838992662514,-2.401450373286111,0.6920983307722944,-1.1238598866516856,-1.867573217157482,0.8851206462589306,1.677189777880536,4.640956033440786,1.0744036103480823,-1.2803092326279704,1.1750697392738814,5.765756373298322,0.2864554758086939,0.0,1.0,0.0,0.0,0.0,0.0,0.0,1.0
-0.11719326340448356,-0.19661351757877676,-0.3657474105253336,-0.17671699939386598,0.4637630348909204,1.6786922511721374,1.1826787218409367,-2.6089711210347404,-1.088991933385761,-1.1825083847197744,-0.9195380076499052,-1.075948403461451,1.2134726196911876,-0.32899398446525663,-1.5746519264078969,-0.20217313520601418,1.0,0.0,0.0,0.0,0.0,0.0,0.0,0.0
-0.9975089472830887,1.0414434628366367,-0.38407060006779814,0.0028149838992662514,1.046948064873856,-1.2810895100273918,-1.764565055677415,-1.2003151036679494,0.649292168536443,1.8529451950657878,1.6992041562188192,1.241241266591925,-1.3060183238889929,2.166470138630757,0.9391865323956027,-0.010970635243737144,0.0,1.0,0.0,0.0,0.0,0.0,0.0,0.0
-1.7030560762740299,-0.10840967556035519,-0.1921592990704059,-0.037680952181891395,0.8948128396609163,-0.7877925498274703,0.285691485204921,-0.9778957325047719,0.20806469408791844,1.0700990619234236,0.7963526159680493,0.6295031936978344,-0.6504364967329254,0.2929872546749884,-0.770223619590777,-0.15437251021544499,0.0,1.0,0.0,0.0,0.0,0.0,1.0,1.0
0.6207184127878768,-0.2926164361546167,-0.3618898969374463,-0.13102408484895978,0.5905423892350369,-1.2810895100273918,-0.7394367852362517,0.504900075249745,-0.17991118861681846,1.5125850064985789,-0.32078829509267603,0.10118394892566428,-0.6118728598413921,-0.1669019039620413,-1.272991311351477,-0.042837718570783355,1.0,0.0,0.0,0.0,0.0,0.0,0.0,1.0
-0.28548890885186384,-0.28365678272853495,-0.11115151372477299,-0.1352086649106794,-2.046468181122585,1.4320437710721767,-1.2520009204568334,0.8014592368006483,-0.37009544484463075,-0.7476331983913123,-0.11910418138918806,0.04557139684438245,-0.5476001316888364,0.8848118276751002,0.6375259173391824,0.1749206841640323,1.0,0.0,0.0,0.0,0.0,0.0,0.0,1.0
-0.4149470976575412,-0.26569105280162486,-0.26930957082815155,-0.05340687402674095,0.9962363231362094,-0.2944955896275487,0.41383251901006873,0.28248070408656745,-0.8379487151650488,0.3187579280348108,-0.6059822371265141,0.06410891420480973,0.10798169546723087,-0.32899398446525663,-0.26745592783007727,0.018240857806055274,0.0,1.0,0.0,0.0,0.0,0.0,1.0,0.0
1.0090929792049086,-0.2898310516698244,-0.3464598425858972,-0.08317138704639182,0.7933893561856231,0.9387468108722552,-0.3550136838208085,-2.5348313306470147,1.6762871521666296,-0.5090447770763888,1.5211548995899584,1.0002535409063744,-0.9718001374957035,-0.2083673199047243,-0.26745592783007727,-0.2313846282558066,1.0,0.0,0.0,0.0,0.0,0.0,0.0,1.0
1.7211130176361331,-0.2785502445064158,-0.38503497846477,-0.010548675007515771,-0.4236924455178946,-0.2944955896275487,-0.22687265001566076,-1.793433426769756,0.23849417508436843,0.25450896888249835,0.6734513591799866,-0.1027287420390331,0.23652715177234213,-0.32899398446525663,-1.272991311351477,-0.17030605187896808,0.0,0.0,1.0,0.0,0.0,0.0,1.0,0.0
-0.8874694867982631,-0.17474824937315753,-0.3001696795312498,-0.07480222692295257,0.13920788776998205,-0.7877925498274703,0.41383251901006873,-0.01407845746433593,-0.06199694975557464,-1.1825083847197744,-0.44684086615735574,-0.4827478479277863,0.9692362527114763,-0.2912981517900903,-0.770223619590777,-0.29246320463264514,0.0,1.0,0.0,0.0,0.0,0.0,0.0,0.0
1.9994481235683397,-0.09768594529390498,12.730511220351987,0.000790187095208369,-0.0027849890954282095,-0.7877925498274703,-1.6364240218722674,0.06006133292338991,-0.5792981266952242,-0.6872781155512611,-0.19473572402799605,-0.8442294364561135,0.6992907944707425,0.2779089216049218,-1.474098388055757,-0.11719424633389107,0.0,1.0,0.0,0.0,0.0,0.0,1.0,0.0
-0.35021800325470254,-0.29229147463139094,-0.38491925305713337,-0.13892079238478552,0.03271323012092454,1.6786922511721374,0.285691485204921,0.20834091369884158,0.04830991885655649,-0.852413870066709,0.002221418260566248,-0.4734790892475733,0.48076351875205353,-0.04250565613399226,0.03420468722634272,0.33691169107651714,0.0,0.0,0.0,0.0,0.0,0.0,1.0,0.0
0.025210744281761534,-0.2831925519810696,-0.38503497846477,-0.14229545372488198,-0.6265394124684809,-1.2810895100273918,-0.3550136838208085,-2.757250701810192,-0.8607708259123864,-1.1825083847197744,-0.6737354940737795,-2.308693307929847,1.0463635264945428,4.424450515873222,0.1347582255784828,-0.05346007967979864,0.0,0.0,1.0,0.0,0.0,1.0,0.0,1.0
0.8472702431978121,-0.27367582165802934,-0.30788470670702434,0.5279122884182771,-0.4541194905604823,1.4320437710721767,1.4389607894512322,0.3566204944742933,-2.3480117096138784,-0.7770142651111026,-0.32236395223098446,0.06410891420480973,-0.21338194529554724,0.10450809129915653,-0.870777157942917,0.08197502446014758,0.0,1.0,0.0,1.0,0.0,0.0,0.0,0.0
-1.0169276756039403,-0.16267824993905775,-0.3811774648768827,-0.08627607547928057,0.6209694342776245,-0.2944955896275487,-1.380141954261981,0.06006133292338991,0.5465926701734245,-0.021602260532398155,-0.13801206704889019,0.5368156068956993,-0.18767285403452486,-0.17067148722955794,-0.569116542886497,-0.242006989364822,0.0,1.0,1.0,1.0,0.0,0.0,0.0,1.0
-1.7030560762740299,11.640945581265106,-0.3811774648768827,-0.01878284867735116,1.1433003741753847,0.9387468108722552,-0.3550136838208085,0.8014592368006483,-0.906415047407061,0.8971755547834533,0.07470164662275702,0.3329029159310019,-0.38049103849219174,-0.30637648486015684,-0.569116542886497,-0.16765046160171418,0.0,1.0,0.0,0.0,0.0,0.0,0.0,1.0
0.3618020351765224,-0.16555648057334307,-0.38480352764949677,-0.04982973300623869,0.8948128396609163,1.6786922511721374,1.0545376880357982,-0.8296161517293201,-0.1418743373712558,-0.6803753348158886,-0.29085080946481434,-1.3076673704667887,1.7147998992811215,-0.32899398446525663,-0.770223619590777,0.16164273277776312,0.0,1.0,1.0,0.0,0.0,0.0,1.0,0.0
-1.3729376948195529,0.1557376197474442,0.14961640481640726,0.0028149838992662514,0.13413671359621768,-1.2810895100273918,0.15755045139977328,-1.6451538459943045,-0.18751855886593077,-0.48833643487027156,-0.3759362949334734,0.5368156068956993,-0.5604546773193475,-0.08774065534419194,0.03420468722634272,-0.18623959354249106,0.0,1.0,0.0,1.0,0.0,0.0,0.0,1.0
-0.9975089472830887,0.1719856959087324,-0.3561036265556154,0.0028149838992662514,1.0976598066115026,-0.2944955896275487,-0.09873161621052216,0.6531796560251967,0.4286784313121807,2.3485294529899616,2.6445984392039183,-5.005902083871977,-1.344581960780526,1.3371618197770967,-0.26745592783007727,-0.17827282271072958,0.0,1.0,1.0,0.0,0.0,0.0,0.0,1.0
-1.1981691399318886,-0.28077855209424957,0.7645040707256399,0.30855930131200643,-0.7431764184650679,-0.2944955896275487,-1.5082829880671198,1.5428571406779068,-0.6781939399336865,-0.8757771279402772,0.200754217687437,0.11972146628609154,-0.27765467344810285,-0.3026069015926402,-0.870777157942917,-0.2632517115828527,0.0,1.0,1.0,1.0,0.0,0.0,1.0,0.0
-0.9975089472830887,2.068089760856317,2.6141818361175915,0.0028149838992662514,0.6412541309726834,-0.04784710952758794,1.56710182325638,-1.4968742652188527,0.010273067610993834,-0.07009872005783516,0.9854314725650692,0.07337767288502402,0.2622362430333645,1.4653276508726623,0.1347582255784828,0.05276353141035528,0.0,1.0,0.0,1.0,0.0,0.0,1.0,1.0
-0.8680507584774115,-0.20756936321895966,-0.1535841631915331,0.0028149838992662514,0.18484845533386426,1.1853952909722159,0.6701145866203551,-0.01407845746433593,-0.3662917597200742,-1.1382597902622589,-0.7399130938827364,-0.1583412941203136,-1.1646183219533706,-0.32899398446525663,1.5425077625084427,-0.09860511439311416,0.0,1.0,0.0,0.0,0.0,0.0,0.0,0.0
-0.22075981444902545,-0.24104040011121333,-0.366518913242911,-0.14297038599290127,-0.37298070378024806,0.4454498506723336,-1.6364240218722674,-0.903755942117046,-0.5869054969443365,-0.8894056950331919,-0.2561863524220276,-0.9554545406186759,1.3291635303657878,0.37591808656035436,-0.669670081238637,0.514836239652525,1.0,0.0,0.0,1.0,0.0,0.0,0.0,0.0
0.8666889715186635,0.16655419616338749,0.8493693696591601,-0.020807645481409044,0.5905423892350369,-0.7877925498274703,0.5419735528152073,0.3566204944742933,-0.8683781961614987,1.7872802808908346,-0.24830806673048497,-0.13980377675988764,-0.11054558025145815,-0.2083673199047243,-0.9713306962950571,-0.05346007967979864,0.0,1.0,1.0,0.0,0.0,0.0,0.0,0.0
0.4265311295793608,-0.22975959294780468,-0.3754683447668095,0.0028149838992662514,0.13413671359621768,1.6786922511721374,-1.5082829880671198,-1.1261753132802235,-0.49561705395498684,-0.36001551094347667,0.7932013016914323,-0.09345998335882012,0.005145330423142017,0.0366555924838571,0.9391865323956027,-0.20748431576052187,1.0,0.0,1.0,0.0,0.0,0.0,0.0,0.0
0.2647083935722642,-0.27260809093885896,-0.261594543652377,-0.10314938217976292,-0.10927964674448572,-0.2944955896275487,0.9263966542306504,0.504900075249745,-0.9938998052718548,0.4210606784205866,0.14087924643171423,0.5738906416165525,-0.5990183142108809,-0.1782106537645912,-0.3680094661822171,-0.016281815798244847,0.0,1.0,0.0,1.0,0.0,0.0,1.0,0.0
0.10288565756516767,-0.05711217796543105,-0.3715336809071645,0.0028149838992662514,0.8948128396609163,-1.2810895100273918,0.9263966542306504,0.3566204944742933,0.010273067610993834,1.1727558010648595,-0.5965282942966631,-0.05638494863796557,-0.09769103462094707,-0.32899398446525663,-1.5746519264078969,-0.1649948713244604,1.0,0.0,0.0,0.0,0.0,0.0,1.0,1.0
0.49126022398219943,-0.2946126283687178,-0.38464922710598126,-0.16355582016748973,0.6412541309726834,-1.2810895100273918,-0.9957188528465379,2.210115254167439,-0.6743902548091303,-0.9403800758482497,-0.8832978934688098,-0.8534981951363265,0.814981705145343,-0.32899398446525663,0.1347582255784828,-0.14375014910642958,0.0,0.0,0.0,0.0,0.0,0.0,0.0,0.0
-0.22075981444902545,-0.29099162853848787,-0.3850041183560669,0.0028149838992662514,-3.5171086915143355,1.4320437710721767,-1.380141954261981,0.8014592368006483,-0.5222428498268803,-1.1228612793910435,-0.8344525221812464,-1.8545241325993853,1.547690806084477,-0.32899398446525663,-0.1669023894779372,-0.15171691993819106,0.0,0.0,0.0,0.0,0.0,0.0,0.0,1.0
-0.09130162564334808,-0.24619336140807901,-0.26930957082815155,-0.052799434985523586,-1.3872155385331795,-1.2810895100273918,-1.380141954261981,0.9497388175761,-1.7660478855567725,-1.0540104664151495,-0.34915012358222897,-0.8349606777759006,1.2263271653216987,-0.32899398446525663,-0.4685630045343572,-0.10391629494762186,0.0,1.0,0.0,1.0,0.0,0.0,1.0,1.0
0.8796347903992312,-0.28393532117701414,-0.38503497846477,0.0028149838992662514,0.38769542228445053,0.9387468108722552,0.7982556204255028,0.4307602848620191,-0.9026113622825049,-0.0490363890960577,-0.12067983852749652,-1.3076673704667887,1.7147998992811215,-0.242293569312374,0.1347582255784828,0.1191532883417015,0.0,0.0,1.0,0.0,0.0,0.0,1.0,0.0
-0.9975089472830887,-0.04504217853133125,0.10872676078480206,0.0028149838992662514,-0.17013373682966176,-0.7877925498274703,-0.22687265001566076,-0.8296161517293201,0.3526047288210561,-0.2945275911463537,0.5804875880197852,0.22167781176843956,-0.3419274016006585,-0.32899398446525663,0.03420468722634272,-0.2818408435236297,0.0,1.0,1.0,0.0,0.0,0.0,0.0,0.0
-0.9975089472830887,-0.15162955814938175,-0.3811774648768827,0.0028149838992662514,0.8948128396609163,0.9387468108722552,1.56710182325638,-1.2003151036679494,1.0372680512411805,-0.9517077160293737,1.1083327293531322,0.2865591225299344,-0.5861637685803698,-0.32899398446525663,1.3414006858041625,0.2227213091546015,0.0,0.0,0.0,1.0,0.0,0.0,0.0,0.0
-0.9975089472830887,-0.2354696311416288,-0.3657474105253336,0.0028149838992662514,0.9962363231362094,-1.2810895100273918,-0.6112957514311039,-2.312411959483837,-0.44616914733575536,-0.9874605803510462,-0.675311151212088,-1.5023113027512724,1.689090808020099,-0.21590648643975757,-1.5746519264078969,-0.05080448940254485,1.0,0.0,1.0,1.0,0.0,0.0,0.0,1.0
2.4331330560673585,-0.2780860137589504,0.33632006247015167,-0.04287793064563996,0.13413671359621768,-0.7877925498274703,0.285691485204921,1.3204377695147291,2.102299886116929,-0.2534648954897793,0.2590535318048516,0.3421716746112149,-0.4833274035362808,-0.32899398446525663,0.8386329940434626,0.004962906419785961,1.0,0.0,1.0,1.0,0.0,0.0,0.0,0.0
-0.15603072004618676,-0.23983340016780336,-0.3849964033288911,-0.07534217273736801,0.13413671359621768,-0.5411440697275095,0.5419735528152073,-0.01407845746433593,0.12438362134768147,0.24813717128061613,0.5600040452217745,-0.14907253544010063,-0.509036494797303,-0.32899398446525663,-0.26745592783007727,-0.008315044966483234,1.0,0.0,1.0,0.0,0.0,0.0,1.0,1.0
2.6273203392758746,-0.2906666670152621,-0.1535841631915331,-0.11975271597303756,0.38769542228445053,-1.2810895100273918,0.9263966542306504,0.7273194464129225,1.988189332380242,0.45097272827386725,-0.47677835178521727,0.082646431565237,-0.3290728559701474,-0.32899398446525663,0.6375259173391824,-0.0030038644119755333,0.0,1.0,1.0,0.0,0.0,0.0,0.0,1.0
-0.9975089472830887,-0.2588668608138838,-0.38503497846477,0.0028149838992662514,-0.2715572203049549,1.6786922511721374,-0.4831547176259562,-0.23649782862751345,0.5808258362944306,1.0918693703965214,0.6104250736476465,1.14855367978979,-1.010363774387237,-0.32899398446525663,-1.272991311351477,0.1430536008369861,1.0,0.0,0.0,1.0,0.0,0.0,1.0,1.0
0.7178120543921347,-0.29243074385563056,-0.3657474105253336,-0.13217146970459256,-0.4541194905604823,-0.2944955896275487,-2.277129190897997,0.3566204944742933,0.6607032239101122,-0.4343531496321026,-0.32709092364590986,1.1114786450689356,-1.126054685061837,0.46638808498075374,0.5369723789870429,-0.2127954963150296,0.0,1.0,1.0,0.0,0.0,0.0,1.0,0.0
-0.9975089472830887,-0.02387325644691007,-0.32717227464646076,0.0028149838992662514,0.8441010979232697,-0.04784710952758794,0.7982556204255028,0.7273194464129225,1.988189332380242,0.5053100022676962,1.2879576431203006,-7.082104028239802,-1.010363774387237,-0.32899398446525663,0.7380794556913225,-0.13578337827466797,1.0,0.0,1.0,1.0,0.0,0.0,1.0,0.0
1.073822073607747,-0.26569105280162486,-0.36304715101381246,-0.16193598272424345,0.8948128396609163,1.6786922511721374,-0.09873161621052216,-0.6071967805661427,-0.17991118861681846,-0.7879879165365664,0.6340599307222741,0.4441280200935642,-0.49618194916679187,-0.32899398446525663,1.2408471474520224,0.3209781494129939,0.0,1.0,0.0,1.0,0.0,0.0,0.0,1.0
0.10288565756516767,-0.29094520546374136,-0.3811774648768827,-0.14155302823006075,-3.0099912741378696,-0.7877925498274703,-0.09873161621052216,0.7273194464129225,-0.3320585935990681,-0.4005472234665608,-0.20261400971953863,0.49047181349463176,-0.39334558412270304,-0.32899398446525663,-0.3680094661822171,0.2253768994318553,0.0,0.0,0.0,0.0,0.0,0.0,0.0,0.0
-1.5347604308266494,-0.005211180398801922,-0.35417486976167173,-0.037006019913872104,0.8948128396609163,0.9387468108722552,-0.09873161621052216,1.0238786079638258,0.010273067610993834,-0.7405534232781098,0.044764160994895635,-2.1325868930057905,2.9102726429186556,-0.21590648643975757,-0.569116542886497,0.018240857806055274,0.0,1.0,1.0,1.0,0.0,0.0,0.0,0.0
0.16761475196800635,-0.283749628878028,-0.38503497846477,-0.07851435439705869,0.33698368054680394,-0.5411440697275095,0.15755045139977328,0.13420112331111575,-0.14567802249581194,0.7302698564897048,0.5347935310088388,0.4533967787737772,-0.3290728559701474,-0.24983273584740728,-0.1669023894779372,-0.0030038644119755333,0.0,0.0,0.0,0.0,0.0,0.0,0.0,0.0
1.3197926323385336,-0.2731187447610709,0.07786665208170382,-0.06535317517068245,0.0073573592521012495,-1.034441029927431,1.4389607894512322,-0.5330569901784168,0.8280653693905867,0.0789305460750769,-0.732034808191194,-0.4085977784860785,0.44219988186052006,-0.3101460681276735,-1.0718842346471968,-0.04549330884803715,0.0,1.0,0.0,1.0,0.0,0.0,0.0,0.0
0.16761475196800635,-0.25882043773913727,-0.3561036265556154,-0.11192350166401374,-0.11942199509201518,0.4454498506723336,-0.4831547176259562,1.3204377695147291,0.2993531370772684,0.1711446169245393,0.47964553116804115,-1.2242485423448666,1.149199891538632,-0.31768523466270676,1.5425077625084427,-0.2738740726918681,0.0,0.0,1.0,1.0,0.0,0.0,0.0,1.0
1.3909946361816563,-0.2501857458362813,-0.21916189418561688,-0.16861781217763444,-0.017998511616722036,1.6786922511721374,0.41383251901006873,-0.7554763613415943,0.9421759231272744,-1.1825083847197744,-0.37278498065685634,-0.06565370731817856,-0.11054558025145815,-0.24983273584740728,-1.0718842346471968,0.08197502446014758,0.0,1.0,1.0,0.0,0.0,0.0,1.0,0.0
-0.6220801997466249,-0.13770263572542046,-0.38491925305713337,0.05680956534080978,0.6412541309726834,1.6786922511721374,1.4389607894512322,-1.0520355228924978,-0.7276418465529176,-0.30851014699492857,0.10621478938892716,-0.39006026112565123,1.5091271691929435,3.79869969346546,-0.569116542886497,-0.056115669957052555,0.0,1.0,1.0,0.0,0.0,0.0,1.0,0.0
1.365102998420521,-0.29354489764954744,-0.3819489675944602,-0.16861781217763444,-0.9815216046320069,1.6786922511721374,1.1826787218409367,-0.5330569901784168,-0.6667828845600177,-1.1825083847197744,0.4465567312635628,-0.5568979173694953,0.5835998837961426,0.7754939129171178,-0.669670081238637,0.018240857806055274,0.0,0.0,0.0,0.0,0.0,0.0,0.0,0.0
-0.9975089472830887,0.26483184540180776,-0.24520011090385602,0.0028149838992662514,0.9455245813985629,-1.2810895100273918,0.15755045139977328,0.28248070408656745,-2.2605269517490845,-0.5704618261834203,0.8404710158406874,0.8982971954240252,-0.8175455899295699,-0.30637648486015684,1.4419542241563026,-0.35354178100948364,1.0,0.0,0.0,1.0,0.0,0.0,0.0,1.0
-0.4149470976575412,-0.28073212901950306,-0.3832605222143418,-0.005621669450974925,0.38769542228445053,-1.2810895100273918,0.5419735528152073,-0.8296161517293201,-0.0696043200046873,-1.1777295365183629,-0.8675413220857249,-0.7237355736133382,0.2622362430333645,-0.32899398446525663,0.8386329940434626,-0.14640573938368337,0.0,0.0,1.0,1.0,0.0,0.0,0.0,1.0
-0.35021800325470254,-0.2730258986115778,-0.3848421027853756,-0.12184500600389737,0.9962363231362094,0.9387468108722552,-0.09873161621052216,-0.8296161517293201,-0.7504639573002553,-0.5108147208546894,0.15190884639987348,-0.8720357124967537,1.3163089847352767,-0.32899398446525663,-1.172437772999337,-0.2313846282558066,1.0,0.0,0.0,0.0,0.0,0.0,0.0,1.0
-0.22075981444902545,-0.26025955305627996,2.0181959867890065,0.16682352502795472,0.39276659645821493,-0.7877925498274703,0.15755045139977328,-1.4227344748311268,-0.9786850647736299,-1.1506493967103633,0.3725008457630633,1.2875850599929926,-1.126054685061837,-0.3026069015926402,-0.770223619590777,-0.14375014910642958,0.0,1.0,0.0,1.0,0.0,0.0,0.0,1.0
0.23234384637084501,-0.2858386672416222,-0.31559973388279894,-0.07642206436619887,0.5905423892350369,-0.04784710952758794,-1.892706089482563,-0.6813365709538685,-0.37009544484463075,-1.144454593486311,-0.5555612087006422,-1.5764613721929803,1.0977817090165876,-0.32899398446525663,0.8386329940434626,-0.14640573938368337,1.0,0.0,0.0,0.0,0.0,0.0,0.0,0.0
0.23234384637084501,-0.1887680179466119,-0.38464922710598126,-0.011493580182742784,0.8441010979232697,0.19880137057237285,1.0545376880357982,-0.6071967805661427,-1.0167219160191923,-0.04107164209370512,-0.6406466941693011,-0.1676100528005279,0.04370896731467525,-0.2234456529747908,-0.9713306962950571,-0.06408244078881405,1.0,0.0,0.0,0.0,0.0,0.0,0.0,0.0
0.1158314764457354,-0.04708479382017891,-0.03014372837914007,0.019688290599748606,-0.37298070378024806,1.4320437710721767,2.0796659584769617,0.5790398656374708,0.7938322032695806,-0.9156008629520411,-0.2546106952837191,0.24021532912886684,-0.21338194529554724,0.6058626658788692,-0.770223619590777,-0.05346007967979864,0.0,1.0,1.0,1.0,0.0,0.0,0.0,1.0
0.4265311295793608,-0.2911308977627275,-0.38021308647991087,0.0028149838992662514,0.6412541309726834,0.9387468108722552,-0.22687265001566076,1.1721581887392776,0.19665363871424996,-1.1488794529320625,-0.669008522658854,-0.7422730909737655,0.8792544332978985,0.7302589137069182,0.3358653022827627,0.08728620501465528,0.0,0.0,0.0,1.0,0.0,0.0,1.0,1.0
0.3618020351765224,-0.17809071075490823,0.26302730430029336,0.0028149838992662514,0.8948128396609163,-1.034441029927431,-0.4831547176259562,0.8014592368006483,-1.1688693210014423,-0.10231169682290643,0.4434054169869459,1.1300161624293628,-1.1903274132143926,-0.05004482266902554,1.3414006858041625,-0.15171691993819106,0.0,1.0,1.0,0.0,0.0,0.0,1.0,0.0
-0.03304544068079342,-0.13719198190320855,0.34789260323381355,-0.032956426305756334,0.49419007993350805,1.4320437710721767,0.41383251901006873,0.5790398656374708,1.0410717363657367,-1.0377269836547838,-0.4279329804976539,-0.1768788114807409,0.3136544255554088,-0.32899398446525663,0.03420468722634272,-0.06142685051156025,0.0,1.0,1.0,1.0,0.0,0.0,1.0,0.0
0.4265311295793608,-0.2723295524903797,-0.384726377377739,-0.07891931375787027,-0.8800981211567138,1.4320437710721767,1.1826787218409367,0.5790398656374708,-0.37009544484463075,-1.0658690897297636,-0.4279329804976539,-1.6598802003149016,2.0490180856744105,0.27413933833740517,1.3414006858041625,-0.04549330884803715,0.0,0.0,1.0,1.0,0.0,0.0,0.0,0.0
0.23234384637084501,-0.07345310027621231,-0.33681605861617897,0.0028149838992662514,0.5905423892350369,1.6786922511721374,0.6701145866203551,0.8014592368006483,-0.10383748612569346,1.073638949480025,-0.9510511504160752,0.3236341572507876,-0.5861637685803698,-0.3026069015926402,0.3358653022827627,1.44960401724588,0.0,1.0,0.0,0.0,0.0,0.0,1.0,0.0
1.8699899347626623,1.0035622338434618,0.33632006247015167,-0.199664696506522,-0.8800981211567138,-0.7877925498274703,1.1826787218409367,-0.3106376190152393,-0.8607708259123864,0.7281459239557442,-0.20891663827277251,-0.7700793670144057,0.9306726158199429,-0.32145481793022335,-0.9713306962950571,0.1563315522232553,0.0,1.0,0.0,1.0,0.0,0.0,1.0,0.0
-0.15603072004618676,-0.20826570934015773,-0.3838777243884038,-0.13426375973545238,0.9962363231362094,0.4454498506723336,-0.3550136838208085,-0.16235803823978762,-0.8265376597913799,-0.05859408549888116,-0.5004132088598447,-0.8256919190956862,1.277745347843743,-0.32899398446525663,0.23531176393062264,-0.10391629494762186,1.0,0.0,1.0,0.0,0.0,0.0,1.0,1.0
0.4265311295793608,-0.2923378977061375,-0.38071456324633624,-0.12434225539556876,0.38769542228445053,1.4320437710721767,-0.7394367852362517,1.0238786079638258,-0.8379487151650488,-0.7435623277012209,-1.111768178523542,-1.7062239937159691,1.9204726293692993,-0.32522440119774,0.7380794556913225,-0.3376082393459605,0.0,0.0,0.0,0.0,0.0,0.0,0.0,1.0
-0.803321664074573,-0.21355793986126304,-0.2403782189189969,-0.06717549229433455,0.5905423892350369,1.4320437710721767,0.9263966542306504,0.13420112331111575,-0.37009544484463075,0.15556911167549367,0.08888256086753377,0.36070919197164214,-0.49618194916679187,-0.32899398446525663,-0.1669023894779372,-0.08532716300684486,1.0,0.0,0.0,0.0,0.0,0.0,0.0,0.0
0.5559893183850382,-0.27803959068420386,-0.37539119449505176,-0.1235323366739456,0.13413671359621768,0.4454498506723336,-0.22687265001566076,-0.3106376190152393,-0.6021202374425615,-0.17912725680115338,-0.656403265552386,-1.585730130873194,2.0490180856744105,-0.32899398446525663,-0.26745592783007727,0.1881986355503015,1.0,0.0,0.0,1.0,0.0,0.0,0.0,0.0
-1.6642186196323268,-0.21309370911379766,0.5677708777433885,0.5812319375918013,0.3319125063730396,-1.2810895100273918,-0.6112957514311039,0.13420112331111575,0.20426100896336227,3.8912124501567815,-0.665857208382237,0.9168347127844524,-0.9975092287567258,-0.21967606970727416,-0.870777157942917,-0.029559767184514044,0.0,1.0,0.0,1.0,0.0,0.0,1.0,1.0
-1.2887898720958626,-0.08826206112035784,1.3161285137935212,-0.031606561769717746,0.13413671359621768,-0.7877925498274703,0.6701145866203551,2.358394834942891,-0.3967212407165242,-0.10160371931158621,-0.0923180100379436,0.9909847822261603,-1.126054685061837,-0.07266232227412538,-0.9713306962950571,-0.19686195465150647,0.0,1.0,0.0,1.0,0.0,0.0,0.0,1.0
0.23234384637084501,-0.10669202179473329,-0.3848421027853756,-0.09673752563357962,-1.2857920550578863,1.6786922511721374,-0.7394367852362517,2.210115254167439,0.2879420817035999,-0.6906410087300323,-0.4752026946469088,-0.7793481256946186,0.5707453381656313,-0.04250565613399226,2.5480431460298423,-0.05346007967979864,1.0,0.0,0.0,0.0,0.0,0.0,0.0,0.0
-0.11719326340448356,-0.28207839818715263,-0.38399344979604044,-0.1166480275401488,-0.6265394124684809,0.4454498506723336,-1.380141954261981,1.394577559902455,0.05972097423022532,-1.1825083847197744,-0.8139689793832359,-1.4745050267106317,1.7276544449116324,-0.31768523466270676,-0.569116542886497,-0.14640573938368337,1.0,0.0,1.0,1.0,0.0,0.0,1.0,0.0
0.6077725939073091,-0.2702869372015321,-0.2538795164766024,-0.14769491186903633,-1.6407742472214124,1.6786922511721374,-0.22687265001566076,0.20834091369884158,-0.8721818812860549,-0.8653344596483035,-0.5114428088280042,-0.454941571887146,0.44219988186052006,-0.18951940356714114,-1.0718842346471968,0.018240857806055274,0.0,1.0,1.0,0.0,0.0,0.0,0.0,0.0
3.080424000095744,0.3788469169793043,-0.2500220028887151,0.0028149838992662514,0.9455245813985629,1.1853952909722159,1.0545376880357982,-0.6813365709538685,0.9611943487500553,1.5628514098023165,0.13615227501678856,1.2968538186732057,-1.216036504475415,-0.2686806521849905,0.03420468722634272,-0.14640573938368337,1.0,0.0,0.0,0.0,0.0,0.0,0.0,0.0
0.2970729407736837,-0.27372224473277584,-0.3834919730296151,0.0028149838992662514,0.6412541309726834,0.19880137057237285,2.0796659584769617,-1.1261753132802235,0.4591079123086307,-0.3566526177647055,0.851500615808847,-0.2881039156433032,0.4036362449689868,-0.3101460681276735,0.6375259173391824,0.10056415640092448,0.0,0.0,0.0,0.0,0.0,0.0,0.0,1.0
-0.09130162564334808,-0.23936916942033798,-0.23073443494927873,-0.0886383384173481,0.2862719388091574,-0.7877925498274703,1.8233838908666662,-0.08821824785206177,0.04070254860744382,0.9515128287772822,-0.1963113811663045,0.16606525968715907,-0.12340012588196922,-0.14428440435694145,2.145828992621282,0.17226509388677852,0.0,0.0,0.0,0.0,0.0,0.0,0.0,0.0
3.2746112833042607,-0.2900631670435571,0.15501692383944946,-0.0950501949635314,-0.46933301308177683,-0.2944955896275487,0.15755045139977328,-0.08821824785206177,-0.3396659638481807,0.730800839623195,0.8294414158725278,1.0095222995865876,-0.9975092287567258,-0.2799894019875404,-0.669670081238637,-0.08798275328409877,0.0,1.0,0.0,1.0,0.0,0.0,0.0,1.0
-0.40847418821725745,-0.08102006145989796,0.3286050352943771,-0.022832442285466926,-1.4176425835757676,-0.5411440697275095,1.1826787218409367,0.3566204944742933,-0.5032244242040992,0.44831781260641623,-0.04347263875038035,0.48120305481441744,-0.5476001316888364,0.4060747527004875,0.3358653022827627,0.3289449202447555,0.0,1.0,0.0,1.0,0.0,0.0,0.0,1.0
0.7501766015935539,0.001984396186911418,0.4829055788098684,0.0028149838992662514,0.7426776144479765,1.6786922511721374,-0.3550136838208085,-1.9417130075452078,0.010273067610993834,-0.5612581185362571,-0.5760447514986526,1.1856287145106446,-1.1646183219533706,-0.21967606970727416,0.1347582255784828,-0.0030038644119755333,1.0,0.0,0.0,0.0,0.0,0.0,0.0,0.0
-0.9975089472830887,-0.11463036757639124,-0.37539119449505176,0.0028149838992662514,0.7426776144479765,-0.5411440697275095,0.6701145866203551,-0.45891719979069096,-0.0962301158765808,-0.6078076399055634,-0.5145941231046213,-0.2510288809224486,0.13369078672825327,-0.32899398446525663,0.5369723789870429,-0.10922747550212956,0.0,1.0,1.0,1.0,0.0,0.0,0.0,1.0
-0.6285531091869087,-0.25608147632909156,-0.3849964033288911,-0.15714396362130645,0.6412541309726834,-1.2810895100273918,1.4389607894512322,-2.683110911422466,-1.1460472102541048,0.6649589310704119,-0.04032132447376314,1.1300161624293628,-0.9075274093431479,3.870321775548276,0.03420468722634272,0.15898714250050908,0.0,0.0,0.0,1.0,0.0,0.0,1.0,1.0
-1.6642186196323268,7.336644513840879,-0.3001696795312498,-0.012033525997158219,-1.8639059108670573,-0.5411440697275095,-2.4052702247031448,0.8014592368006483,0.21567206433703145,2.250828556427767,0.4890994739978922,1.1763599558304303,-0.9460910462346812,-0.20459773663720765,3.050810837790542,-0.2154510865922835,0.0,1.0,1.0,1.0,0.0,0.0,0.0,1.0
0.9378909753617859,0.173935465048087,2.3537996689352,-0.06265344609860528,0.38769542228445053,-1.034441029927431,-0.6112957514311039,0.06006133292338991,1.6078208199246173,-0.2601906818473217,-0.27351858094342096,0.2031402944080123,-0.26480012781759177,-0.3026069015926402,-0.770223619590777,0.05276353141035528,0.0,1.0,1.0,1.0,0.0,0.0,0.0,1.0
0.2970729407736837,-0.2934520515000544,-0.38491925305713337,-0.17394977709498688,0.03271323012092454,0.4454498506723336,-0.4831547176259562,0.504900075249745,-0.11905222662391846,-0.37399806679205155,-0.2561863524220276,-0.05638494863796557,0.36507260807745334,0.047964342286407016,-1.272991311351477,-0.11188306577938337,0.0,0.0,1.0,0.0,0.0,0.0,1.0,0.0
-0.15603072004618676,-0.27116897562171627,-0.3696049241132209,-0.057051508274045135,-0.11942199509201518,1.1853952909722159,1.951524924671814,-1.2744548940556752,0.656899538785556,-0.400901212222221,0.5300665595939131,0.3421716746112149,-0.23909103655656938,-0.32899398446525663,0.6375259173391824,-0.13843896855192186,0.0,1.0,0.0,1.0,0.0,0.0,0.0,1.0
-0.9975089472830887,-0.15385786573721558,-0.37539119449505176,0.0005877074148025808,0.6412541309726834,-0.2944955896275487,1.1826787218409367,-0.16235803823978762,0.4667152825577437,0.8350505281651015,-0.7225808653613429,-0.09345998335882012,-0.02056376083788037,-0.32899398446525663,1.1402936090998823,-0.18623959354249106,1.0,0.0,0.0,0.0,0.0,0.0,0.0,1.0
-0.40847418821725745,-0.238162169476928,0.4597604972825447,-0.1625434217654608,-0.4236924455178946,1.1853952909722159,-0.09873161621052216,1.0980183983515517,-0.982488749898186,-1.1825083847197744,-0.5492585801474081,-0.6403167454914162,0.7892726138843204,-0.32899398446525663,-0.770223619590777,-0.1756172324334758,0.0,1.0,1.0,0.0,0.0,0.0,0.0,0.0
-0.9327798528802502,-0.2585883223654046,-0.3724980593041363,0.0028149838992662514,0.7426776144479765,-0.04784710952758794,0.15755045139977328,-0.08821824785206177,-0.8645745110369426,-0.846927044353977,-0.6170118370946736,0.04557139684438245,0.0951271498367198,-0.32899398446525663,0.43641884063490277,-0.2366958088103143,0.0,0.0,1.0,1.0,0.0,0.0,0.0,0.0
-0.28548890885186384,-0.1881645179749069,-0.07257637784590017,0.0028149838992662514,0.6412541309726834,0.4454498506723336,-0.22687265001566076,1.2462979791270035,0.04830991885655649,-0.155233015794095,-0.6012552657115886,0.8241471259823174,-0.7275637705159922,0.13466475743928966,0.03420468722634272,-0.029559767184514044,0.0,1.0,1.0,0.0,0.0,0.0,0.0,1.0
-0.6738634752688957,-0.2630449375410722,-0.3849964033288911,-0.08182152251035323,0.8948128396609163,-1.034441029927431,0.15755045139977328,0.504900075249745,0.4020526354402876,-1.1653399300702585,-0.1884330954747622,-0.12126625939946037,0.6864362488402317,1.065751824515899,0.23531176393062264,0.1403980105597323,0.0,0.0,0.0,1.0,0.0,0.0,0.0,0.0
0.10288565756516767,-0.2901095901183037,-0.3849964033288911,-0.07331737593331013,0.23556019707151082,-0.04784710952758794,0.41383251901006873,-1.7192936363820304,-0.44616914733575536,-0.2608986593586419,-0.027716067367295143,-0.13980377675988764,-0.07198194335992492,-0.23475440277734072,-1.172437772999337,-0.3721309129502605,0.0,0.0,0.0,1.0,0.0,0.0,0.0,0.0
-0.9975089472830887,-0.23528393884264268,-0.37955730916997005,0.0028149838992662514,0.8948128396609163,0.4454498506723336,-1.892706089482563,0.13420112331111575,0.5047521338033061,1.733296995652666,0.687632273424763,0.9631785061855199,-0.8175455899295699,-0.0651231557390921,2.9502572994384018,-0.06939362134332175,1.0,0.0,1.0,0.0,0.0,0.0,0.0,1.0
-0.803321664074573,0.34885761069304094,-0.018571187615478227,0.0028149838992662514,1.046948064873856,1.6786922511721374,-0.7394367852362517,-0.903755942117046,-1.0167219160191923,-0.4927612943160231,-0.11122589569764574,0.5738906416165525,-0.38049103849219174,-0.23852398604485736,-0.9713306962950571,-0.1995175449287604,0.0,1.0,1.0,0.0,0.0,0.0,0.0,0.0
0.03815656316232927,-0.19341032542126568,-0.38491925305713337,-0.12623206574602278,0.6412541309726834,-1.2810895100273918,-0.7394367852362517,0.5790398656374708,1.836041927397992,-0.9426810027600406,1.3683161571740343,-0.5476291586892811,0.7121453401012539,-0.32899398446525663,-0.26745592783007727,-0.0003482741347217411,1.0,0.0,0.0,0.0,0.0,0.0,0.0,0.0
0.7372307827129861,-0.2913630131364602,-0.38503497846477,-0.020807645481409044,-0.2056319560460145,-0.2944955896275487,1.0545376880357982,0.06006133292338991,0.4172673759385122,-1.1825083847197744,-0.42005469480611124,-0.1768788114807409,0.35221806244694226,-0.32522440119774,-0.870777157942917,-0.08532716300684486,0.0,0.0,1.0,1.0,0.0,0.0,1.0,0.0
0.8407973337575281,-0.2606309376542522,-0.30402719311913706,-0.13149653743657327,-0.5758276707308343,-0.7877925498274703,0.5419735528152073,-0.6071967805661427,-0.8988076771579487,0.6100906739430929,-0.2341271524857085,-1.1130234381823056,1.4577089866708992,-0.3026069015926402,-0.9713306962950571,-0.3429194199004682,0.0,1.0,0.0,0.0,0.0,0.0,0.0,1.0
-0.35021800325470254,0.8416385491275384,1.0615326169929606,0.0028149838992662514,0.0834249718585711,0.6920983307722944,-0.7394367852362517,0.5790398656374708,-0.6743902548091303,1.9621507261869358,-0.024564753090678213,0.5460843655759122,-0.29050921907861393,-0.32899398446525663,0.3358653022827627,0.1855430452730477,0.0,1.0,0.0,1.0,0.0,0.0,1.0,0.0
0.4459498579002125,-0.033436409844696834,0.07400913849381653,0.3531048310012799,0.281200764635393,1.1853952909722159,-1.1238598866516856,-0.08821824785206177,0.3297826180737184,0.010787710610503149,-0.3034560665712823,0.17533401836737206,-0.059127397729413604,-0.32145481793022335,-0.569116542886497,-0.07470480189782945,0.0,1.0,0.0,1.0,0.0,0.0,1.0,1.0
-0.9975089472830887,1.5725234379370274,-0.38503497846477,0.0028149838992662514,0.7426776144479765,-0.2944955896275487,2.2078069922821095,-2.0899925883206594,0.4667152825577437,1.1431977399672395,1.316319471609854,1.2968538186732057,-1.1646183219533706,0.13466475743928966,0.3358653022827627,-0.16765046160171418,1.0,0.0,0.0,1.0,0.0,0.0,0.0,1.0
-0.7385925696717343,-0.21286159374006497,-0.32717227464646076,-0.10328436863336678,0.5398306474973903,0.9387468108722552,-0.6112957514311039,0.13420112331111575,-1.476967816090498,-1.1464015316424416,-0.8108176651066189,-0.6681230215320564,0.08227260420620872,-0.32899398446525663,-1.0718842346471968,0.2014765869365707,1.0,0.0,0.0,1.0,0.0,0.0,0.0,1.0
1.915300300844649,-0.16453517292891923,-0.29920530113427796,0.0028149838992662514,0.7426776144479765,1.4320437710721767,-0.9957188528465379,0.8014592368006483,1.075304902486743,1.8352457572827816,-0.1758278383682942,0.8056096086218901,-0.6118728598413921,-0.05381440593654218,1.8441683775648623,0.023552038360562858,0.0,1.0,0.0,0.0,0.0,0.0,0.0,1.0
-0.28548890885186384,-0.28309970583157645,-0.37346243770110815,-0.06940276877879822,0.4384071640220971,0.6920983307722944,-0.4831547176259562,0.8014592368006483,0.2004573238388061,1.1856763906464545,-0.05135092444192267,-0.01930991391711103,-0.07198194335992492,-0.14428440435694145,-0.669670081238637,0.02620762863781677,1.0,0.0,1.0,0.0,0.0,0.0,0.0,1.0
0.465368586221064,-0.22098563182070904,-0.3696049241132209,-0.15984369269338364,0.27612959046162794,0.6920983307722944,1.6952428570615277,-0.5330569901784168,-0.49942073907954304,0.7010657841477447,0.213359474793905,-0.7237355736133382,0.6735817032097204,-0.1782106537645912,0.03420468722634272,0.30504460774947095,1.0,0.0,0.0,0.0,0.0,0.0,0.0,0.0
-1.0169276756039403,-0.059433331702757934,1.6208720872366165,0.10203002729810248,0.07328262351104164,-1.2810895100273918,1.8233838908666662,-0.23649782862751345,0.15481310234413145,-0.286739838521831,-0.6012552657115886,1.2690475426325654,-1.0874910481703035,-0.283758985255057,-0.870777157942917,-0.034870947739021746,0.0,1.0,1.0,1.0,0.0,0.0,0.0,1.0
-0.9327798528802502,-0.20733724784522697,-0.3849578281930122,0.0028149838992662514,0.23556019707151082,0.19880137057237285,-0.6112957514311039,-0.16235803823978762,-0.484205998581318,-0.20443745283085224,-0.20261400971953863,0.27729036384972006,-0.4833274035362808,0.49654475112088686,1.0397400707477427,-0.3561973712867374,1.0,0.0,0.0,1.0,0.0,0.0,1.0,1.0
-0.15603072004618676,-0.27706470611452655,-0.38021308647991087,-0.15410676841521964,-3.4156852080390423,0.9387468108722552,0.9263966542306504,-0.903755942117046,0.6987400751556745,-1.072594876087306,-0.8439064650110973,-0.01930991391711103,0.1722544236197865,-0.2912981517900903,0.23531176393062264,0.10056415640092448,1.0,0.0,1.0,1.0,0.0,0.0,0.0,0.0
0.1935063897291418,1.3491820253314348,0.5542695801857831,-0.02688203589358269,1.1128733291327964,1.1853952909722159,-1.6364240218722674,-0.08821824785206177,0.7443842966503491,2.1887035298094153,-0.4011468091464094,0.07337767288502402,-0.27765467344810285,-0.19328898683465778,-0.870777157942917,-0.06408244078881405,0.0,1.0,0.0,0.0,0.0,0.0,0.0,0.0
0.3618020351765224,-0.23946201556983104,-0.31559973388279894,-0.08553364998445935,0.7933893561856231,-0.2944955896275487,0.5419735528152073,1.1721581887392776,-0.7124271060546926,1.755952276014914,0.8420466729789958,0.8890284367438122,-0.9975092287567258,-0.19328898683465778,0.23531176393062264,-0.010970635243737144,0.0,1.0,0.0,0.0,0.0,0.0,1.0,0.0
-1.683637347953178,1.2166441469300697,0.34827835459260226,0.4853915555330615,0.6412541309726834,-0.5411440697275095,1.4389607894512322,-1.0520355228924978,-0.906415047407061,-0.043726557761155894,0.3425633601352019,-0.13980377675988764,0.22367260614183104,-0.17067148722955794,-0.9713306962950571,0.05807471196486298,0.0,1.0,0.0,1.0,0.0,0.0,1.0,1.0
-0.09130162564334808,2.0494741078829555,-0.11886654090054755,0.0028149838992662514,1.046948064873856,-1.2810895100273918,1.4389607894512322,0.7273194464129225,0.5047521338033061,-0.24921703042185792,-0.07813709579316713,1.0373285756272277,-1.138909230692348,-0.32145481793022335,1.5425077625084427,-0.056115669957052555,1.0,0.0,1.0,0.0,0.0,0.0,0.0,0.0
-0.2466514522101609,-0.2790608983286277,-0.1535841631915331,-0.12069762114826457,-0.8800981211567138,1.6786922511721374,-1.1238598866516856,-0.7554763613415943,-1.5302194078342854,-0.09204602290876288,-0.12383115280411373,-0.7515418496539784,0.956381707080965,-0.05004482266902554,-0.569116542886497,0.5281141910387942,0.0,1.0,0.0,0.0,0.0,0.0,1.0,0.0
0.7501766015935539,-0.22548867007112322,-0.3804059621593052,-0.08823337905653653,0.5398306474973903,-1.2810895100273918,0.15755045139977328,1.1721581887392776,-0.10764117125024963,0.6484984539322163,-0.3412718378906863,0.10118394892566428,-0.02056376083788037,-0.32899398446525663,-1.5746519264078969,-0.07736039217508336,0.0,0.0,1.0,0.0,0.0,0.0,0.0,0.0
-0.026572531240509407,-0.22897040067711355,0.6140610407980359,0.0028149838992662514,-1.8943329559096451,-0.7877925498274703,-0.4831547176259562,2.432534625330617,0.12438362134768147,0.8187670454047358,-0.31921263795436755,-0.047116189957752595,-0.36763649286168065,-0.29883731832512356,0.43641884063490277,-0.034870947739021746,0.0,1.0,0.0,0.0,0.0,0.0,0.0,0.0
-1.4311938797821075,1.2677559522260078,0.023861461851281872,0.00011525482718907486,0.30148546133045123,1.1853952909722159,-1.1238598866516856,-0.3106376190152393,0.3526047288210561,0.2164551776490352,-0.6170118370946736,0.8519534020229577,-0.9075274093431479,-0.29883731832512356,-1.172437772999337,-0.23935139908756808,0.0,1.0,0.0,0.0,0.0,0.0,0.0,0.0
-0.4408387354186767,-0.2528782841715804,-0.3456883398683197,-0.10989870485995587,0.7578911369692704,0.9387468108722552,1.1826787218409367,-0.9778957325047719,2.4065946960814286,0.25291601948202774,0.7695664446168048,0.5368156068956993,-0.8046910442990589,3.497133032064129,-0.9713306962950571,-0.05346007967979864,0.0,1.0,0.0,0.0,0.0,1.0,0.0,0.0
-0.3178534560532833,-0.13955955871528197,0.6642087174405705,0.11012921451433401,-1.5900625054837658,1.1853952909722159,-1.5082829880671198,0.7273194464129225,-0.6059239225671177,0.5803556184676423,-0.2766698952200379,0.6851157457791148,-1.228891050105926,-0.3026069015926402,-0.9713306962950571,-0.14375014910642958,0.0,1.0,1.0,1.0,0.0,0.0,1.0,1.0
0.10288565756516767,-0.29331278227581475,-0.38021308647991087,-0.06285592577901107,-0.37298070378024806,-1.034441029927431,-1.1238598866516856,-0.8296161517293201,-0.6363534035635676,-0.6536491837635494,0.19130027485758594,-0.3066414330037305,0.36507260807745334,-0.27621981872002377,0.23531176393062264,0.16960950360952448,0.0,0.0,0.0,0.0,0.0,0.0,1.0,0.0
-0.40200127877697345,-0.10994163702699093,2.4695250765718186,-0.10652404351985939,1.1433003741753847,-0.7877925498274703,0.7982556204255028,0.06006133292338991,0.6226663726645498,0.4773448905705464,-0.22467320965585744,-0.0007723965566850734,-0.38049103849219174,0.8961205774776503,-0.569116542886497,-0.188895183819745,0.0,1.0,0.0,0.0,0.0,0.0,0.0,1.0
0.5559893183850382,-0.2777146291609781,-0.31559973388279894,-0.13183400357058292,-1.0322333463696536,0.6920983307722944,-1.380141954261981,0.504900075249745,0.5427889850488683,-0.6709946327908954,-0.14746600987874098,-1.8267178565587452,2.1132908138269664,-0.32899398446525663,-1.272991311351477,0.042141170301339875,1.0,0.0,0.0,0.0,0.0,0.0,0.0,1.0
-0.47967619206037987,-0.28764916715673716,-0.3849964033288911,0.0028149838992662514,-2.3507386315484644,0.19880137057237285,-0.6112957514311039,-1.1261753132802235,-1.3666609474783669,0.8975295435391133,0.8483493015322298,0.008496362123529222,0.06941805857569763,-0.32899398446525663,0.5369723789870429,-0.034870947739021746,0.0,0.0,1.0,0.0,0.0,0.0,0.0,0.0
1.2680093568162627,-0.2735365524337897,-0.3464598425858972,0.0028149838992662514,0.6412541309726834,-0.5411440697275095,0.285691485204921,0.5790398656374708,-0.5983165523180053,1.036293135757882,0.4591619883700308,0.9075659541042395,-0.8175455899295699,-0.2536023191149239,-1.272991311351477,-0.07204921162057566,1.0,0.0,1.0,0.0,0.0,0.0,0.0,0.0
-0.5767698336646377,-0.11388759838044663,-0.3464598425858972,-0.13892079238478552,0.7376064402742122,-1.034441029927431,0.9263966542306504,0.06006133292338991,-0.4423654622111992,0.17362253821416018,-0.1584956098469005,1.065134851667868,-0.7404183161465033,-0.28752856852257364,-1.5746519264078969,-0.04018212829352945,0.0,1.0,0.0,1.0,0.0,0.0,0.0,1.0
0.49126022398219943,-0.29368416687378707,-0.384417776290708,0.0028149838992662514,-2.401450373286111,1.6786922511721374,-0.4831547176259562,1.0238786079638258,0.29554945195271226,0.3389352871074378,-0.6611302369673115,0.3236341572507876,0.04370896731467525,-0.11789732148432501,-0.669670081238637,-0.013626225520990937,0.0,0.0,1.0,0.0,0.0,0.0,1.0,0.0
-0.16250362948647049,1.3396652950083947,-0.03014372837914007,-0.1071989757878787,0.6412541309726834,-0.2944955896275487,0.6701145866203551,-0.8296161517293201,-1.012918230894636,0.13609973011418697,-0.40272246628471786,-0.5105541239684278,0.9049635245589207,-0.32899398446525663,-1.172437772999337,-0.06939362134332175,0.0,1.0,0.0,0.0,0.0,0.0,0.0,1.0
-0.8680507584774115,-0.25807766854319264,-0.37056930251019266,0.0028149838992662514,0.5398306474973903,-0.2944955896275487,0.41383251901006873,-0.6813365709538685,-1.5948820549517417,-0.7035615983116268,0.39140873142276544,-0.037847431277538306,-0.033418306468391445,-0.32899398446525663,0.7380794556913225,-0.02159299635275255,0.0,0.0,1.0,1.0,0.0,0.0,0.0,0.0
2.303674867261681,-0.26717659119351406,0.5484833098039521,0.0028149838992662514,-0.9308098628943603,1.4320437710721767,-0.7394367852362517,-0.7554763613415943,-0.560279701072443,-0.6271000270890402,-0.6721598369354711,0.4348592614133499,-0.41905467538372515,-0.32899398446525663,-0.870777157942917,-0.14109455882917565,0.0,0.0,1.0,0.0,0.0,0.0,0.0,1.0
0.0834669292443162,-0.2900631670435571,-0.1921592990704059,0.0041648484353048396,-0.6316105866422452,-1.2810895100273918,0.15755045139977328,0.4307602848620191,0.596040576792656,0.48743357010685984,-0.6185874942329822,0.3236341572507876,0.14654533235876432,-0.31768523466270676,-0.9713306962950571,-0.029559767184514044,0.0,1.0,0.0,1.0,0.0,0.0,0.0,1.0
-0.46025746373952825,-0.2760898215448493,-0.3194572474706862,-0.16794287990961515,0.7933893561856231,0.6920983307722944,-0.3550136838208085,-1.5710140556065786,-0.9710776945245175,2.342688638521569,1.4943687282387144,0.05484015552459675,-0.5347455860583253,0.04042517575137374,-0.4685630045343572,0.1324312397279707,1.0,0.0,0.0,0.0,0.0,0.0,1.0,1.0
-0.5444052864632184,-0.23519109269314958,-0.3848421027853756,0.0028149838992662514,0.13413671359621768,-0.2944955896275487,0.5419735528152073,-1.4227344748311268,-1.7812626260549977,-0.9961333048647192,-0.16479823840013466,-0.05638494863796557,0.005145330423142017,-0.32899398446525663,1.3414006858041625,0.042141170301339875,0.0,0.0,0.0,1.0,0.0,0.0,1.0,1.0
0.9119993376006504,-0.2902488593425433,0.03543400261494371,-0.014058322801216102,0.6412541309726834,-0.2944955896275487,0.15755045139977328,-0.01407845746433593,0.1167762510985688,0.4226536278210572,-0.6091335514031311,0.8241471259823174,-0.9589455918651925,-0.32145481793022335,-1.0718842346471968,0.018240857806055274,0.0,1.0,0.0,0.0,1.0,0.0,0.0,1.0
-0.026572531240509407,-0.29377701302328013,-0.38021308647991087,-0.05050466527425798,0.13413671359621768,-1.2810895100273918,0.7982556204255028,1.0980183983515517,0.2004573238388061,-0.8196699101681475,0.59624415940287,0.49047181349463176,-0.6761455879939476,-0.3139156513951901,0.6375259173391824,-0.23935139908756808,0.0,0.0,0.0,1.0,0.0,0.0,0.0,0.0
-0.09130162564334808,-0.2630913606158187,-0.3823347189532489,-0.16335334048708397,1.046948064873856,-1.2810895100273918,0.6701145866203551,0.9497388175761,-1.385679373101148,0.5175226143379704,0.27165878891131934,0.4626655374539902,-0.36763649286168065,0.02534684268130718,0.03420468722634272,-0.17296164215622187,0.0,0.0,1.0,0.0,0.0,0.0,0.0,1.0
-0.9975089472830887,-0.25612789940383807,-0.3811774648768827,0.0028149838992662514,0.6412541309726834,-0.7877925498274703,-0.8675778190413902,0.8755990271883741,-0.9786850647736299,0.7201811769533913,-0.37278498065685634,0.5646218829363395,-0.41905467538372515,-0.32899398446525663,0.43641884063490277,0.03948558002408596,1.0,0.0,0.0,1.0,0.0,0.0,0.0,0.0
2.7179410714398475,0.5184875258168896,1.6748772774670384,0.24511566811819283,0.636182956798919,-1.2810895100273918,-0.22687265001566076,-1.3485946844434011,0.18524258334058147,-1.0122397932472549,1.5038226710685652,1.315391336033633,-1.2803092326279704,-0.32145481793022335,-0.26745592783007727,-0.12250542688839877,0.0,1.0,1.0,0.0,0.0,0.0,0.0,1.0
-0.8356862112759922,0.205967386623198,-0.26930957082815155,-0.07817688826304904,0.8948128396609163,1.4320437710721767,-0.09873161621052216,-0.7554763613415943,1.1209491239814176,2.127286480702384,1.117786672182983,0.7592658152208226,-0.9589455918651925,-0.15936273742700802,2.648596684381982,-0.11188306577938337,0.0,1.0,1.0,0.0,0.0,0.0,0.0,0.0
1.2550635379356954,0.2089384634069764,0.7992216930166255,-0.199664696506522,0.4384071640220971,-0.7877925498274703,0.41383251901006873,-0.7554763613415943,1.3111333802092298,1.0523996241404174,-0.42635732335934523,0.7685345739010369,-0.6890001336244588,-0.3139156513951901,-0.669670081238637,-0.07204921162057566,0.0,1.0,1.0,0.0,0.0,0.0,0.0,0.0
-0.7385925696717343,-0.2783181291326831,-0.3848421027853756,-0.0347112502026065,0.2862719388091574,1.6786922511721374,-0.4831547176259562,-2.4606915402592886,-1.2069061722470045,-1.1334809420608474,0.6639974163501354,-0.01930991391711103,0.3393635168164312,-0.32899398446525663,-0.1669023894779372,-0.05346007967979864,0.0,0.0,0.0,0.0,0.0,0.0,0.0,1.0
0.9637826131229213,-0.19730986369997483,-0.2114468670098423,-0.09977472083966646,0.38769542228445053,1.6786922511721374,0.5419735528152073,0.4307602848620191,0.3411936734473876,-0.1401884936785397,-0.018262124537444354,0.22167781176843956,-0.18767285403452486,-0.3139156513951901,-1.0718842346471968,-0.12781660744290646,1.0,0.0,1.0,0.0,0.0,0.0,0.0,0.0
2.562591244873035,-0.2764612061428216,-0.32717227464646076,0.0028149838992662514,0.03271323012092454,1.6786922511721374,0.7982556204255028,-1.3485946844434011,-0.1418743373712558,-0.3998392459552406,-0.36175538068869695,-1.2149797836646536,1.7662180818031659,-0.32145481793022335,0.43641884063490277,-0.20748431576052187,0.0,1.0,0.0,1.0,0.0,0.0,1.0,0.0
0.2970729407736837,-0.2863028979890876,-0.3823347189532489,-0.1522169580647656,-1.2857920550578863,-1.2810895100273918,-1.1238598866516856,-1.793433426769756,1.0943233281095237,-0.45913236252831136,0.1266983321869375,0.47193429613420446,-0.18767285403452486,0.30052642121002165,0.6375259173391824,0.02886321891507056,0.0,0.0,0.0,1.0,0.0,0.0,1.0,0.0
-0.8680507584774115,-0.021737795008569337,-0.38021308647991087,0.0028149838992662514,0.38769542228445053,1.6786922511721374,-0.4831547176259562,1.0238786079638258,-0.9406482135280676,-0.47877873846744823,-0.1963113811663045,0.4533967787737772,-0.8175455899295699,-0.32522440119774,0.5369723789870429,0.004962906419785961,1.0,0.0,0.0,1.0,0.0,0.0,1.0,0.0
0.5559893183850382,-0.28997032089406405,-0.38449492656246576,0.0028149838992662514,-1.0829450881073002,1.6786922511721374,-0.9957188528465379,1.5428571406779068,-1.663348387193754,-0.4516985986594487,-0.08601538148470973,-0.14907253544010063,0.005145330423142017,-0.32899398446525663,0.3358653022827627,0.40064585773060934,0.0,0.0,0.0,0.0,0.0,0.0,1.0,0.0
0.10288565756516767,-0.1983775944191452,-0.26930957082815155,-0.131766510343781,0.33698368054680394,1.6786922511721374,-0.3550136838208085,1.2462979791270035,-0.8645745110369426,1.010805945350353,0.4087409599441588,0.7870720912614628,-0.7789819530380366,0.24775225546478877,-0.569116542886497,-0.010970635243737144,0.0,1.0,0.0,0.0,0.0,0.0,1.0,0.0
-0.9975089472830887,-0.237558669505223,-0.3811774648768827,0.0028149838992662514,0.6919658727103299,-0.5411440697275095,0.285691485204921,-0.45891719979069096,0.6949363900311183,1.413645149291574,-0.709975608254875,0.05484015552459675,-0.02056376083788037,5.789039658714245,-0.669670081238637,-0.3083967462961682,0.0,0.0,0.0,1.0,0.0,0.0,0.0,1.0
-0.4149470976575412,-0.28913470554862636,-0.20710716422346911,-0.046657551346548004,-3.922802625415508,-0.5411440697275095,-1.5082829880671198,-0.8296161517293201,-1.0927956185103171,-0.3316964104906667,-0.4657487518170577,-1.613536406913834,0.7892726138843204,-0.2536023191149239,1.2408471474520224,-0.14906132966093727,0.0,0.0,0.0,1.0,0.0,0.0,0.0,0.0
-0.6091343808660571,-0.2380693233274349,-0.1632279471612513,-0.06420579031504965,0.4384071640220971,0.6920983307722944,-0.3550136838208085,0.13420112331111575,-0.37009544484463075,-0.9998501867991505,-0.41375206625287725,-0.31591019168394346,0.23652715177234213,-0.32899398446525663,0.5369723789870429,-0.1995175449287604,0.0,1.0,0.0,0.0,0.0,0.0,0.0,1.0
0.3812207634973738,-0.2538067456665112,-0.3817560919150658,-0.199664696506522,-0.11942199509201518,-1.034441029927431,0.5419735528152073,0.8755990271883741,0.6949363900311183,-1.1825083847197744,-0.31606132367775036,-0.028578672597325324,0.21081806051131996,-0.24606315257989064,-0.870777157942917,-0.3349526490687066,1.0,0.0,1.0,1.0,0.0,0.0,0.0,0.0
-1.3146815098569982,0.5200659103582719,6.86709056676332,-0.00865886465706175,0.13413671359621768,-1.2810895100273918,-0.8675778190413902,0.9497388175761,-1.1232250995067672,-1.1825083847197744,0.3252311316138085,0.11045270760587725,-0.26480012781759177,-0.242293569312374,-0.770223619590777,-0.23935139908756808,0.0,1.0,1.0,1.0,0.0,0.0,0.0,1.0
0.16761475196800635,-0.27451143700346703,-0.11500902731266027,-0.14614256765259195,0.13413671359621768,0.4454498506723336,-0.7394367852362517,0.6531796560251967,0.05591728910566882,-0.6170113475527265,0.2811127317411704,0.25875284648929414,-0.26480012781759177,0.7566459965795347,0.1347582255784828,0.19616540638206312,0.0,1.0,0.0,0.0,0.0,0.0,1.0,0.0
0.8149056959963925,-0.28876332095065405,-0.22301940777350415,-0.05036967882065412,-0.22084547856730832,-1.2810895100273918,-0.4831547176259562,0.4307602848620191,-0.10383748612569346,2.3485294529899616,-0.6406466941693011,-0.4085977784860785,-0.35478194723116957,-0.23475440277734072,-0.3680094661822171,0.08197502446014758,1.0,0.0,0.0,0.0,0.0,0.0,0.0,0.0
0.3618020351765224,-0.2908987823889948,-0.3848421027853756,-0.1414180417764569,0.38769542228445053,1.4320437710721767,-0.3550136838208085,0.8014592368006483,-0.14948170762036844,-1.1646319525589381,-0.31921263795436755,-1.418892474629351,1.5091271691929435,-0.24983273584740728,0.43641884063490277,0.2811442952541863,0.0,0.0,0.0,0.0,0.0,0.0,1.0,0.0
-1.690110257393462,0.5060925648595641,-0.384726377377739,-0.022832442285466926,0.9455245813985629,-1.034441029927431,1.4389607894512322,-1.4968742652188527,-0.49561705395498684,0.33203250637206544,-0.6611302369673115,0.48120305481441744,-0.25194558218708046,-0.06889273900660874,0.7380794556913225,-0.2818408435236297,0.0,1.0,0.0,1.0,0.0,0.0,1.0,1.0
-0.8680507584774115,-0.2730258986115778,-0.3696049241132209,-0.09592760691195648,0.7933893561856231,-1.2810895100273918,-2.4052702247031448,-0.7554763613415943,-1.1688693210014423,0.39521949925739763,-1.1448569784280205,0.0177651208037422,0.3136544255554088,-0.06889273900660874,1.4419542241563026,-0.48897688514942983,1.0,0.0,0.0,0.0,0.0,0.0,0.0,0.0
-1.036346403924792,-0.20817286319066466,1.4897166252484488,-0.05590412341841234,-1.3872155385331795,-0.7877925498274703,0.15755045139977328,0.7273194464129225,-0.8950039920333925,-0.780908141423364,0.07470164662275702,0.35144043329142916,-0.5476001316888364,0.014038092878757258,0.23531176393062264,0.1563315522232553,0.0,1.0,0.0,1.0,0.0,0.0,1.0,0.0
-1.327627328737566,-0.2347268619456842,-0.38476495251361786,-0.0255321713575441,0.8643857946183287,-1.034441029927431,0.5419735528152073,-0.01407845746433593,1.6610724116684044,-0.29275764736805304,-0.49883755172153615,0.3050966398903616,-0.36763649286168065,-0.283758985255057,-0.870777157942917,-0.10126070467036796,1.0,0.0,0.0,1.0,0.0,0.0,0.0,1.0
-0.42142000709782507,-0.08566236893455172,-0.12658156807632212,-0.059278784758508805,0.6767523501890361,-0.2944955896275487,-0.3550136838208085,0.8014592368006483,1.0448754214902929,-0.1083295056691286,-0.024564753090678213,0.3421716746112149,-0.5476001316888364,-0.3026069015926402,-0.569116542886497,-0.7651582739838301,0.0,1.0,0.0,1.0,0.0,0.0,0.0,0.0
-1.5541791591475012,0.3074946510938759,0.09908297681508386,0.5684082244994347,0.13413671359621768,-0.7877925498274703,0.029409417594625557,-0.01407845746433593,-0.7352492168020303,0.48017680061582735,-0.2546106952837191,-0.4827478479277863,0.36507260807745334,-0.31768523466270676,0.43641884063490277,0.007618496697039871,0.0,1.0,0.0,1.0,0.0,0.0,1.0,0.0
-0.6738634752688957,0.11869200609970715,1.0885352121081715,0.0028149838992662514,0.9962363231362094,-1.2810895100273918,0.5419735528152073,0.4307602848620191,-0.5222428498268803,1.5478068876867608,0.26535616035808546,0.35144043329142916,-0.38049103849219174,-0.3139156513951901,0.43641884063490277,0.1669539133322707,0.0,1.0,1.0,1.0,0.0,0.0,0.0,0.0
-0.9975089472830887,2.5678341605027954,-0.38503497846477,0.0028149838992662514,-0.0687102533543686,-0.04784710952758794,-0.3550136838208085,1.0980183983515517,-0.1418743373712558,1.2378897321063225,0.9807045011501435,1.500766509637903,-1.3188728695195038,-0.09904940514674182,1.3414006858041625,-0.3216746976824374,0.0,1.0,0.0,1.0,0.0,0.0,1.0,1.0
0.1546689330874386,-0.24415074611923135,-0.1921592990704059,-0.08560114321126128,0.20006197785515809,-1.2810895100273918,1.0545376880357982,1.8394163022288101,0.08254308497756264,0.43805213869227266,0.038461532441661776,0.3329029159310019,-0.4447637666447473,-0.29883731832512356,-0.4685630045343572,-0.0030038644119755333,0.0,1.0,0.0,1.0,0.0,0.0,1.0,1.0
-0.7580112979925859,-0.26782651423996556,-0.26930957082815155,-0.07547715919097187,-0.5859700190783638,-0.5411440697275095,-1.5082829880671198,0.13420112331111575,-0.26359226135705577,1.3085104888605175,-0.0749857815165502,0.9817160235459472,-1.2674546869974592,-0.3026069015926402,-0.569116542886497,-0.2659073018601066,0.0,1.0,0.0,1.0,0.0,0.0,0.0,1.0
-0.9975089472830887,-0.2879277056052164,-0.29245465235547524,-0.14654752701340354,-2.300026889810818,1.4320437710721767,-1.764565055677415,1.1721581887392776,-0.1418743373712558,-1.1725966995612909,-0.5287750373493977,-1.2149797836646536,1.2648908022132324,-0.32899398446525663,0.23531176393062264,0.24927721192714014,0.0,1.0,0.0,0.0,0.0,0.0,1.0,0.0
1.3327384512191016,-0.20808001704117157,-0.33681605861617897,0.0028149838992662514,0.7933893561856231,-0.2944955896275487,-0.7394367852362517,0.9497388175761,-1.4655567607168292,1.5571875897117542,0.8136848444894429,-0.20468508752138112,0.2750907886638756,0.296756837942505,0.23531176393062264,-0.1995175449287604,0.0,1.0,0.0,1.0,0.0,0.0,0.0,0.0
0.49126022398219943,-0.28704566718503216,-0.33102978823434803,-0.16902277153844603,-0.8800981211567138,1.4320437710721767,0.41383251901006873,1.0980183983515517,0.6226663726645498,-0.9255125481105246,-0.04504829588868881,-0.5290916413288538,0.5578907925351204,-0.004809823458825899,0.7380794556913225,0.03417439946957826,1.0,0.0,0.0,0.0,0.0,0.0,0.0,1.0
1.8505712064418105,-0.281939128962913,-0.26930957082815155,0.0028149838992662514,1.046948064873856,0.6920983307722944,-1.1238598866516856,1.0238786079638258,0.08634677010211882,-0.42727337451890013,-0.20261400971953863,-0.2510288809224486,0.6992907944707425,-0.20459773663720765,-0.26745592783007727,-0.02690417690726025,0.0,0.0,1.0,0.0,0.0,0.0,0.0,0.0
1.462196640024779,-0.2493501304908436,-0.37056930251019266,-0.02924429883165022,0.9455245813985629,-1.2810895100273918,-0.8675778190413902,0.06006133292338991,1.6458576711701798,0.33468742203951646,0.09518518942076763,1.065134851667868,-1.0360728656482592,-0.18574982029962447,3.050810837790542,-0.09329393383860647,1.0,0.0,0.0,0.0,0.0,0.0,0.0,1.0
1.6563839232332949,-0.28203197511240613,-0.3561036265556154,0.0028149838992662514,-1.6407742472214124,1.1853952909722159,0.029409417594625557,-0.01407845746433593,0.618862687539993,-1.0993210271396452,-0.9872912645971708,-1.1130234381823056,1.3163089847352767,-0.32899398446525663,-0.1669023894779372,-0.2898076143553912,1.0,0.0,0.0,0.0,0.0,0.0,1.0,0.0
0.03815656316232927,-0.2756720138721304,-0.1632279471612513,0.0028149838992662514,0.9455245813985629,1.1853952909722159,-0.6112957514311039,-1.2744548940556752,-0.29402174235350576,-0.4532915480599192,-0.08443972434640128,-0.5476291586892811,0.19796351488080888,-0.32899398446525663,2.0452754542691425,-0.08532716300684486,0.0,1.0,0.0,1.0,0.0,0.0,0.0,1.0
-0.9975089472830887,1.8612749628604919,4.861183501061933,0.0028149838992662514,-0.9815216046320069,-1.2810895100273918,-0.09873161621052216,0.3566204944742933,-0.560279701072443,2.239323921868813,-0.20418966685784712,-0.26029763960266294,-0.08483648899043598,-0.32522440119774,-0.1669023894779372,-0.3322970587914528,0.0,1.0,1.0,1.0,0.0,0.0,1.0,0.0
0.9508367942423539,-0.27432574470448085,0.33632006247015167,-0.0937003304274928,-0.8496710761141257,-0.7877925498274703,0.029409417594625557,1.6911367214533584,1.889293519141779,0.5688509839086885,-0.14746600987874098,0.6295031936978344,-0.8561092268211035,-0.32899398446525663,-0.770223619590777,-0.2712184824146143,0.0,1.0,1.0,1.0,0.0,0.0,0.0,0.0
-0.9327798528802502,0.14055727430532639,-0.3676761673192772,0.0028149838992662514,0.7426776144479765,0.4454498506723336,1.4389607894512322,-0.6813365709538685,-0.8265376597913799,-0.36196244909960734,-0.4799296660618343,-0.08419122467860583,0.13369078672825327,-0.2536023191149239,1.1402936090998823,-0.15171691993819106,1.0,0.0,0.0,0.0,0.0,0.0,0.0,0.0
-0.9975089472830887,-0.2512070534807051,-0.3609255185404745,0.0028149838992662514,0.7933893561856231,-0.7877925498274703,0.6701145866203551,-0.16235803823978762,0.558003725547093,1.473292254620305,-0.590225665743429,-0.19541632884116814,0.12083624109774195,-0.32899398446525663,-0.06634885112579712,-0.13843896855192186,1.0,0.0,1.0,0.0,0.0,0.0,1.0,0.0
6.446336909043352,-0.05827275483409449,2.8784215168878706,0.06288395575298343,0.22541784872398138,-0.7877925498274703,-0.7394367852362517,1.913556092616536,1.8778824637681104,-0.20355248094170184,-0.4689000660936748,0.41632174405292266,-0.25194558218708046,-0.32899398446525663,-0.870777157942917,-0.2260734477012989,0.0,1.0,0.0,0.0,0.0,0.0,1.0,0.0
-0.15603072004618676,-0.2808249751689961,-0.37539119449505176,0.0028149838992662514,0.6919658727103299,-1.2810895100273918,0.15755045139977328,0.7273194464129225,3.3575159772204892,1.714358597224849,-0.7934854365852254,1.241241266591925,-0.9975092287567258,0.9300468268852999,-0.4685630045343572,-0.2446625796420758,0.0,0.0,0.0,1.0,0.0,0.0,0.0,1.0
-0.8680507584774115,-0.1992132097645829,-0.1535841631915331,0.0028149838992662514,0.9455245813985629,-0.7877925498274703,-0.4831547176259562,0.4307602848620191,0.12438362134768147,0.1982247567325388,-0.16637389553844312,-1.8452553739191717,2.6917453671999674,-0.32899398446525663,0.23531176393062264,-0.14109455882917565,0.0,1.0,0.0,0.0,0.0,0.0,0.0,0.0
0.05757529148318073,-0.2913630131364602,-0.3657474105253336,-0.09842485630362786,-2.401450373286111,-0.7877925498274703,1.8233838908666662,-1.3485946844434011,-0.8531634556632738,-0.7888728884257168,1.1886912434068653,1.30612257735342,-1.2031819588449038,-0.16313232069452466,-0.06634885112579712,-0.12250542688839877,0.0,1.0,0.0,0.0,0.0,0.0,0.0,0.0
-0.09130162564334808,-0.282542628934618,-0.38491925305713337,-0.15329684969359647,-0.4794753614293056,0.6920983307722944,-0.7394367852362517,-0.08821824785206177,0.4020526354402876,-1.1825083847197744,-0.5807717229135781,-2.1881994450870716,2.8974180972881447,0.17236059011445598,1.0397400707477427,0.16164273277776312,0.0,0.0,1.0,0.0,0.0,0.0,0.0,0.0
-0.9975089472830887,-0.1855648257891008,-0.28859713876758797,0.0028149838992662514,0.6412541309726834,-0.7877925498274703,-0.4831547176259562,1.2462979791270035,0.3526047288210561,-0.8164840113672064,-0.16794955267675157,-6.627934852909341,-0.7918364986685478,-0.29883731832512356,0.03420468722634272,-0.38275327405927595,1.0,0.0,0.0,1.0,0.0,0.0,1.0,1.0
-1.5606520685877847,-0.1034888296372222,-0.3848806779212545,0.614978550992766,0.6412541309726834,0.19880137057237285,0.41383251901006873,0.9497388175761,-0.7846971234212614,-0.2952355686576739,0.7648394732018794,0.4626655374539902,-0.5733092229498586,-0.12166690475184165,-0.870777157942917,-0.2977743851871528,0.0,1.0,0.0,1.0,0.0,0.0,0.0,1.0
-0.1754494483670382,-0.17785859538117554,-0.3657474105253336,-0.07750195599502975,-1.0778739139335354,0.9387468108722552,-0.7394367852362517,-0.8296161517293201,0.9193538123799367,0.9246096833471128,0.20390553196405392,0.6851157457791148,-0.7275637705159922,2.0533826406052578,-0.9713306962950571,-0.04018212829352945,1.0,0.0,0.0,1.0,0.0,0.0,1.0,1.0
0.4265311295793608,-0.2861172056901014,-0.33392292342526353,-0.03795092508909911,-0.11942199509201518,1.6786922511721374,-1.6364240218722674,0.6531796560251967,-0.408132296090193,-0.8936535601011134,0.5663066737750087,-0.797885643055046,0.8663998876673873,-0.32899398446525663,-0.770223619590777,-0.03752653801627565,1.0,0.0,0.0,0.0,0.0,0.0,0.0,0.0
-1.230533687133308,-0.2832389750558161,0.2707423314760679,-0.199664696506522,-0.14984904013460285,1.6786922511721374,1.6952428570615277,0.28248070408656745,-0.4499728324603119,0.13963961767078825,-0.20418966685784712,0.7314595391801824,-0.8175455899295699,-0.2536023191149239,0.5369723789870429,0.08197502446014758,0.0,1.0,0.0,0.0,0.0,0.0,0.0,0.0
1.462196640024779,-0.29331278227581475,-0.31752849067674255,-0.018377889316539584,0.5905423892350369,-1.034441029927431,1.3108197556460846,1.468717350290181,-0.4309544068375304,0.2890228725593605,-0.5476829230090997,-0.49201660660800056,0.6992907944707425,-0.32899398446525663,0.5369723789870429,-0.08267157272959107,0.0,0.0,0.0,1.0,0.0,0.0,0.0,0.0
-0.7385925696717343,0.06428416249676498,-0.1685320283445963,-0.04328289000645154,-0.37298070378024806,1.1853952909722159,2.0796659584769617,-0.01407845746433593,-0.3282549084745119,0.2559249239051388,-0.24830806673048497,-1.7247615110763965,2.203272633240544,-0.32899398446525663,0.6375259173391824,-0.056115669957052555,0.0,1.0,0.0,0.0,0.0,0.0,1.0,1.0
0.2970729407736837,-0.20037378663324631,-0.3850272634375942,-0.11313837974644847,0.8948128396609163,1.1853952909722159,1.4389607894512322,-0.08821824785206177,1.356777601703905,-1.0164876583151763,-0.0418969816120716,-0.2881039156433032,0.13369078672825327,-0.32899398446525663,0.43641884063490277,0.06338589251937068,1.0,0.0,0.0,0.0,0.0,0.0,1.0,1.0
-1.7095289857143137,1.4556765587999922,-0.3773199512889954,0.006864577507382016,0.6412541309726834,-0.04784710952758794,1.56710182325638,-0.7554763613415943,-0.6667828845600177,-0.8079882812313635,-0.07656143865485866,-1.0017983340197434,-0.07198194335992492,-0.32899398446525663,-0.1669023894779372,-0.056115669957052555,0.0,1.0,0.0,1.0,0.0,0.0,0.0,0.0
-0.9975089472830887,-0.27715755226401967,-0.37346243770110815,0.0028149838992662514,-1.3872155385331795,-0.2944955896275487,0.029409417594625557,-2.4606915402592886,-0.8645745110369426,1.2056767553412513,-0.5098671516896957,0.7129220218197551,-0.26480012781759177,-0.019888156528892458,2.7491502227341225,-0.30574115601891433,1.0,0.0,1.0,0.0,0.0,0.0,0.0,1.0
-0.6738634752688957,-0.18417213354670467,-0.3832990973502207,-0.10564663157143431,0.6412541309726834,0.9387468108722552,-0.4831547176259562,0.06006133292338991,-0.3130401679762869,0.7830141810830633,0.11566873221877823,0.4626655374539902,-1.4602728714551263,-0.32899398446525663,-0.870777157942917,-0.09063834356135256,0.0,1.0,0.0,0.0,0.0,0.0,1.0,0.0
-0.8680507584774115,-0.21954651650356638,-0.30788470670702434,-0.11057363712797516,0.4485495123696266,0.19880137057237285,-0.09873161621052216,-0.903755942117046,-0.5108317944532115,-0.14372838123514098,0.826290101595911,0.11045270760587725,-0.20052739966503616,-0.32899398446525663,-0.9713306962950571,0.32628932996750176,0.0,1.0,0.0,0.0,0.0,0.0,0.0,0.0
1.8505712064418105,-0.15097963510293025,-0.3233147610585735,0.0028149838992662514,0.9455245813985629,-1.2810895100273918,-0.9957188528465379,0.6531796560251967,-0.29402174235350576,-0.7947137028941088,-1.0314096644698088,-0.7515418496539784,1.6633817167590768,-0.32899398446525663,2.5480431460298423,-0.2526293504738373,1.0,0.0,1.0,1.0,0.0,0.0,0.0,0.0
-0.28548890885186384,-0.24503278453941557,0.5793434185070504,0.0028149838992662514,-0.6772511542061275,-0.2944955896275487,-0.9957188528465379,0.8014592368006483,-0.7124271060546926,-0.4743538790216967,0.7664151303401878,0.7592658152208226,-0.38049103849219174,-0.32899398446525663,1.2408471474520224,-0.04814889912529094,0.0,1.0,1.0,0.0,0.0,0.0,1.0,0.0
-1.230533687133308,-0.014077987675390619,-0.022428701203365507,-0.022157510017447632,0.20006197785515809,0.6920983307722944,0.5419735528152073,0.20834091369884158,-0.9558629540262925,-0.4083349760910835,-0.1711008669533685,-0.31591019168394346,0.19796351488080888,-0.32145481793022335,-0.669670081238637,-0.0003482741347217411,0.0,1.0,1.0,0.0,0.0,0.0,0.0,0.0
-0.026572531240509407,-0.14016305868698695,-0.38455278926628406,-0.025262198450336382,0.5398306474973903,-0.2944955896275487,1.8233838908666662,-0.08821824785206177,0.12438362134768147,1.867812722803513,-0.44999218043397277,0.49047181349463176,-0.8432546811905922,-0.18198023703210783,1.9447219159170024,-0.09329393383860647,1.0,0.0,0.0,1.0,0.0,0.0,0.0,1.0
-0.4149470976575412,0.03819439448921081,-0.35031735617378446,0.0028149838992662514,0.7933893561856231,0.4454498506723336,0.7982556204255028,-2.238272169096111,-0.5222428498268803,0.15627708918681404,0.4166192456357014,-0.6032417107705629,1.0077998896030098,-0.32899398446525663,-0.770223619590777,-0.2260734477012989,0.0,1.0,1.0,0.0,0.0,0.0,1.0,0.0
0.9443638848020697,-0.11379475223095356,-0.3773199512889954,0.0028149838992662514,0.33698368054680394,1.6786922511721374,0.6701145866203551,0.28248070408656745,-1.0243292862683049,1.4720532939754942,-0.1301337813573476,0.37924670933206944,-0.303363764709125,-0.32899398446525663,0.23531176393062264,-0.17030605187896808,1.0,0.0,0.0,0.0,0.0,0.0,1.0,1.0
-0.6738634752688957,-0.2631377836905653,-0.3792487080829391,-0.03552116892422966,-0.8800981211567138,-0.7877925498274703,0.5419735528152073,-0.45891719979069096,0.010273067610993834,-0.595241039079629,-0.5130184659663127,-0.4734790892475733,0.3136544255554088,-0.3139156513951901,-0.870777157942917,-0.14906132966093727,0.0,0.0,0.0,1.0,0.0,0.0,0.0,1.0
0.6207184127878768,-0.2619307837471553,-0.33681605861617897,-0.08695100774729987,-2.046468181122585,-0.2944955896275487,0.7982556204255028,0.7273194464129225,0.17002784284235611,0.31698798425651026,1.4864904425471717,0.3421716746112149,-0.21338194529554724,-0.32899398446525663,3.151364376142682,0.2519328022043939,0.0,1.0,0.0,0.0,0.0,0.0,0.0,1.0
-1.230533687133308,0.008669318950412844,2.015109975918697,0.0028149838992662514,-0.7685322893338912,-0.7877925498274703,1.0545376880357982,0.13420112331111575,0.2004573238388061,-0.8246257527473893,-0.7556696652658216,1.0836723690282952,-0.7018546792549699,-0.32145481793022335,-0.669670081238637,-0.01893740607549864,0.0,1.0,1.0,0.0,0.0,0.0,0.0,0.0
-0.04599125956136116,0.1356364283821934,-0.37191943226595325,-0.05185452981029657,0.8948128396609163,-0.7877925498274703,0.6701145866203551,0.6531796560251967,1.1247528091059737,1.3977156552868684,-0.21994623824093204,0.8797596780635979,-0.8689637724516145,-0.3026069015926402,-0.770223619590777,-0.2977743851871528,0.0,1.0,0.0,0.0,0.0,0.0,1.0,1.0
1.8505712064418105,0.1252840827137155,-0.2770245980039261,0.0028149838992662514,0.6412541309726834,0.4454498506723336,-0.7394367852362517,0.8014592368006483,-0.7086234209301364,2.3485294529899616,3.4355783226347842,0.8982971954240252,-1.0489274112787703,-0.31768523466270676,-0.06634885112579712,0.03948558002408596,0.0,1.0,0.0,0.0,0.0,0.0,0.0,0.0
2.886236716887228,-0.24466139994144329,-0.37346243770110815,-0.1368285023539257,0.7933893561856231,-1.2810895100273918,-0.9957188528465379,0.7273194464129225,2.779355838287941,0.4461938800724554,0.05736941810136363,-0.08419122467860583,0.36507260807745334,-0.3101460681276735,2.7491502227341225,0.0846306147374015,1.0,0.0,1.0,1.0,0.0,0.0,0.0,1.0
1.073822073607747,-0.251717707302917,-0.31559973388279894,-0.15876380106455276,0.13413671359621768,0.6920983307722944,-1.2520009204568334,1.0238786079638258,-0.6363534035635676,-0.8632105271143428,0.03688587530335331,0.3329029159310019,0.1722544236197865,-0.32899398446525663,1.3414006858041625,-0.21810667686953727,1.0,0.0,1.0,0.0,0.0,0.0,0.0,0.0
-0.5444052864632184,-0.20264851729582667,0.08558167925747838,0.0028149838992662514,-1.0322333463696536,-1.2810895100273918,0.7982556204255028,1.1721581887392776,-0.49561705395498684,-0.1693925660204999,-0.8407551507344803,0.11972146628609154,-0.35478194723116957,0.22136517259217228,0.8386329940434626,-0.3508861907322297,0.0,1.0,0.0,0.0,0.0,0.0,0.0,1.0
0.3618020351765224,-0.26657309122180906,-0.2114468670098423,-0.011088620821931208,0.6412541309726834,1.6786922511721374,-0.8675778190413902,-0.6071967805661427,-1.3019983003609106,1.4302826208075998,0.5379448452854557,0.4441280200935642,-0.18767285403452486,-0.32899398446525663,0.43641884063490277,0.21741012860009393,1.0,0.0,0.0,0.0,0.0,0.0,0.0,1.0
-0.15603072004618676,-0.2742328985549878,-0.38214184327385453,-0.0042718049149363365,-0.2715572203049549,0.19880137057237285,-0.8675778190413902,-1.2744548940556752,-1.6899741830656478,-0.9488758059840926,-0.019837781675752817,-0.07492246599839285,-0.1491092171429916,0.22136517259217228,-0.1669023894779372,-0.04549330884803715,1.0,0.0,0.0,1.0,0.0,0.0,0.0,1.0
0.3618020351765224,-0.29085235931424824,-0.20373183983406776,-0.13419626650865046,-1.8943329559096451,0.4454498506723336,-0.4831547176259562,-0.23649782862751345,-1.0091145457700799,0.29822658020652365,0.150333189261565,-0.43640405452671877,0.21081806051131996,-0.2083673199047243,1.1402936090998823,-0.07204921162057566,1.0,0.0,0.0,1.0,0.0,0.0,1.0,1.0
0.2193980274902773,-0.2702405141267855,-0.38503497846477,-0.1740172703217888,0.4384071640220971,1.6786922511721374,-1.380141954261981,-0.6813365709538685,-0.9292371581543988,0.30176646776312493,-0.6579789226906946,-1.5393863374721264,1.7019453536506104,-0.32899398446525663,-1.5746519264078969,0.41923498967138634,1.0,0.0,1.0,0.0,0.0,0.0,0.0,0.0
-0.5573511053437862,-0.25041786121001397,-0.38407060006779814,-0.14162052145686269,-0.6265394124684809,1.6786922511721374,-0.6112957514311039,-0.23649782862751345,-0.7923044936703738,-1.1168434705448214,-0.6768868083503966,-0.8256919190956862,0.6478726119486983,-0.32145481793022335,-0.669670081238637,0.0023073161425321686,1.0,0.0,1.0,0.0,0.0,0.0,0.0,0.0
-0.7385925696717343,0.4975971421809477,-0.3811774648768827,-0.030931629501698456,0.4130512931532738,0.4454498506723336,-1.1238598866516856,0.06006133292338991,-0.45377651758486803,-1.1425076553301803,0.15348450353818194,-0.047116189957752595,-0.35478194723116957,-0.32899398446525663,2.0452754542691425,0.23865485081812474,1.0,0.0,0.0,1.0,0.0,0.0,1.0,0.0
-0.15603072004618676,-0.2811035136174754,-0.18444427189463133,0.0028149838992662514,-1.1843685715825931,1.4320437710721767,0.285691485204921,-0.6071967805661427,-0.2559848911079431,-1.063568162817973,-0.8029393794150764,-1.418892474629351,1.650527171128566,-0.32899398446525663,-0.4685630045343572,-0.05346007967979864,0.0,1.0,0.0,0.0,0.0,0.0,0.0,0.0
2.238945772858842,-0.2876955902314837,-0.28859713876758797,-0.08688351452049793,0.6412541309726834,-1.034441029927431,-1.6364240218722674,0.4307602848620191,2.9010737622737404,0.21787113267167565,-0.1490416670170497,-0.047116189957752595,0.30079987992489776,0.1836693399170059,-0.3680094661822171,-0.3163635171279297,0.0,1.0,1.0,0.0,0.0,0.0,0.0,0.0
0.5624622278253218,-0.28834551327793523,-0.28473962517970064,-0.13622106331270833,-0.7786746376814206,-0.7877925498274703,0.7982556204255028,-0.6813365709538685,-0.7162307911792488,2.234014090533911,-0.6091335514031311,-0.5847041934101356,0.2879453342943867,-0.12166690475184165,-0.4685630045343572,-0.3083967462961682,0.0,1.0,0.0,0.0,0.0,0.0,1.0,1.0
0.9961471603243406,-0.2735829755085363,0.07786665208170382,-0.1179978920761874,-0.5910411932521281,-0.2944955896275487,0.6701145866203551,-1.4968742652188527,1.0030348851201745,0.6962869359463331,0.826290101595911,0.7314595391801824,-0.6890001336244588,-0.32899398446525663,-0.4685630045343572,-0.20748431576052187,0.0,1.0,0.0,0.0,0.0,0.0,0.0,1.0
0.2970729407736837,-0.27873593680540193,-0.18058675830674406,-0.012708458265177512,0.5246171249760965,-0.5411440697275095,0.5419735528152073,0.13420112331111575,-0.0011379877626746593,0.7601819063429854,0.19445158913420316,1.7973667874047354,-1.4474183258246152,-0.32899398446525663,-0.770223619590777,-0.056115669957052555,1.0,0.0,0.0,1.0,0.0,0.0,1.0,0.0
0.3618020351765224,-0.26211647604614147,-0.3839162995242827,0.0028149838992662514,-0.6265394124684809,0.19880137057237285,0.41383251901006873,-0.8296161517293201,-0.2293590952360496,-1.1552512505339447,-0.6737354940737795,-0.5661666760497084,0.5578907925351204,-0.32899398446525663,-0.06634885112579712,0.004962906419785961,1.0,0.0,1.0,0.0,0.0,0.0,0.0,0.0
-1.690110257393462,-0.06212587003805712,-0.3846878022418601,-0.05590412341841234,1.0520192390476204,-0.5411440697275095,-0.3550136838208085,-0.7554763613415943,-0.08862274562746847,-0.6000198872810407,-0.2167949239643151,1.0836723690282952,-0.6504364967329254,-0.32899398446525663,-1.172437772999337,-0.15968369076995267,0.0,1.0,0.0,0.0,0.0,0.0,1.0,1.0
-0.026572531240509407,-0.28750989793249754,-0.234591948537166,-0.10895379968472885,0.18484845533386426,0.19880137057237285,-1.2520009204568334,-1.0520355228924978,-1.1308324697558798,-0.12868385911958571,-0.3412718378906863,-1.1315609555427315,0.9820907983419872,-0.32899398446525663,1.1402936090998823,0.050107941133101366,0.0,1.0,0.0,0.0,0.0,0.0,0.0,0.0
0.7501766015935539,-0.18412571047195814,-0.38503497846477,-0.09700749854078734,0.38769542228445053,-1.2810895100273918,1.1826787218409367,-0.01407845746433593,1.25027441821633,-0.34957284265150296,-0.6012552657115886,-1.3725486812282834,1.9076180837387886,-0.29883731832512356,-0.770223619590777,-0.056115669957052555,1.0,0.0,0.0,0.0,0.0,0.0,1.0,0.0
-0.9975089472830887,6.198768528728493,-0.36629903496840144,0.0028149838992662514,0.7426776144479765,-0.2944955896275487,0.41383251901006873,0.6531796560251967,2.9391106135193033,-0.8679893753157545,0.038461532441661776,-0.1768788114807409,-0.5733092229498586,0.21005642278962236,0.03420468722634272,-0.2844964338008835,0.0,1.0,0.0,1.0,0.0,0.0,0.0,1.0
-1.2628982343347273,-0.1486120582908568,-0.3811774648768827,-0.06265344609860528,0.5905423892350369,1.1853952909722159,1.1826787218409367,1.468717350290181,-0.9330408432789549,0.6118606177213933,-0.10649892428272006,0.06410891420480973,-0.11054558025145815,-0.32145481793022335,-0.26745592783007727,0.044796760578593664,0.0,1.0,1.0,0.0,0.0,0.0,0.0,0.0
0.6207184127878768,-0.2857458210921291,-0.3850156908968306,-0.156604017806891,0.4384071640220971,1.6786922511721374,-0.3550136838208085,-0.903755942117046,-0.1418743373712558,-0.8490509768879377,0.47964553116804115,0.5924281589769798,-0.4062001297532141,-0.32899398446525663,2.648596684381982,-0.32698587823694514,0.0,0.0,0.0,0.0,0.0,0.0,1.0,0.0
2.9509658112900676,-0.22692778538826588,-0.006998646851816382,0.0028149838992662514,0.13413671359621768,1.4320437710721767,0.15755045139977328,1.0238786079638258,0.5047521338033061,-0.8741841785398066,-0.09862063859117773,1.0280598169470148,-1.1646183219533706,-0.27245023545250713,1.7436148392127222,-0.2712184824146143,0.0,1.0,0.0,0.0,0.0,0.0,1.0,0.0
-0.09130162564334808,-0.2543173994887231,-0.38021308647991087,-0.06386832418104,0.13413671359621768,1.4320437710721767,-0.22687265001566076,1.0238786079638258,-1.054758767264755,-0.5740017137400215,0.08100427517599117,-0.2139538462015954,0.30079987992489776,-0.32899398446525663,0.03420468722634272,-0.20748431576052187,0.0,0.0,0.0,0.0,0.0,0.0,0.0,0.0
0.4265311295793608,-0.2702869372015321,-0.38021308647991087,0.0028149838992662514,-0.2715572203049549,1.6786922511721374,0.6701145866203551,-2.1641323787083855,-0.841752400289605,-0.9800268164821836,-0.3144856665394419,0.4070529853727097,-0.38049103849219174,-0.32899398446525663,0.43641884063490277,-0.13578337827466797,0.0,0.0,0.0,1.0,0.0,0.0,0.0,0.0
-1.2434795060138755,0.8526408178424678,-0.3657474105253336,-0.022157510017447632,0.8948128396609163,-0.7877925498274703,-2.0208471232877105,0.6531796560251967,-1.427519909471267,-0.48161064851272917,1.2706254145989073,1.0280598169470148,-0.920381954973659,7.240329216708149,-0.9713306962950571,0.18023186471853989,0.0,1.0,0.0,1.0,0.0,0.0,0.0,1.0
-0.6091343808660571,-0.1471265198989676,-0.37539119449505176,0.0028149838992662514,0.7933893561856231,-0.7877925498274703,-1.1238598866516856,0.06006133292338991,0.9231574975044929,-0.6311708977791316,1.506973985345182,1.065134851667868,-1.0874910481703035,-0.283758985255057,1.0397400707477427,-0.10922747550212956,1.0,0.0,0.0,0.0,0.0,0.0,0.0,1.0
-0.09130162564334808,-0.21898943960660794,-0.38310622167082636,0.0028149838992662514,0.4384071640220971,-0.2944955896275487,-0.9957188528465379,0.8755990271883741,-0.25978857623249957,-0.806926314964383,0.17396804633619253,-5.487877535243079,7.897836347556972,-0.2950677350576069,0.3358653022827627,-0.2313846282558066,1.0,0.0,1.0,1.0,0.0,0.0,1.0,1.0
-0.9975089472830887,-0.23751224643047647,-0.3850311209511821,0.0028149838992662514,1.0976598066115026,-1.034441029927431,-0.3550136838208085,1.1721581887392776,-0.9900961201472988,1.6582513794527196,0.5426718167003811,1.231972507911712,-0.8689637724516145,-0.2234456529747908,1.5425077625084427,-0.2207622671467912,0.0,1.0,1.0,1.0,0.0,0.0,0.0,1.0
0.6919204166309992,-0.2913630131364602,-0.3696049241132209,-0.17064260898169234,-0.22084547856730832,0.9387468108722552,-0.6112957514311039,-0.23649782862751345,-0.29021805722894956,-1.023921422184039,-0.7871828080319914,-0.5105541239684278,0.39078169933847573,-0.32145481793022335,-1.0718842346471968,0.0023073161425321686,0.0,0.0,0.0,0.0,1.0,0.0,0.0,1.0
-0.6738634752688957,-0.2438257845960056,-0.35417486976167173,0.0028149838992662514,0.13413671359621768,-0.2944955896275487,-0.6112957514311039,1.1721581887392776,-0.44616914733575536,1.264261894403002,-0.6800381226270136,0.5646218829363395,-0.7918364986685478,-0.13674523782190817,-0.3680094661822171,-0.2366958088103143,0.0,0.0,1.0,1.0,0.0,0.0,0.0,1.0
-1.644799891311475,0.07858246951869859,-0.2523365110414475,0.14455076018331803,0.38769542228445053,1.1853952909722159,-1.764565055677415,1.1721581887392776,-0.9900961201472988,-0.25470385613458973,-0.40429812342302635,0.29582788121014736,-0.23909103655656938,-0.32145481793022335,-0.9713306962950571,0.07931943418289379,0.0,1.0,0.0,1.0,0.0,0.0,0.0,0.0
0.4265311295793608,-0.24818955362218015,-0.38021308647991087,-0.1310915780757617,0.2862719388091574,-1.2810895100273918,-0.9957188528465379,-0.01407845746433593,0.3830342098175061,2.3485294529899616,1.2154774147581102,1.1763599558304303,-1.0489274112787703,-0.32899398446525663,3.352471452846962,-0.06408244078881405,1.0,0.0,1.0,0.0,0.0,0.0,1.0,0.0
-0.9975089472830887,1.1057394213605913,-0.38503497846477,0.0028149838992662514,-1.0474468688909473,0.4454498506723336,1.4389607894512322,-1.6451538459943045,-0.027763783634568488,2.082329908733548,0.14087924643171423,0.36070919197164214,-0.07198194335992492,0.0366555924838571,0.1347582255784828,-0.2977743851871528,0.0,1.0,0.0,0.0,0.0,0.0,1.0,1.0
1.3715759078608045,-0.2907595131647552,-0.3696049241132209,-0.14297038599290127,0.13413671359621768,-0.2944955896275487,-0.6112957514311039,-0.8296161517293201,0.862298535511593,1.5065671976523567,1.6692666705909576,1.1114786450689356,-1.1003455938008149,-0.30637648486015684,-0.26745592783007727,0.012929677251547573,0.0,1.0,0.0,0.0,0.0,0.0,0.0,0.0
-0.47967619206037987,0.1640009270523279,-0.3811774648768827,-0.024924732316326737,0.6412541309726834,-1.2810895100273918,-0.4831547176259562,-1.0520355228924978,-1.2449430234925671,2.3485294529899616,-0.2672159523901871,-0.23249136356202268,-0.25194558218708046,-0.32522440119774,0.3358653022827627,0.06073030224211677,1.0,0.0,0.0,1.0,0.0,0.0,0.0,1.0
-0.026572531240509407,-0.22637070849130742,-0.38503497846477,-0.019660260625776242,-0.6265394124684809,-0.7877925498274703,-0.3550136838208085,-0.3106376190152393,-0.44616914733575536,-0.9297604131784459,0.029007589611810707,0.27729036384972006,-0.12340012588196922,-0.32899398446525663,0.3358653022827627,-0.08001598245233715,0.0,0.0,0.0,0.0,0.0,0.0,0.0,0.0
-0.28548890885186384,-0.10344240656247565,-0.1921592990704059,0.0028149838992662514,0.6412541309726834,-1.2810895100273918,-0.6112957514311039,-0.5330569901784168,-0.7504639573002553,0.024593272081248,0.0668233609312147,0.3885154680122824,-0.3419274016006585,-0.29883731832512356,-0.26745592783007727,0.1271200591734631,0.0,1.0,1.0,1.0,0.0,0.0,0.0,0.0
-0.8680507584774115,0.05495312447271091,-0.38480352764949677,0.0028149838992662514,0.6412541309726834,-0.04784710952758794,0.285691485204921,0.504900075249745,3.3194791259749277,-1.1226842850132135,-0.8801465791921927,-0.5290916413288538,0.6607271575792091,-0.32145481793022335,-0.1669023894779372,-0.21810667686953727,0.0,1.0,1.0,0.0,0.0,0.0,0.0,0.0
-0.007153802919657948,-0.2925700130798702,-0.38426347574719255,-0.13284640197261186,-0.017998511616722036,1.1853952909722159,-0.6112957514311039,-0.08821824785206177,-1.012918230894636,0.8975295435391133,0.301596274539181,-0.4734790892475733,0.21081806051131996,-0.3026069015926402,-0.06634885112579712,0.03682998974683217,0.0,0.0,0.0,0.0,0.0,0.0,0.0,0.0
-0.35021800325470254,-0.2842138596254934,-0.2963121659433625,0.0028149838992662514,0.03271323012092454,0.19880137057237285,0.5419735528152073,1.468717350290181,0.12438362134768147,-0.24213725530865535,0.188148960580969,0.2031402944080123,-0.1491092171429916,-0.32899398446525663,-0.9713306962950571,-0.19686195465150647,0.0,1.0,1.0,1.0,0.0,0.0,0.0,0.0
0.6919204166309992,-0.28997032089406405,-0.35417486976167173,-0.12002268888024528,-1.8943329559096451,-0.7877925498274703,-2.0208471232877105,-1.4227344748311268,-0.3624880745955181,0.17645444825944112,-0.35545275213546296,0.6851157457791148,-0.7275637705159922,-0.27245023545250713,-1.172437772999337,-0.2499737601965835,0.0,1.0,0.0,1.0,0.0,0.0,1.0,0.0
0.6854475071907155,-0.21174743994614806,-0.30788470670702434,-0.1273794506016556,0.8948128396609163,1.1853952909722159,1.0545376880357982,-0.23649782862751345,0.687329019782006,0.8249618486287881,-0.14746600987874098,0.24948408780907982,-0.1619637627735027,-0.32145481793022335,0.7380794556913225,0.17226509388677852,0.0,1.0,1.0,0.0,0.0,0.0,0.0,0.0
1.3456842700996692,-0.2946126283687178,-0.037858755554914636,-0.04982973300623869,-1.8943329559096451,-0.2944955896275487,0.5419735528152073,0.4307602848620191,1.3377591760811236,0.5686739895308583,-0.5145941231046213,-0.454941571887146,0.23652715177234213,-0.27245023545250713,-0.3680094661822171,0.023552038360562858,0.0,1.0,0.0,0.0,1.0,0.0,0.0,0.0
0.5559893183850382,-0.20232355577260092,-0.37346243770110815,-0.1265020386532305,0.8441010979232697,1.6786922511721374,1.0545376880357982,0.06006133292338991,-0.1418743373712558,2.307997740466877,0.4764942168914242,0.870490919383385,-0.8304001355600812,-0.15182357089197474,0.1347582255784828,-0.242006989364822,1.0,0.0,1.0,0.0,0.0,0.0,1.0,1.0
-0.6997551130300311,0.8070069353666213,0.07786665208170382,-0.016758051873293277,0.38769542228445053,-0.7877925498274703,1.4389607894512322,0.6531796560251967,0.7672064073976868,-1.1825083847197744,0.038461532441661776,0.07337767288502402,0.0951271498367198,0.02534684268130718,-0.9713306962950571,-0.029559767184514044,0.0,1.0,0.0,1.0,0.0,0.0,0.0,0.0
-0.28548890885186384,-0.23092016981646812,-0.3603468915022914,-0.006904040760211584,0.33698368054680394,-0.04784710952758794,-1.6364240218722674,-1.1261753132802235,-0.545064960574218,-1.164277963803278,-0.2420054381772511,-0.3066414330037305,0.429345336230009,-0.32899398446525663,-0.669670081238637,0.3209781494129939,1.0,0.0,0.0,1.0,0.0,0.0,0.0,1.0
1.0997137113688824,-0.24155105393342524,0.11644178796057664,-0.07480222692295257,0.33698368054680394,-0.7877925498274703,0.7982556204255028,0.4307602848620191,1.7523608546577543,0.8421303032783041,-0.06080486727177374,0.5831594002967668,-0.5218910404278143,-0.242293569312374,-0.9713306962950571,-0.2127954963150296,0.0,1.0,1.0,1.0,0.0,0.0,0.0,1.0
-0.7968487546342892,-0.05103075517363461,-0.22687692136139143,-0.08897580455135774,1.046948064873856,-1.2810895100273918,-1.380141954261981,-0.16235803823978762,-0.5070281093286554,-0.5412577538414601,-0.32551526650760143,-0.2232226048818084,-0.12340012588196922,-0.2536023191149239,-0.870777157942917,-0.013626225520990937,1.0,0.0,1.0,1.0,0.0,0.0,1.0,1.0
1.3327384512191016,-0.2905273977910225,-0.32717227464646076,-0.1505971206215193,-0.37298070378024806,-0.7877925498274703,-1.6364240218722674,0.13420112331111575,1.1133417537323052,1.8540071613327682,0.09518518942076763,0.09191519024544997,-0.09769103462094707,-0.32899398446525663,-0.1669023894779372,-0.242006989364822,1.0,0.0,1.0,1.0,0.0,0.0,1.0,1.0
-1.6965831668337459,-0.14123078940615733,-0.3846299395380418,-0.14769491186903633,0.9658092780936217,1.6786922511721374,1.1826787218409367,-0.6813365709538685,-0.4043286109656369,1.4005475653321493,0.13772793215509702,0.11045270760587725,-0.12340012588196922,-0.23098481950982408,-0.870777157942917,8.850734119952355,1.0,0.0,0.0,1.0,0.0,0.0,1.0,0.0
-0.35021800325470254,-0.2522283611251289,-0.2403782189189969,0.0028149838992662514,-1.4886390220084726,-1.2810895100273918,-0.7394367852362517,0.8014592368006483,-0.7504639573002553,-0.6109935387065045,-0.5287750373493977,0.7499970565406097,-0.43190922101423623,-0.32899398446525663,0.9391865323956027,0.09790856612367069,0.0,1.0,0.0,1.0,0.0,0.0,0.0,1.0
-0.9975089472830887,-0.17906559532458552,-0.31752849067674255,0.0028149838992662514,0.8948128396609163,-1.2810895100273918,0.285691485204921,0.5790398656374708,-0.8265376597913799,0.3950425048795675,-0.41060075197626034,1.3710038881149147,-1.2031819588449038,-0.32899398446525663,0.03420468722634272,0.0023073161425321686,1.0,0.0,0.0,0.0,0.0,0.0,1.0,0.0
-0.5702969242243539,-0.28207839818715263,-0.38503497846477,-0.15714396362130645,0.13413671359621768,-0.2944955896275487,0.285691485204921,1.913556092616536,-1.149850895378661,-0.48001769911225867,-0.5949526371583547,-1.075948403461451,1.4319998954098765,4.077648855261692,0.43641884063490277,0.09790856612367069,1.0,0.0,1.0,0.0,0.0,0.0,1.0,0.0
-0.5444052864632184,-0.15269728886855213,-0.3152911327957679,1.1825965883969922,0.6412541309726834,-0.7877925498274703,-0.7394367852362517,-2.757250701810192,-0.8075192341685987,0.3368113545734773,0.48594815972127525,0.8890284367438122,-0.7275637705159922,-0.26491106891747385,-0.4685630045343572,-0.2871520240781374,0.0,1.0,0.0,1.0,0.0,0.0,1.0,1.0
-1.0234005850442243,1.7939615044780122,0.19359205971832227,0.06963327843317636,1.0520192390476204,-0.7877925498274703,0.5419735528152073,-0.08821824785206177,2.068066719995923,0.19202995350848648,1.1792373005770147,0.8056096086218901,-0.8561092268211035,-0.28752856852257364,-0.1669023894779372,-0.19686195465150647,0.0,1.0,0.0,1.0,0.0,0.0,0.0,0.0
-0.29843472773243157,-0.11342336763298125,0.8185092609560618,0.28493667193133115,-0.2867707428262487,-1.034441029927431,-0.3550136838208085,-1.6451538459943045,0.5085558189278622,-0.35045781454065333,-0.5539855515623336,-0.9091107472176083,1.0592180721250541,-0.21590648643975757,-0.9713306962950571,-0.223417857424045,0.0,1.0,0.0,1.0,0.0,0.0,0.0,0.0
1.3327384512191016,-0.20130224812817707,-0.3838777243884038,0.0028149838992662514,-3.4156852080390423,0.9387468108722552,-1.764565055677415,-0.9778957325047719,-0.8265376597913799,-0.7063935083569078,0.6655730734884439,0.5368156068956993,0.1722544236197865,-0.32899398446525663,-0.3680094661822171,-0.056115669957052555,0.0,0.0,1.0,0.0,0.0,0.0,0.0,1.0
-0.4149470976575412,-0.12410067482468493,-0.3618898969374463,-0.08485871771644006,0.6919658727103299,0.9387468108722552,-0.4831547176259562,0.13420112331111575,0.27272734120537456,-1.063745157195803,0.339412045858585,-0.788616884374833,0.9949453439724985,0.006498926343723979,0.8386329940434626,0.1536759619460015,0.0,1.0,1.0,0.0,0.0,0.0,0.0,0.0
0.23234384637084501,-0.2913630131364602,-0.38437920115482915,-0.1464125405597997,0.13413671359621768,0.6920983307722944,2.335948026087257,1.468717350290181,-0.4271507217129742,2.0527718476359276,0.30002061740087255,-0.2139538462015954,0.5578907925351204,-0.31768523466270676,0.3358653022827627,0.3130113785812323,0.0,0.0,1.0,0.0,0.0,0.0,1.0,0.0
-0.15603072004618676,0.18029542628836265,0.07786665208170382,0.0028149838992662514,0.38769542228445053,-0.7877925498274703,0.029409417594625557,-0.01407845746433593,0.2004573238388061,-1.041089876833555,0.2748101031879365,-0.08419122467860583,0.08227260420620872,-0.19705857010217437,0.6375259173391824,0.1164976980644477,0.0,1.0,1.0,0.0,0.0,0.0,0.0,0.0
3.792444038526969,-0.27887520602964155,-0.38214184327385453,-0.0548917250163834,0.33698368054680394,-0.2944955896275487,-0.4831547176259562,0.28248070408656745,1.375796027326686,-0.7150662328705809,-0.20576532399615557,0.8612221607031719,-0.7404183161465033,-0.32899398446525663,0.43641884063490277,0.16960950360952448,0.0,0.0,0.0,0.0,0.0,0.0,0.0,0.0
0.3618020351765224,-0.18185097980937778,-0.3819489675944602,-0.09606259336556033,0.7426776144479765,1.6786922511721374,1.4389607894512322,-0.7554763613415943,-1.1270287846313234,0.298934557717844,0.27008313177301085,0.7221907804999693,-0.7918364986685478,0.11204725783418981,-0.3680094661822171,-0.12781660744290646,1.0,0.0,1.0,0.0,0.0,0.0,1.0,0.0
1.6822755609944302,-0.19782051752218677,0.03157648902705643,-0.05252946207831587,0.8441010979232697,0.9387468108722552,-0.7394367852362517,0.8014592368006483,2.410398381205985,-0.555240309690035,-0.18685743833645344,0.5831594002967668,-0.8175455899295699,-0.07266232227412538,-0.06634885112579712,-0.17296164215622187,0.0,1.0,1.0,0.0,0.0,0.0,1.0,0.0
-1.463558426983527,0.3274101501601406,2.9941469245244887,0.25726444894254014,0.13413671359621768,-0.2944955896275487,-0.6112957514311039,-0.3106376190152393,-1.0813845631366483,0.9318664528381453,1.4171615284615975,0.5553531242561253,-0.49618194916679187,-0.32145481793022335,-1.0718842346471968,0.1536759619460015,0.0,1.0,0.0,0.0,0.0,1.0,0.0,0.0
-0.8680507584774115,2.315060518507898,0.8638350456137374,0.0028149838992662514,1.0976598066115026,-0.7877925498274703,0.15755045139977328,-0.8296161517293201,0.4286784313121807,0.14441846587219986,1.1162110150446742,0.6573094697384746,-0.6118728598413921,-0.28752856852257364,0.9391865323956027,-0.21810667686953727,0.0,1.0,0.0,1.0,0.0,0.0,0.0,1.0
-0.9975089472830887,-0.06811444668036047,-0.3804059621593052,0.0028149838992662514,0.7426776144479765,-1.2810895100273918,0.6701145866203551,-0.3106376190152393,-0.21794803986238076,0.3024744452744453,0.5111586739342113,0.36070919197164214,-0.5218910404278143,-0.32145481793022335,0.43641884063490277,-0.08001598245233715,1.0,0.0,1.0,1.0,0.0,0.0,0.0,0.0
0.10288565756516767,-0.22144986256817442,0.6449211495011342,0.0028149838992662514,0.9455245813985629,-0.5411440697275095,-1.380141954261981,-0.08821824785206177,-0.29402174235350576,-0.7490491534139528,-0.5665908086688017,0.4070529853727097,-0.20052739966503616,-0.32899398446525663,-1.172437772999337,-0.20482872548326808,1.0,0.0,1.0,0.0,0.0,0.0,0.0,0.0
-0.9068882151191148,0.09993708390210593,-0.35031735617378446,-0.07412729465493327,0.8948128396609163,1.1853952909722159,0.5419735528152073,0.8014592368006483,1.6648760967929606,-0.4327602002316321,-0.18213046692152804,0.49974057217484474,-0.5347455860583253,-0.2799894019875404,-0.669670081238637,0.06338589251937068,0.0,1.0,0.0,1.0,0.0,0.0,1.0,0.0
-0.803321664074573,-0.15162955814938175,-0.3849578281930122,-0.01534069411045276,0.38769542228445053,0.9387468108722552,0.9263966542306504,0.20834091369884158,0.1624204725932438,-0.572408764339551,-0.72573217963796,-0.7237355736133382,0.519327155643587,-0.32899398446525663,0.8386329940434626,0.03417439946957826,0.0,0.0,0.0,1.0,0.0,0.0,1.0,1.0
0.8796347903992312,-0.2681514757631913,-0.35340336704409425,-0.15491668713684278,0.03271323012092454,1.4320437710721767,-1.5082829880671198,0.3566204944742933,-1.5112009822115042,-0.915246874196381,-0.2640646381135699,-0.7144668149331239,0.9435271614504542,-0.24983273584740728,1.8441683775648623,0.13508683000522448,0.0,1.0,1.0,0.0,0.0,0.0,1.0,1.0
1.2680093568162627,-0.2908987823889948,-0.3348873018222353,-0.10233946345813977,-1.3365037967955329,1.1853952909722159,-1.380141954261981,-0.23649782862751345,0.3526047288210561,0.6046038482303608,-0.0797127529314756,-0.010041155236898051,2.177563541979522,-0.16313232069452466,-0.669670081238637,-0.056115669957052555,0.0,1.0,1.0,0.0,0.0,0.0,0.0,0.0
-0.6285531091869087,2.094922298059816,0.5021931467493048,-0.03903081671792998,1.046948064873856,-0.04784710952758794,0.15755045139977328,-0.01407845746433593,-0.3016291126026181,-1.1825083847197744,0.7884743302765069,0.6295031936978344,-0.5733092229498586,-0.200828153369691,-0.669670081238637,-0.13312778799741418,0.0,1.0,0.0,1.0,0.0,0.0,0.0,1.0
0.4783144051016317,-0.27947870600134656,0.3324625488822644,-0.09032566908739634,-0.9815216046320069,-0.04784710952758794,0.15755045139977328,-0.3847774094029651,-0.8683781961614987,0.35167888231120253,-0.19000875261307065,-0.047116189957752595,-0.17481830840401377,-0.31768523466270676,-1.0718842346471968,-0.3030855657416605,0.0,1.0,1.0,1.0,0.0,0.0,1.0,1.0
0.16761475196800635,0.04353304808506264,-0.12272405448843483,-0.030931629501698456,-0.3881942263015419,-1.2810895100273918,-0.22687265001566076,0.06006133292338991,1.7523608546577543,1.6619682613871511,0.8672571871919319,0.7870720912614628,-0.8561092268211035,6.486412563204822,-0.06634885112579712,0.05276353141035528,0.0,1.0,1.0,1.0,0.0,0.0,0.0,0.0
-0.29843472773243157,-0.13988452023850773,-0.3618898969374463,-0.037006019913872104,0.38769542228445053,0.19880137057237285,0.285691485204921,-1.7192936363820304,-0.5792981266952242,-1.1825083847197744,3.2008054090268176,0.3977842266924967,-0.4062001297532141,0.3909964196304209,1.2408471474520224,-0.056115669957052555,1.0,0.0,0.0,0.0,0.0,0.0,0.0,0.0
1.0090929792049086,-0.268987091108629,-0.0648613506701256,-0.1267720115604382,-0.9003828178517723,1.6786922511721374,-1.1238598866516856,-0.6071967805661427,-1.0167219160191923,0.8253158373844481,-0.6296170942011415,-0.4827478479277863,1.0463635264945428,-0.32899398446525663,-0.9713306962950571,0.007618496697039871,0.0,1.0,1.0,0.0,0.0,0.0,0.0,0.0
1.3456842700996692,-0.2884383594274283,-0.3773199512889954,-0.16996767671367305,-3.7351691809862158,-0.2944955896275487,-1.6364240218722674,0.13420112331111575,0.9954275148710614,-1.1825083847197744,-0.7036729797016411,-0.27883515696309025,0.19796351488080888,-0.3026069015926402,-0.770223619590777,0.07666384390563988,1.0,0.0,1.0,0.0,0.0,0.0,0.0,1.0
-0.8680507584774115,-0.2488858997433782,-0.38464922710598126,0.0028149838992662514,0.23556019707151082,0.6920983307722944,-0.8675778190413902,0.28248070408656745,-0.9406482135280676,-0.8617945720917022,-0.027716067367295143,-0.028578672597325324,0.2750907886638756,-0.32899398446525663,0.9391865323956027,-0.19686195465150647,1.0,0.0,0.0,1.0,0.0,0.0,1.0,0.0
-0.5314594675826507,-0.2879277056052164,-0.2963121659433625,-0.007983932389042454,-3.4156852080390423,-0.2944955896275487,1.56710182325638,-0.3847774094029651,-0.23696646548516193,-0.8711752741166955,-0.42005469480611124,0.6016969176571928,-0.39334558412270304,-0.32899398446525663,-0.870777157942917,-0.20482872548326808,0.0,1.0,1.0,1.0,0.0,0.0,1.0,1.0
2.148325040694868,-0.22144986256817442,-0.018571187615478227,-0.11597309527212951,-0.6265394124684809,-0.5411440697275095,1.0545376880357982,0.8755990271883741,1.4708881554405921,-0.8074572980978733,0.7301750161590923,0.8056096086218901,-0.6247274054719031,-0.283758985255057,-0.770223619590777,0.09790856612367069,0.0,1.0,0.0,1.0,0.0,0.0,0.0,1.0
0.1481960236471549,-0.2921522054071513,-0.26930957082815155,-0.16051862496140293,-2.462304463371287,1.6786922511721374,-0.3550136838208085,-0.08821824785206177,-1.2829798747381294,0.22725183469666896,-0.21206795254938943,-0.7793481256946186,0.46790897312154245,-0.32899398446525663,-1.0718842346471968,0.17226509388677852,0.0,1.0,0.0,0.0,0.0,0.0,0.0,0.0
1.2680093568162627,-0.2901560131930502,-0.3849964033288911,-0.1354111445910852,0.4891189057597437,1.1853952909722159,1.0545376880357982,0.06006133292338991,0.4286784313121807,0.8371744606990623,1.2265070147262696,0.7129220218197551,-0.6118728598413921,-0.32899398446525663,0.43641884063490277,-0.18092841298798337,1.0,0.0,0.0,1.0,0.0,0.0,1.0,1.0
-0.6738634752688957,0.20838138651001795,-0.24616448930082785,0.0028149838992662514,0.7933893561856231,0.4454498506723336,0.5419735528152073,-2.757250701810192,-0.8265376597913799,-0.8391392917294543,-0.7367617796061195,-0.7608106083341915,0.8406907964063651,-0.2912981517900903,-1.0718842346471968,-0.06673803106606796,0.0,1.0,1.0,1.0,0.0,0.0,1.0,1.0
0.39416658237794155,-0.28644216721332716,-0.3844563514265869,-0.17131754124971163,0.6412541309726834,-0.5411440697275095,0.9263966542306504,1.7652765118410843,0.12438362134768147,0.08866523685573025,1.5306088424198099,1.0280598169470148,-1.1646183219533706,-0.09151023861170854,-0.3680094661822171,-0.10657188522487566,0.0,1.0,1.0,0.0,0.0,0.0,1.0,1.0
1.0090929792049086,-0.150701096654451,0.43275790216733373,-0.10787390805589799,0.34205485472056835,-1.2810895100273918,-0.3550136838208085,2.061835673391988,0.862298535511593,0.011495688121823257,-0.7225808653613429,0.4441280200935642,-0.43190922101423623,0.44000100210813714,1.3414006858041625,-0.15437251021544499,0.0,1.0,1.0,1.0,0.0,0.0,1.0,1.0
0.2970729407736837,-0.2705654756500113,-0.0455737827306892,-0.02580214426475182,-0.8293863794190672,-0.5411440697275095,-0.9957188528465379,1.0238786079638258,-2.4240854121050033,-1.0168416470708366,-0.32393960936929295,0.21240905308822658,-0.059127397729413604,-0.32899398446525663,-1.272991311351477,0.1191532883417015,0.0,1.0,0.0,1.0,0.0,0.0,0.0,0.0
-0.7127009319105988,-0.25408528411499043,-0.16129919036730764,-0.06535317517068245,0.16963493281257042,-0.7877925498274703,0.029409417594625557,1.5428571406779068,-0.08862274562746847,-0.08762116346301133,-0.3428474950289949,-0.1027287420390331,-0.12340012588196922,-0.2912981517900903,-1.0718842346471968,-0.11188306577938337,0.0,1.0,1.0,1.0,0.0,0.0,1.0,0.0
-0.56382401478407,-0.22674209308927973,-0.3811774648768827,-0.1058491112518401,0.752819962795506,-0.5411440697275095,-0.4831547176259562,0.8755990271883741,0.6835253346574491,-1.1825083847197744,-0.24830806673048497,0.7129220218197551,-0.3419274016006585,-0.2083673199047243,-0.9713306962950571,-0.2154510865922835,1.0,0.0,1.0,1.0,0.0,0.0,1.0,0.0
-0.47967619206037987,-0.2805464367205169,-0.3811774648768827,-0.06596061421189982,-0.32226896204260147,-1.2810895100273918,1.0545376880357982,-0.3106376190152393,-0.3320585935990681,1.8731225541384147,0.21966210334713915,-0.6403167454914162,-0.1491092171429916,-0.32522440119774,-0.669670081238637,-0.3376082393459605,1.0,0.0,0.0,1.0,0.0,0.0,0.0,0.0
-0.15603072004618676,-0.2769718599650335,-0.3849964033288911,0.0028149838992662514,-0.9815216046320069,1.6786922511721374,-0.7394367852362517,0.8755990271883741,-1.3818756879765919,1.4435571991448546,-0.12855812421903912,0.3236341572507876,-0.36763649286168065,0.4060747527004875,1.3414006858041625,-0.034870947739021746,1.0,0.0,1.0,1.0,0.0,0.0,0.0,0.0
-0.47967619206037987,-0.25612789940383807,-0.38229614381737004,-0.13878580593118164,0.13413671359621768,-1.2810895100273918,-0.3550136838208085,-2.0158527979329337,-0.5260465349514365,-1.1423306609523505,0.14403056070833115,-0.3344477090443707,0.9178180701894315,-0.32899398446525663,0.23531176393062264,0.2758331146996785,1.0,0.0,0.0,0.0,0.0,0.0,1.0,0.0
0.6854475071907155,-0.2543173994887231,-0.3464598425858972,0.0028149838992662514,0.8948128396609163,-0.5411440697275095,0.285691485204921,-1.793433426769756,0.1624204725932438,0.2918547826046414,-0.6973703511484071,0.09191519024544997,-0.033418306468391445,0.6134018324139024,-1.373544849703617,0.05276353141035528,0.0,1.0,0.0,0.0,0.0,0.0,0.0,1.0
-0.026572531240509407,-0.28347109042954877,-0.23073443494927873,0.0028149838992662514,0.5905423892350369,-0.2944955896275487,-0.09873161621052216,0.8014592368006483,0.3373899883228314,-1.1479944810429124,-0.005656867430976356,-1.9101366846806664,2.190418087610033,-0.3026069015926402,0.3358653022827627,0.10853092723268609,0.0,0.0,1.0,1.0,0.0,0.0,0.0,1.0
1.326265541778818,-0.2655053605026387,0.07015162490592926,-0.199664696506522,-0.7634611151601268,1.1853952909722159,-0.6112957514311039,-0.8296161517293201,0.18524258334058147,1.415769081825535,0.14087924643171423,-0.3993290198058655,0.44219988186052006,-0.3026069015926402,-0.1669023894779372,0.07931943418289379,0.0,1.0,0.0,1.0,0.0,0.0,0.0,0.0
1.0220387980854762,-0.2248387470246717,2.3152245330563272,-0.0815515496031455,0.047926752642218365,-0.7877925498274703,0.285691485204921,1.1721581887392776,1.1742007157252052,-0.7485181702804626,-0.6154361799563651,-0.5105541239684278,-0.11054558025145815,-0.32522440119774,-0.669670081238637,-0.17827282271072958,0.0,1.0,0.0,1.0,0.0,0.0,0.0,0.0
0.3618020351765224,-0.22358532400651518,0.656493690264796,0.0028149838992662514,-0.5251159289931877,0.6920983307722944,-0.09873161621052216,0.20834091369884158,-0.45377651758486803,-0.01859335610928707,0.4150435884973927,0.3050966398903616,-0.04627285209890253,-0.25737190238244056,0.23531176393062264,-0.03221535746176795,0.0,1.0,1.0,1.0,0.0,0.0,0.0,0.0
1.5398715533081848,-0.2748828216014393,0.5909159592707123,-0.15039464094111352,0.47897655741221423,-1.034441029927431,-0.8675778190413902,1.6911367214533584,0.10916888084945647,0.7315088171345153,0.17869501775111793,0.953909747505307,-0.7018546792549699,0.06681225862399022,0.1347582255784828,-0.042837718570783355,0.0,1.0,0.0,1.0,0.0,0.0,0.0,0.0
-0.9975089472830887,-0.2784573983569227,-0.38503497846477,0.0028149838992662514,0.7426776144479765,0.4454498506723336,1.1826787218409367,-0.5330569901784168,-0.24837752085883075,0.4798228118601673,1.2643227860456734,0.7407282978603953,-0.6504364967329254,0.2628305885348553,0.23531176393062264,-0.2473181699193296,0.0,0.0,1.0,0.0,0.0,0.0,0.0,1.0
-0.2078139955684577,-0.2876955902314837,-0.3811774648768827,-0.14297038599290127,0.38769542228445053,-0.7877925498274703,-1.764565055677415,-1.5710140556065786,-0.9862924350227422,2.225341366020238,-0.5918013228817377,0.4533967787737772,-0.7275637705159922,-0.32899398446525663,-1.172437772999337,-0.016281815798244847,0.0,0.0,0.0,0.0,0.0,0.0,0.0,1.0
4.368532978712233,-0.03106883303262341,-0.09957897296111114,0.1337518438950093,0.39783777063198,-1.034441029927431,0.6701145866203551,-1.3485946844434011,0.3297826180737184,1.6653311545659222,0.5678823309133171,1.500766509637903,-1.2803092326279704,-0.2799894019875404,-1.0718842346471968,-0.1995175449287604,0.0,1.0,1.0,0.0,0.0,0.0,0.0,1.0
-0.5444052864632184,-0.27037978335102514,-0.3416379506010381,0.0028149838992662514,-0.17013373682966176,-1.2810895100273918,0.9263966542306504,0.06006133292338991,2.2164104398536164,0.14902031969578156,-0.21837058110262358,0.9261034714646654,-0.8175455899295699,-0.29883731832512356,0.6375259173391824,-0.3163635171279297,1.0,0.0,1.0,0.0,0.0,0.0,0.0,0.0
0.10288565756516767,-0.2589597069633769,-0.38021308647991087,0.0028149838992662514,0.6412541309726834,-0.7877925498274703,0.6701145866203551,1.2462979791270035,0.626470057789106,-0.089568101619142,-0.260913323836953,-0.6681230215320564,-0.18767285403452486,-0.32899398446525663,0.23531176393062264,-0.058771260234306344,0.0,0.0,0.0,1.0,0.0,0.0,0.0,0.0
-0.9975089472830887,-0.23904420789711223,-0.38503497846477,0.0028149838992662514,0.8948128396609163,-0.7877925498274703,-0.3550136838208085,0.6531796560251967,0.618862687539993,2.3485294529899616,0.2054811891023624,1.046597334307442,-1.023218320017748,0.36460933675780444,-0.4685630045343572,-0.2446625796420758,1.0,0.0,0.0,1.0,0.0,0.0,1.0,0.0
-1.5865437063489203,1.1273725741924778,-0.09957897296111114,-0.022832442285466926,0.6412541309726834,-0.7877925498274703,0.15755045139977328,-1.0520355228924978,-0.7999118639194864,-0.39452941462033864,1.3887996999720447,0.23094657044865255,-0.1619637627735027,-0.29883731832512356,-0.770223619590777,-0.07204921162057566,0.0,1.0,0.0,1.0,0.0,0.0,1.0,1.0
3.080424000095744,-0.2675943988662329,-0.30402719311913706,0.0028149838992662514,-0.0687102533543686,-1.2810895100273918,-0.4831547176259562,-0.23649782862751345,6.856906291812236,-0.4536455368155794,-0.738337436744428,-0.09345998335882012,0.45505442749103137,-0.32145481793022335,0.9391865323956027,-0.20748431576052187,1.0,0.0,0.0,0.0,0.0,0.0,0.0,0.0
1.0997137113688824,-0.2900167439688106,-0.3194572474706862,-0.1301466729005347,-0.11942199509201518,-0.7877925498274703,-0.09873161621052216,0.8755990271883741,-0.2559848911079431,0.8368204719434023,0.31892850306057435,0.5738906416165525,-0.5347455860583253,-0.19705857010217437,-0.870777157942917,-0.0003482741347217411,1.0,0.0,1.0,0.0,0.0,0.0,0.0,1.0
-0.8680507584774115,-0.1788799030255994,-0.2862826306148556,0.0028149838992662514,-0.0687102533543686,-0.7877925498274703,0.15755045139977328,0.8014592368006483,-1.0927956185103171,-0.9187867617529822,0.7175697590526243,-0.1676100528005279,-0.20052739966503616,-0.32899398446525663,0.5369723789870429,0.06869707307387839,0.0,1.0,1.0,1.0,0.0,0.0,0.0,0.0
0.49126022398219943,-0.2551994379089073,-0.38310622167082636,0.0028149838992662514,0.38769542228445053,-0.5411440697275095,-1.2520009204568334,-0.16235803823978762,-0.9026113622825049,-0.7628547148846976,-0.20891663827277251,-1.2891298531063615,1.6633817167590768,-0.32899398446525663,-0.9713306962950571,-0.3588529615639913,1.0,0.0,1.0,0.0,0.0,0.0,0.0,1.0
-0.9975089472830887,-0.23542320806688227,-0.38426347574719255,0.0028149838992662514,0.6412541309726834,1.1853952909722159,1.0545376880357982,1.3204377695147291,0.27653102632993143,2.011178168845863,-0.07813709579316713,0.22167781176843956,-0.20052739966503616,-0.32522440119774,0.43641884063490277,-0.14375014910642958,1.0,0.0,0.0,1.0,0.0,0.0,0.0,1.0
0.4265311295793608,-0.15162955814938175,-0.38464922710598126,0.0028149838992662514,-0.37298070378024806,0.9387468108722552,0.029409417594625557,0.6531796560251967,-0.6515681440617926,0.7072605873717968,0.5773362737431682,0.7778033325812499,-0.7018546792549699,0.4890055845858536,-0.06634885112579712,0.050107941133101366,0.0,1.0,0.0,1.0,0.0,0.0,0.0,1.0
0.8796347903992312,-0.26072378380374533,-0.3848421027853756,0.0028149838992662514,0.7426776144479765,1.4320437710721767,1.0545376880357982,0.7273194464129225,-0.06580063488013081,-0.8883437287662115,-0.4295086376359623,-0.29737267432351616,0.12083624109774195,-0.30637648486015684,-0.1669023894779372,-0.21810667686953727,0.0,0.0,1.0,1.0,0.0,0.0,0.0,0.0
0.23234384637084501,-0.26843001421167056,-0.3657474105253336,-0.021752550656636054,0.5905423892350369,1.6786922511721374,-0.8675778190413902,0.28248070408656745,-0.37009544484463075,-0.27930607465296836,1.1209379864596,1.0280598169470148,-1.1903274132143926,-0.32899398446525663,-0.26745592783007727,0.1164976980644477,1.0,0.0,0.0,1.0,0.0,0.0,0.0,0.0
0.40711240125850934,-0.27576486002162354,-0.3464598425858972,-0.199664696506522,-1.1843685715825931,-0.2944955896275487,-0.8675778190413902,0.5790398656374708,-0.4119359812147492,-1.1825083847197744,-0.2845481809115805,-0.6217792281309888,0.9949453439724985,-0.32899398446525663,-0.4685630045343572,0.08197502446014758,0.0,1.0,1.0,1.0,0.0,0.0,1.0,0.0
-0.05246416900164488,-0.28356393657904183,-0.3464598425858972,-0.03363135857377563,-0.8800981211567138,-0.2944955896275487,-0.7394367852362517,-0.45891719979069096,-0.43475809196208687,-0.11700223018280155,1.042155129544175,0.7499970565406097,-0.7918364986685478,-0.25737190238244056,-0.9713306962950571,-0.18092841298798337,0.0,1.0,1.0,0.0,0.0,0.0,0.0,1.0
-0.020099621800225682,-0.28133562899120806,0.2707423314760679,0.5657084954273575,-0.9257386887205956,-0.5411440697275095,-0.7394367852362517,0.5790398656374708,0.04070254860744382,0.4787608455931869,3.7444071217432495,1.065134851667868,-1.3060183238889929,-0.32899398446525663,-0.26745592783007727,0.2758331146996785,0.0,1.0,1.0,1.0,0.0,0.0,0.0,0.0
-0.16897653892675452,-0.2922450515566444,-0.3846878022418601,-0.08425127867522268,-0.24113017526236724,-0.7877925498274703,-2.0208471232877105,0.13420112331111575,-1.5226120375851733,0.8493870727693366,0.5505501023919237,-0.9647232992988888,0.5064726100130756,-0.3139156513951901,-0.06634885112579712,-0.0003482741347217411,1.0,0.0,0.0,0.0,1.0,0.0,1.0,0.0
-0.42789291653810896,-0.2885776286516679,-0.14586913601575852,-0.11124856939599445,-1.2553650100152984,-0.7877925498274703,-1.2520009204568334,-2.0158527979329337,-0.2293590952360496,0.8123952478028535,-0.2420054381772511,-1.0944859208218785,0.32650897118592015,-0.0462752394015089,0.1347582255784828,-0.10126070467036796,0.0,1.0,0.0,1.0,0.0,0.0,0.0,1.0
1.8505712064418105,-0.24795743824844746,0.7722190979014144,0.0028149838992662514,0.13413671359621768,1.4320437710721767,-0.9957188528465379,1.0980183983515517,1.836041927397992,2.3485294529899616,-0.44684086615735574,0.6295031936978344,-0.6504364967329254,-0.2234456529747908,1.2408471474520224,-0.25794053102834497,0.0,1.0,0.0,1.0,0.0,0.0,0.0,1.0
0.8278515148769603,-0.29503043604143664,-0.3348873018222353,-0.13757092784874692,-1.6407742472214124,1.4320437710721767,-1.2520009204568334,1.2462979791270035,-0.3662917597200742,0.4669022222785727,0.05264244668643824,0.8890284367438122,-0.714709224885481,0.20251725625458908,-1.272991311351477,0.1669539133322707,0.0,1.0,1.0,0.0,0.0,0.0,0.0,0.0
0.42005822013907707,-0.20817286319066466,0.11644178796057664,-0.0255321713575441,0.13413671359621768,-0.7877925498274703,0.5419735528152073,1.2462979791270035,0.7291695561521244,-0.7269248561851951,-0.28612383804988895,-0.6032417107705629,0.7892726138843204,-0.2611414856499572,-0.669670081238637,-0.06142685051156025,0.0,1.0,1.0,0.0,0.0,0.0,0.0,1.0
0.06404820092346475,-0.28365678272853495,0.15501692383944946,-0.1645682185695187,0.3471260288943334,1.6786922511721374,0.15755045139977328,-0.16235803823978762,-0.7999118639194864,0.9870886987211247,-0.0749857815165502,0.1382589836465175,0.030854421684164173,-0.25737190238244056,0.23531176393062264,-0.07736039217508336,0.0,1.0,1.0,0.0,0.0,0.0,0.0,0.0
0.35532912573623837,-0.07572783093879266,-0.1535841631915331,-0.08762594001531916,0.8948128396609163,-0.7877925498274703,1.1826787218409367,1.394577559902455,-0.5336539052005492,0.3095542203876476,0.7049645019461563,1.398810164155555,-1.228891050105926,-0.1669019039620413,0.1347582255784828,-0.2791852532463758,0.0,1.0,0.0,1.0,0.0,0.0,0.0,1.0
0.7501766015935539,-0.1307391745134398,-0.38503497846477,-0.08789591292252688,0.4891189057597437,0.19880137057237285,1.3108197556460846,-1.9417130075452078,0.618862687539993,1.435769446520332,-0.36017972355038835,-1.1315609555427315,0.9692362527114763,-0.32899398446525663,0.23531176393062264,-0.2473181699193296,1.0,0.0,0.0,0.0,0.0,0.0,0.0,0.0
-0.9975089472830887,1.3052657966212102,-0.25484389487357423,0.0028149838992662514,0.6412541309726834,-1.2810895100273918,0.15755045139977328,-0.45891719979069096,0.2004573238388061,0.07839956294158669,0.6309086164456571,0.5553531242561253,-0.39334558412270304,0.16482142357942278,1.9447219159170024,-0.10922747550212956,0.0,1.0,0.0,1.0,0.0,0.0,0.0,1.0
-1.5412333402669331,-0.05813348560985488,0.36332265758536264,0.6170033477968239,0.4384071640220971,0.19880137057237285,0.41383251901006873,1.2462979791270035,-0.7732860680475926,-0.8141830844554155,0.5883658737113278,0.1382589836465175,0.814981705145343,-0.2912981517900903,-1.272991311351477,-0.07736039217508336,0.0,1.0,1.0,1.0,0.0,0.0,0.0,1.0
0.0834669292443162,-0.29308066690208207,0.039291516202831,-0.13689599558072763,-1.0677315655860062,0.9387468108722552,0.41383251901006873,1.468717350290181,-0.9102187325316176,-0.8874587568770612,-0.2845481809115805,-2.670174896458174,0.5964544294266535,-0.28752856852257364,-0.3680094661822171,0.20413217721382473,0.0,1.0,0.0,0.0,0.0,0.0,1.0,1.0
-1.7030560762740299,-0.0163991414127175,-0.3830290713990686,-0.0255321713575441,1.046948064873856,-0.7877925498274703,-0.09873161621052216,-0.01407845746433593,0.5427889850488683,-0.24585413724308666,-0.9211136647882138,-2.364305860011128,1.4834180779319213,-0.30637648486015684,-0.3680094661822171,-0.1756172324334758,0.0,1.0,0.0,1.0,0.0,0.0,0.0,1.0
-0.9975089472830887,1.8587216937494322,0.048935300172549205,0.0028149838992662514,0.7933893561856231,1.6786922511721374,0.6701145866203551,1.0238786079638258,0.5427889850488683,-0.8685203584492447,-0.4720513803702917,-0.7422730909737655,1.0335089808640319,-0.22721523624230744,0.1347582255784828,-0.3349526490687066,0.0,1.0,0.0,1.0,0.0,0.0,0.0,0.0
-0.9975089472830887,2.6998613850819484,-0.3657474105253336,0.0028149838992662514,0.8948128396609163,-0.04784710952758794,1.1826787218409367,-1.0520355228924978,0.12438362134768147,0.03503594037322171,0.7254480447441669,0.8890284367438122,-0.9589455918651925,-0.32522440119774,0.43641884063490277,-0.9616719545006149,0.0,1.0,1.0,0.0,0.0,0.0,0.0,1.0
-0.2078139955684577,0.5162127951543093,0.23988222277296964,0.5866313957359556,0.8390299237495054,-1.034441029927431,-0.22687265001566076,0.28248070408656745,-0.1685001332431496,-0.4493976717476579,0.9129512442028782,1.30612257735342,-1.126054685061837,0.6322497487514858,-1.0718842346471968,-0.16765046160171418,0.0,1.0,0.0,1.0,0.0,0.0,0.0,1.0
-1.1463858644096176,-0.159939288529012,-0.38503497846477,-0.0815515496031455,0.39783777063198,0.6920983307722944,0.15755045139977328,-0.903755942117046,-0.575494441570668,-0.9941863667085885,-0.2341271524857085,1.1300161624293628,-0.8818183180821256,-0.24606315257989064,-0.669670081238637,-0.05080448940254485,0.0,1.0,0.0,0.0,0.0,0.0,0.0,1.0
-0.6285531091869087,0.20782430961305948,3.295032984379697,-0.09302539815947351,0.6970370468840943,-0.04784710952758794,0.9263966542306504,0.7273194464129225,-0.4499728324603119,0.45150371140735723,-0.008808181707593284,0.4348592614133499,-0.5861637685803698,-0.30637648486015684,-1.0718842346471968,0.02620762863781677,0.0,1.0,0.0,1.0,0.0,0.0,0.0,0.0
0.2970729407736837,-0.28161416743968726,-0.3848421027853756,0.0028149838992662514,-0.11942199509201518,1.6786922511721374,-1.764565055677415,0.5790398656374708,-0.016352728260899656,-0.1375335780110888,0.364622560071521,-0.807154401735259,1.5605453517149879,-0.32899398446525663,0.23531176393062264,0.14836478139149392,0.0,1.0,1.0,0.0,0.0,0.0,1.0,0.0
-0.28548890885186384,-0.1609141730986893,-0.38503497846477,0.0028149838992662514,0.33698368054680394,1.6786922511721374,-0.7394367852362517,0.20834091369884158,-0.5640833861969992,-1.0455147362793065,-0.5807717229135781,0.4255905027331369,-0.7661274074075256,-0.30637648486015684,0.9391865323956027,-0.3376082393459605,1.0,0.0,0.0,0.0,0.0,0.0,0.0,0.0
-1.593016615789204,3.5922521509346423,0.34789260323381355,-0.014058322801216102,0.8948128396609163,-1.2810895100273918,0.15755045139977328,-0.16235803823978762,1.109538068607749,1.0118679116173335,-0.3885415520399414,0.47193429613420446,-0.27765467344810285,-0.17067148722955794,-1.272991311351477,-0.2366958088103143,0.0,1.0,0.0,1.0,0.0,0.0,0.0,1.0
0.18703348028885808,-0.19229617162734877,1.1618279702780299,-0.1044992467158015,0.49419007993350805,-1.034441029927431,-1.6364240218722674,1.913556092616536,-0.3282549084745119,-1.1825083847197744,-0.13801206704889019,1.0002535409063744,-0.7404183161465033,-0.2950677350576069,0.7380794556913225,-0.06142685051156025,0.0,1.0,1.0,0.0,0.0,0.0,1.0,0.0
-0.6026614714257732,-0.25612789940383807,-0.3849964033288911,-0.10314938217976292,0.7781758336643293,1.1853952909722159,0.7982556204255028,1.0980183983515517,-0.10764117125024963,0.048841501843966316,-0.20576532399615557,1.0002535409063744,-0.714709224885481,-0.2083673199047243,-0.669670081238637,-0.20217313520601418,1.0,0.0,1.0,0.0,0.0,1.0,1.0,1.0
-0.35021800325470254,-0.273907937031762,-0.2500220028887151,-0.11712048012776231,-2.1986034063355246,0.6920983307722944,-0.09873161621052216,0.4307602848620191,-1.054758767264755,-0.9109990091284594,0.060520732377980564,-0.4827478479277863,0.429345336230009,-0.20459773663720765,-0.1669023894779372,0.11118651750993988,0.0,1.0,0.0,0.0,0.0,0.0,1.0,1.0
0.8666889715186635,-0.2284597468549016,0.7104988804952179,-0.1044992467158015,0.022570881773395078,-0.2944955896275487,0.15755045139977328,0.20834091369884158,0.3221752478246061,-1.1825083847197744,0.11409307508046948,0.16606525968715907,-0.920381954973659,-0.31768523466270676,-0.06634885112579712,0.23865485081812474,0.0,1.0,0.0,1.0,0.0,0.0,0.0,1.0
1.501034096666482,-0.2815213212901942,-0.18058675830674406,-0.14499518279695917,0.13413671359621768,0.6920983307722944,0.15755045139977328,-0.5330569901784168,-0.5640833861969992,1.818962274522416,0.013251018228725781,0.8334158846625304,-0.5733092229498586,-0.2912981517900903,0.9391865323956027,0.15898714250050908,0.0,1.0,0.0,0.0,0.0,0.0,1.0,0.0
0.3359103974153869,-0.22883113145287393,0.2977449265912789,-0.1166480275401488,-0.7938881602027145,-0.5411440697275095,-0.22687265001566076,0.20834091369884158,-0.9786850647736299,1.0918693703965214,-0.49568623744491924,0.7036532631395421,-0.7532728617770144,-0.2536023191149239,-0.870777157942917,-0.08001598245233715,0.0,1.0,0.0,1.0,0.0,0.0,0.0,0.0
0.7501766015935539,-0.29085235931424824,-0.3696049241132209,-0.13284640197261186,0.4891189057597437,1.1853952909722159,1.4389607894512322,-0.08821824785206177,0.00646938248643767,1.411167228001953,-0.14116338132550713,0.7221907804999693,-0.7661274074075256,-0.23852398604485736,-0.870777157942917,-0.19686195465150647,1.0,0.0,0.0,1.0,0.0,0.0,0.0,0.0
-0.9975089472830887,1.153369496050539,4.263268894939404,0.0028149838992662514,0.6919658727103299,-1.2810895100273918,-0.4831547176259562,-0.3106376190152393,0.08254308497756264,-0.2173580424124467,-0.5476829230090997,-0.13980377675988764,-0.25194558218708046,-0.32145481793022335,0.8386329940434626,-0.03221535746176795,0.0,1.0,1.0,1.0,0.0,0.0,0.0,0.0
1.9670835763669199,-0.26986912952881326,-0.022428701203365507,-0.1402706569208241,0.18484845533386426,-0.2944955896275487,0.029409417594625557,-0.8296161517293201,1.5849987091772797,0.10105484330383463,-0.1506173241553582,0.5460843655759122,-0.5218910404278143,-0.15559315415949138,-0.4685630045343572,-0.042837718570783355,0.0,1.0,0.0,1.0,0.0,0.0,0.0,0.0
0.8084327865561088,-0.2918736669586721,-0.3814860659639137,-0.1402706569208241,0.6412541309726834,1.4320437710721767,-0.7394367852362517,1.6169969310656325,0.4400894866858499,0.09786894450289366,-0.10334761000610312,0.9168347127844524,-1.113200139431326,-0.32899398446525663,-0.870777157942917,-0.23935139908756808,0.0,1.0,1.0,1.0,0.0,0.0,0.0,0.0
0.16761475196800635,-0.2763683599933285,-0.26930957082815155,0.0028149838992662514,-0.8800981211567138,-0.5411440697275095,-0.9957188528465379,1.0980183983515517,-0.37009544484463075,-1.02675333222932,0.13930358929340547,0.6387719523780473,-0.7018546792549699,-0.32145481793022335,-0.569116542886497,0.24131044109537853,0.0,1.0,0.0,0.0,0.0,0.0,0.0,0.0
1.3327384512191016,-0.05683363951695182,-0.1883017854825186,-0.021887537110239913,0.5905423892350369,-0.2944955896275487,-1.2520009204568334,-1.2744548940556752,1.4176365636968051,-0.14779925192523236,0.7238723876058585,0.62023443501762,-0.9718001374957035,-0.3026069015926402,0.3358653022827627,-0.042837718570783355,1.0,0.0,1.0,0.0,0.0,0.0,1.0,0.0
-0.09130162564334808,-0.18417213354670467,-0.3827204703120376,-0.02087513870821097,1.046948064873856,-0.7877925498274703,-1.892706089482563,-2.0158527979329337,-1.2069061722470045,-0.4432028685236057,0.05106678954812977,1.1948974731908575,-1.5245455996076818,-0.29883731832512356,0.6375259173391824,0.07931943418289379,0.0,1.0,0.0,1.0,0.0,0.0,0.0,1.0
0.49126022398219943,-0.2901095901183037,-0.1883017854825186,-0.09464523560271981,0.9455245813985629,-1.2810895100273918,-1.1238598866516856,-1.793433426769756,-0.408132296090193,-1.064453134707123,-0.5035645231364617,0.7778033325812499,-0.6761455879939476,1.242922238089181,-0.569116542886497,-0.1995175449287604,0.0,1.0,1.0,0.0,0.0,0.0,0.0,0.0
0.2258709369305613,-0.14415544311518919,-0.07643389143378745,0.014288832455594251,0.13413671359621768,-0.5411440697275095,0.6701145866203551,0.13420112331111575,-0.11905222662391846,-1.1062238078750177,-0.11122589569764574,-0.38079150244543825,0.30079987992489776,-0.242293569312374,-1.0718842346471968,-0.1649948713244604,0.0,1.0,0.0,1.0,0.0,0.0,0.0,0.0
0.6207184127878768,-0.24865378436964553,-0.3841863254754348,-0.04483523422289591,-0.2715572203049549,-0.7877925498274703,-0.8675778190413902,1.7652765118410843,-0.5983165523180053,-0.981265777126994,-0.10334761000610312,-0.49201660660800056,0.22367260614183104,-0.15559315415949138,0.9391865323956027,-0.07736039217508336,1.0,0.0,1.0,0.0,0.0,0.0,1.0,0.0
0.10288565756516767,-0.2802214751972911,-0.38021308647991087,-0.11347584588045813,0.4384071640220971,-0.7877925498274703,0.6701145866203551,1.2462979791270035,-0.6287460333144553,0.6585871334685297,-0.4736270375086003,0.5275468482154849,-0.4576183122752586,0.22136517259217228,0.43641884063490277,0.0952529758464169,0.0,0.0,0.0,1.0,0.0,0.0,0.0,1.0
-0.15603072004618676,-0.2932199361263217,-0.3845720768342235,-0.12009018210704721,0.8948128396609163,-0.5411440697275095,0.15755045139977328,-2.757250701810192,-1.2981946152363544,-0.052399282274829095,-0.2987290951563569,-0.8534981951363265,0.8021271595148316,-0.2950677350576069,1.8441683775648623,-0.029559767184514044,0.0,0.0,0.0,1.0,0.0,0.0,0.0,0.0
-0.9975089472830887,-0.25092851503222585,-0.3561036265556154,0.0028149838992662514,0.13413671359621768,0.9387468108722552,-0.4831547176259562,0.7273194464129225,-1.054758767264755,-1.1182594255674618,-0.776153208063832,-0.49201660660800056,0.45505442749103137,-0.32899398446525663,-1.5746519264078969,-0.12781660744290646,1.0,0.0,0.0,1.0,0.0,0.0,0.0,1.0
1.7858421120389723,-0.252924707246327,-0.31752849067674255,0.0028149838992662514,-1.0829450881073002,-0.5411440697275095,-1.1238598866516856,1.1721581887392776,1.231255992593549,-0.5886922470999167,-0.12067983852749652,0.3329029159310019,-0.4062001297532141,-0.1405148210894248,-0.1669023894779372,0.1164976980644477,1.0,0.0,0.0,0.0,0.0,0.0,0.0,1.0
-0.47967619206037987,-0.1773015184842171,-0.02628621479125279,-0.1381783668899643,-0.6772511542061275,-0.7877925498274703,-0.09873161621052216,0.8014592368006483,0.4667152825577437,-0.8509979150440684,0.6072737593710296,0.15679650100694478,0.22367260614183104,-0.32899398446525663,1.5425077625084427,0.2094433577683323,0.0,1.0,0.0,0.0,0.0,0.0,1.0,0.0
-0.28548890885186384,-0.29182724388392556,-0.3849578281930122,-0.08796340614932881,0.5398306474973903,1.6786922511721374,0.15755045139977328,0.13420112331111575,-1.0167219160191923,0.5600012650171854,-1.1227977784917016,-1.2242485423448666,0.48076351875205353,-0.1329756545543916,1.1402936090998823,-0.223417857424045,0.0,0.0,1.0,0.0,0.0,0.0,0.0,0.0
0.49126022398219943,7.12732286980874,-0.3732387019130107,-0.13156403066337521,0.03271323012092454,-1.2810895100273918,0.41383251901006873,-2.1641323787083855,-0.4613838878339804,0.8766442069551662,-0.43896258046581327,0.036302638164169475,-0.29050921907861393,-0.32899398446525663,-1.5746519264078969,-0.311052336573422,0.0,1.0,1.0,1.0,0.0,0.0,1.0,1.0
-0.28548890885186384,-0.18500774889214236,-0.37056930251019266,-0.08850335196374425,0.7933893561856231,1.6786922511721374,-1.5082829880671198,-1.3485946844434011,0.04830991885655649,-1.05542642143779,0.24014564614514947,-0.12126625939946037,0.4164907905994979,-0.32899398446525663,0.43641884063490277,0.17226509388677852,1.0,0.0,1.0,0.0,0.0,0.0,1.0,1.0
-0.35021800325470254,-0.2926164361546167,-0.35417486976167173,0.0028149838992662514,-0.32226896204260147,-1.2810895100273918,0.5419735528152073,0.4307602848620191,0.23849417508436843,1.7465715739899206,0.6340599307222741,0.870490919383385,-0.9846546831262147,0.3118351710125716,0.3358653022827627,-0.2340402185330604,0.0,1.0,0.0,1.0,0.0,0.0,1.0,0.0
-0.751538388552302,-0.18969647944154266,0.38646773911268634,-0.06940276877879822,0.7376064402742122,-0.2944955896275487,0.15755045139977328,0.504900075249745,-0.590709182068893,0.2913237994711512,0.47491855975311575,0.082646431565237,-0.2262364909260583,-0.19705857010217437,-0.870777157942917,-0.1649948713244604,0.0,1.0,0.0,1.0,0.0,0.0,1.0,1.0
-1.2499524154541595,-0.07507790789234113,-0.3464598425858972,-0.05252946207831587,0.458691860717156,-1.034441029927431,-0.8675778190413902,-1.6451538459943045,-0.26359226135705577,1.1031970105776452,0.4575863312317224,0.4441280200935642,-0.43190922101423623,-0.32899398446525663,0.1347582255784828,0.18023186471853989,0.0,1.0,0.0,1.0,0.0,0.0,0.0,0.0
0.4265311295793608,-0.29034170549203636,-0.3657474105253336,-0.15363431582760612,-0.17013373682966176,1.1853952909722159,2.2078069922821095,-1.1261753132802235,-0.8265376597913799,-0.4630262388405727,0.22438907476206454,-0.8627669538165408,1.1620544371691433,-0.32899398446525663,0.9391865323956027,0.050107941133101366,1.0,0.0,1.0,0.0,0.0,0.0,0.0,0.0
-0.6091343808660571,-0.07150333113685772,0.02000394826339459,0.0028149838992662514,0.6412541309726834,1.6786922511721374,0.7982556204255028,-2.238272169096111,-0.17991118861681846,0.44460093067198503,1.165056386332238,1.1856287145106446,-1.0360728656482592,-0.21967606970727416,2.5480431460298423,0.11118651750993988,0.0,1.0,0.0,1.0,0.0,0.0,1.0,0.0
0.16761475196800635,-0.276321936918582,-0.2750958412099825,-0.15012466803390578,-0.8293863794190672,0.6920983307722944,-1.1238598866516856,0.8014592368006483,0.12438362134768147,1.0162927710630851,-0.8281498936280124,-0.3993290198058655,1.149199891538632,0.14220392397432294,-0.06634885112579712,0.1855430452730477,0.0,1.0,0.0,0.0,0.0,0.0,0.0,1.0
-0.03304544068079342,-0.2041340556877159,0.3748951983490245,0.26873829749886813,-0.2867707428262487,-0.5411440697275095,1.3108197556460846,-1.7192936363820304,-0.6972123655564676,-0.02567313122248965,-0.4562948089872068,0.3050966398903616,-0.08483648899043598,-0.32899398446525663,-0.9713306962950571,-0.04814889912529094,0.0,1.0,0.0,1.0,0.0,0.0,0.0,0.0
-0.4408387354186767,-0.1834757874255066,-0.38426347574719255,-0.09100060135541563,0.36741072558939164,-0.2944955896275487,-2.0208471232877105,-1.2744548940556752,-0.3967212407165242,-0.5157705634339311,-0.45787046612551524,0.8334158846625304,-0.8818183180821256,-0.32145481793022335,-0.870777157942917,-0.2207622671467912,0.0,1.0,1.0,0.0,0.0,0.0,0.0,0.0
-0.23370563332959318,-0.29503043604143664,0.3517501168217008,-0.09167553362343492,-0.2715572203049549,1.4320437710721767,-0.4831547176259562,1.9876958830042617,-1.0661698226384237,-1.1825083847197744,0.0337345610267361,0.082646431565237,0.18510896925029757,-0.32899398446525663,-0.870777157942917,0.1191532883417015,0.0,1.0,0.0,0.0,1.0,0.0,0.0,1.0
2.8732908980066605,-0.22915609297609968,0.19359205971832227,-0.07615209145899116,0.9201687105297396,-1.2810895100273918,1.1826787218409367,-0.08821824785206177,3.091258018501552,0.9929295131895167,-0.04504829588868881,0.25875284648929414,-0.4576183122752586,-0.31768523466270676,-0.1669023894779372,0.4511020729984326,0.0,1.0,0.0,1.0,0.0,0.0,0.0,1.0
-1.7030560762740299,0.4401717987194806,0.43275790216733373,0.4860664878010808,0.8948128396609163,-1.2810895100273918,-0.3550136838208085,-0.08821824785206177,-0.7352492168020303,0.09751495574723335,-1.1621892069494142,-1.9750179954421614,1.547690806084477,-0.27245023545250713,-0.870777157942917,-0.2313846282558066,1.0,0.0,0.0,0.0,0.0,0.0,1.0,1.0
2.912128354648364,-0.2932199361263217,-0.3773199512889954,0.06490875255704132,-0.41862127134413024,-0.2944955896275487,0.5419735528152073,0.13420112331111575,0.5275742445506437,-0.501080030074036,-0.9857156074588621,-0.8998419885373939,0.9949453439724985,0.10450809129915653,-0.870777157942917,-0.3004299754644066,1.0,0.0,1.0,0.0,0.0,0.0,0.0,0.0
-1.2111149588124563,-0.02484814101658736,0.03157648902705643,-0.1058491112518401,-3.8112367935926854,-0.7877925498274703,-0.22687265001566076,-0.3847774094029651,-0.8569671407878299,0.09379807381280215,-0.5776204086369611,0.05484015552459675,0.05656351294518633,-0.10281898841425846,0.03420468722634272,-0.10922747550212956,0.0,1.0,0.0,1.0,0.0,0.0,0.0,1.0
-0.4537845542992444,-0.15580763487657015,-0.30737551491342324,-0.09032566908739634,0.6412541309726834,-1.034441029927431,0.6701145866203551,-1.6451538459943045,-0.8759855664106114,-0.22603076692611976,-0.7793045223404489,-1.5301175787919128,1.5348362604539656,-0.3026069015926402,1.4419542241563026,-0.1649948713244604,0.0,1.0,0.0,0.0,0.0,0.0,0.0,0.0
0.3294374879751029,-0.29489116681719707,-0.38503497846477,-0.06130358156256669,-3.1621264993508094,-0.7877925498274703,-0.9957188528465379,0.13420112331111575,-0.7732860680475926,0.02193835641379697,-0.28769949518819743,-0.010041155236898051,-0.02056376083788037,-0.2611414856499572,-0.3680094661822171,0.1324312397279707,1.0,0.0,0.0,1.0,0.0,0.0,1.0,1.0
-0.2660701805310124,-0.2913165900617136,-0.3773199512889954,-0.0005596774408302193,-0.37298070378024806,-0.5411440697275095,0.029409417594625557,0.7273194464129225,-0.438561777086643,-0.2856778722548506,0.8956190156814848,0.41632174405292266,-0.35478194723116957,-0.28752856852257364,-1.172437772999337,-0.18623959354249106,0.0,0.0,1.0,1.0,0.0,0.0,1.0,0.0
1.0090929792049086,-0.2805464367205169,-0.14586913601575852,-0.14701997960101704,-0.6265394124684809,-0.2944955896275487,0.15755045139977328,-0.45891719979069096,2.5739568415619036,-0.9577255248755957,-0.2420054381772511,0.49974057217484474,-0.6375819511024143,-0.32899398446525663,0.03420468722634272,0.40064585773060934,0.0,1.0,1.0,0.0,0.0,0.0,0.0,1.0
-0.9975089472830887,-0.1497262120847737,0.533053255452403,0.0028149838992662514,-0.4744041872555412,0.6920983307722944,1.56710182325638,1.1721581887392776,0.04830991885655649,0.070611810317064,-0.11752852425087959,0.6573094697384746,-0.5476001316888364,-0.32899398446525663,1.8441683775648623,0.1855430452730477,0.0,1.0,0.0,1.0,0.0,0.0,0.0,1.0
1.5269257344276175,-0.23119870826494734,-0.19601681265829318,-0.14020316369402216,-0.0687102533543686,-1.2810895100273918,0.41383251901006873,0.3566204944742933,2.4065946960814286,-1.1205603524792527,-0.2136436096876979,-0.19541632884116814,0.05656351294518633,0.22513475585968892,0.7380794556913225,0.41923498967138634,0.0,1.0,0.0,1.0,0.0,0.0,0.0,0.0
-0.15603072004618676,-0.2073836709199735,-0.3829904962631897,-0.06305840545941685,0.9962363231362094,-0.2944955896275487,0.9263966542306504,-0.16235803823978762,-1.054758767264755,1.5046202594962257,-0.7934854365852254,0.41632174405292266,-0.3162183103396361,-0.283758985255057,-0.1669023894779372,-0.008315044966483234,0.0,0.0,1.0,0.0,0.0,0.0,0.0,0.0
0.8343244243172443,-0.1362635204082778,-0.11693778410660391,-0.11462323073609092,-0.37298070378024806,-0.7877925498274703,-0.22687265001566076,-0.01407845746433593,1.436654989319586,-1.1079937516533183,-0.41532772339118584,-0.4827478479277863,0.5321817012740978,-0.32899398446525663,-1.0718842346471968,-0.029559767184514044,0.0,1.0,1.0,0.0,0.0,0.0,0.0,1.0
-1.690110257393462,0.29426407479111266,0.11644178796057664,0.023062951939845075,0.6412541309726834,-0.7877925498274703,-1.6364240218722674,-0.5330569901784168,-1.210709857371561,0.6667288748487127,-0.2672159523901871,-0.2510288809224486,-0.08483648899043598,-0.2536023191149239,-0.9713306962950571,-0.2154510865922835,0.0,1.0,0.0,1.0,0.0,0.0,0.0,0.0
0.3618020351765224,-0.05678721644220529,0.286172385827617,-0.1166480275401488,-1.3872155385331795,-0.7877925498274703,-0.7394367852362517,1.3204377695147291,-0.6743902548091303,-0.632586852801772,-0.5413802944558657,-0.9461857819384615,0.9692362527114763,-0.32899398446525663,0.7380794556913225,0.07931943418289379,0.0,1.0,0.0,1.0,0.0,0.0,1.0,0.0
-0.9975089472830887,-0.27474355237719966,-0.2153043805977296,-0.06400331063464386,-0.5758276707308343,0.6920983307722944,-0.8675778190413902,0.9497388175761,-0.7504639573002553,-1.0948961676938938,-0.5760447514986526,-0.8998419885373939,0.8792544332978985,-0.32899398446525663,0.1347582255784828,0.05541912168760907,1.0,0.0,0.0,0.0,0.0,0.0,0.0,0.0
0.12877729532630314,-0.23523751576789612,-0.16129919036730764,-0.047130003934161516,0.31669898385174505,1.4320437710721767,0.41383251901006873,0.9497388175761,-0.14948170762036844,0.5446027541459699,0.1266983321869375,-0.028578672597325324,-0.07198194335992492,-0.32899398446525663,-0.669670081238637,-0.08798275328409877,0.0,1.0,1.0,1.0,0.0,0.0,1.0,0.0
-0.9975089472830887,0.9459511980830086,-0.33102978823434803,0.0028149838992662514,1.046948064873856,-1.2810895100273918,0.9263966542306504,-2.4606915402592886,-0.8265376597913799,2.3485294529899616,-0.4058737805613348,0.7036532631395421,-0.8561092268211035,-0.09527982187922518,0.6375259173391824,-0.19420636437425268,0.0,1.0,0.0,0.0,0.0,0.0,0.0,1.0
0.5430434995044704,-0.28913470554862636,-0.13429659525209667,-0.1740172703217888,-1.9146176526047038,1.1853952909722159,-0.9957188528465379,-0.08821824785206177,-0.6287460333144553,-0.20726936287613315,-0.09704498145286927,-0.2139538462015954,0.18510896925029757,-0.32899398446525663,1.3414006858041625,-0.14109455882917565,0.0,1.0,1.0,0.0,0.0,0.0,1.0,0.0
0.03815656316232927,-0.2050160941079001,-0.3849578281930122,0.0028149838992662514,-2.147891664597878,1.6786922511721374,-1.1238598866516856,-0.6813365709538685,-0.2673959464816119,1.556302617822604,0.9759775297352185,0.19387153572779933,0.5964544294266535,-0.23852398604485736,0.3358653022827627,-0.056115669957052555,1.0,0.0,1.0,0.0,0.0,0.0,1.0,0.0
1.1191324396897342,-0.28625647491434103,0.07786665208170382,-0.14634504733299775,-1.8943329559096451,1.6786922511721374,-1.2520009204568334,-0.08821824785206177,-0.9178261027807298,1.8184312913889258,0.7254480447441669,1.0373285756272277,-0.714709224885481,-0.29883731832512356,-0.669670081238637,0.3289449202447555,0.0,1.0,0.0,0.0,0.0,0.0,0.0,0.0
-0.4149470976575412,-0.2494893997150832,-0.35996114014350267,0.0028149838992662514,0.6412541309726834,1.4320437710721767,0.285691485204921,1.0980183983515517,-0.6972123655564676,1.5532937133994928,-1.0912846357255315,-1.6598802003149016,1.2134726196911876,-0.23475440277734072,1.3414006858041625,-0.2366958088103143,1.0,0.0,1.0,1.0,0.0,0.0,0.0,0.0
0.03815656316232927,0.2577291149655875,2.6161105929115354,-0.058468866036885656,0.23556019707151082,-0.5411440697275095,0.15755045139977328,-1.9417130075452078,0.9611943487500553,-0.013106530396555363,-0.2546106952837191,-0.8164231604154732,1.252036256582721,0.10450809129915653,2.7491502227341225,0.1642983230550169,0.0,1.0,0.0,0.0,0.0,0.0,0.0,0.0
-1.0104547661636565,-0.2564992840018104,0.903374559889582,-0.09100060135541563,-0.2715572203049549,-0.5411440697275095,0.285691485204921,1.0980183983515517,-0.8683781961614987,-1.0771967299108876,-0.46417309467874923,-0.14907253544010063,0.48076351875205353,-0.3026069015926402,-1.0718842346471968,-0.07204921162057566,0.0,1.0,0.0,0.0,0.0,0.0,0.0,0.0
1.1191324396897342,-0.22135701641868136,-0.38113888974100385,-0.09842485630362786,0.6412541309726834,0.4454498506723336,0.285691485204921,0.13420112331111575,-0.7390529019265865,0.08034650109771736,-0.19316006688968756,-0.01930991391711103,0.21081806051131996,-0.3139156513951901,-1.0718842346471968,-0.17030605187896808,0.0,1.0,1.0,0.0,0.0,0.0,1.0,1.0
-0.3955283693366897,-0.2597953223088146,-0.1304390816642094,-0.12609707929241892,0.15949258446504097,-1.2810895100273918,-0.3550136838208085,-0.903755942117046,-0.3624880745955181,-0.7819701076903444,-0.6485249798608436,0.5368156068956993,-0.6632910423634366,-0.29883731832512356,-1.172437772999337,0.042141170301339875,0.0,1.0,0.0,1.0,0.0,0.0,0.0,0.0
1.7470046553972687,-0.2839817442517607,0.05086405696649284,-0.16929274444565376,-1.8436212141719985,-1.2810895100273918,0.5419735528152073,-1.7192936363820304,-0.3320585935990681,0.16795871812359806,0.21651078907052193,0.3143653985705746,-0.5733092229498586,0.10450809129915653,0.1347582255784828,-0.0030038644119755333,0.0,1.0,0.0,0.0,0.0,0.0,0.0,0.0
3.598256755318453,-0.29377701302328013,-0.3657474105253336,-0.18954071248623258,-1.8436212141719985,-0.2944955896275487,0.6701145866203551,-0.3106376190152393,2.014815128252135,-0.7874569334030762,0.4134679313590842,0.3885154680122824,-0.5476001316888364,-0.27245023545250713,-0.1669023894779372,-0.10126070467036796,0.0,1.0,1.0,0.0,0.0,0.0,1.0,0.0
0.38769367293765783,-0.2901560131930502,-0.30402719311913706,-0.11462323073609092,-0.19041843352472068,0.9387468108722552,-0.6112957514311039,1.394577559902455,1.1589859752269798,0.3173419730121703,0.48752381685958374,0.6573094697384746,-0.7918364986685478,-0.283758985255057,-0.9713306962950571,0.2572439827589015,0.0,1.0,0.0,0.0,0.0,0.0,0.0,0.0
0.16761475196800635,-0.282542628934618,-0.3849578281930122,-0.06029118316053775,0.38769542228445053,-0.2944955896275487,-0.6112957514311039,0.4307602848620191,0.3792305246929499,-1.043567798123176,-0.23727846676232542,-0.6866605388924837,0.44219988186052006,-0.3139156513951901,0.6375259173391824,-0.0003482741347217411,0.0,0.0,0.0,1.0,0.0,0.0,0.0,1.0
-0.22075981444902545,-0.010781949368386444,-0.1825155151006877,-0.022562469378259207,0.13413671359621768,-1.034441029927431,-0.6112957514311039,0.8014592368006483,0.06352465935478149,-0.9858676309505756,-0.14746600987874098,-0.010041155236898051,0.05656351294518633,-0.32899398446525663,0.7380794556913225,0.012929677251547573,0.0,1.0,1.0,0.0,0.0,0.0,0.0,0.0
1.2550635379356954,-0.21950009342881985,-0.3117422202949116,-0.13554613104468904,-0.37298070378024806,-0.2944955896275487,0.7982556204255028,-1.6451538459943045,0.23469048995981226,0.006008862409091547,-0.42163035194441983,-0.1027287420390331,-0.13625467151248052,-0.32145481793022335,-0.9713306962950571,0.08728620501465528,0.0,1.0,0.0,1.0,0.0,0.0,0.0,1.0
0.8796347903992312,0.2799193446944325,0.08943919284536567,0.0028149838992662514,0.8441010979232697,1.1853952909722159,-0.09873161621052216,-0.9778957325047719,0.9231574975044929,1.0408949895814636,-0.1758278383682942,0.518278089535272,-0.714709224885481,-0.3026069015926402,1.2408471474520224,-0.08532716300684486,0.0,1.0,1.0,0.0,0.0,0.0,0.0,0.0
0.6207184127878768,-0.23978697709305682,-0.35417486976167173,0.0028149838992662514,1.046948064873856,0.4454498506723336,3.617358364138716,-1.3485946844434011,0.2004573238388061,0.5343370802318264,2.6650819820019285,0.7036532631395421,-0.5218910404278143,0.35707017022277127,1.4419542241563026,0.012929677251547573,1.0,0.0,0.0,1.0,0.0,0.0,1.0,1.0
-0.8680507584774115,-0.2784573983569227,-0.38021308647991087,0.0028149838992662514,0.13413671359621768,-0.2944955896275487,-1.5082829880671198,0.13420112331111575,-0.6743902548091303,2.3485294529899616,-0.09074235289963513,-6.6093973355489135,-0.7018546792549699,-0.27621981872002377,0.3358653022827627,-0.188895183819745,0.0,0.0,0.0,1.0,0.0,0.0,1.0,1.0
0.16761475196800635,-0.10543859877657677,-0.37056930251019266,-0.15532164649765437,0.4384071640220971,-0.04784710952758794,0.5419735528152073,-0.3847774094029651,-0.484205998581318,-1.1476404922872523,0.4134679313590842,0.8241471259823174,-0.6632910423634366,-0.32899398446525663,3.151364376142682,0.2333436702636169,0.0,1.0,0.0,0.0,0.0,0.0,1.0,0.0
0.23234384637084501,-0.02210917960654164,-0.35417486976167173,0.0028149838992662514,0.38769542228445053,-0.5411440697275095,-0.09873161621052216,-0.45891719979069096,0.9916238297465052,-0.9789648502152032,0.8798624442983999,0.4348592614133499,-0.8175455899295699,-0.28752856852257364,0.3358653022827627,0.22006571887734772,0.0,1.0,1.0,1.0,0.0,0.0,0.0,1.0
-1.0751838605664952,0.08419966156302965,0.5407682826281776,0.18639656080051425,-0.6011835415996576,-0.5411440697275095,0.5419735528152073,0.3566204944742933,-0.49942073907954304,-1.1825083847197744,-0.1884330954747622,-0.38079150244543825,0.08227260420620872,-0.27245023545250713,-0.1669023894779372,0.1536759619460015,0.0,1.0,0.0,1.0,0.0,0.0,1.0,1.0
0.5559893183850382,-0.28602435954060834,-0.09186394578533658,0.0028149838992662514,0.6412541309726834,0.4454498506723336,-1.5082829880671198,1.5428571406779068,0.5047521338033061,-0.7313497156309466,-0.3097586951245165,-0.695929297572698,0.9692362527114763,-0.32899398446525663,-0.26745592783007727,-0.04018212829352945,1.0,0.0,0.0,0.0,0.0,0.0,0.0,1.0
0.6854475071907155,-0.27140109099544896,-0.38503497846477,-0.13358882746743309,-0.0687102533543686,1.6786922511721374,-0.4831547176259562,-2.0899925883206594,-0.4043286109656369,-1.064453134707123,-0.0671074958250076,-1.0666796447812381,1.547690806084477,-0.32899398446525663,1.5425077625084427,0.19616540638206312,0.0,0.0,0.0,1.0,0.0,0.0,0.0,1.0
0.3618020351765224,-0.22613859311757473,-0.3696049241132209,0.0028149838992662514,-0.6265394124684809,-0.2944955896275487,2.0796659584769617,0.8755990271883741,0.8470837950133683,-0.7451552771016914,-0.048199610165305745,0.27729036384972006,-0.3419274016006585,-0.32899398446525663,-0.4685630045343572,-0.223417857424045,0.0,1.0,1.0,1.0,0.0,0.0,0.0,1.0
-0.09130162564334808,-0.24545059221213442,-0.3213860042646298,-0.07912179343827605,0.8948128396609163,-1.034441029927431,0.5419735528152073,1.1721581887392776,0.017880437860106502,0.3380503152182876,0.9885827868416862,0.4533967787737772,-0.4704728579057697,-0.32899398446525663,0.6375259173391824,-0.042837718570783355,0.0,0.0,1.0,0.0,0.0,0.0,0.0,1.0
1.5528173721887528,-0.22293540096006365,-0.0687188642580129,-0.09235046589145422,0.38769542228445053,-0.7877925498274703,-1.380141954261981,0.28248070408656745,1.12855649423053,-0.9600264517873865,0.9255565013093462,1.3802726467951276,-1.138909230692348,-0.3026069015926402,-0.1669023894779372,0.010274086974293663,0.0,1.0,0.0,0.0,0.0,0.0,1.0,1.0
0.03815656316232927,-0.2843995519244795,-0.384726377377739,-0.1354786378178871,-0.32226896204260147,-1.034441029927431,1.6952428570615277,-0.6071967805661427,-0.29402174235350576,-0.9586104967647461,-0.5271993802110893,0.7036532631395421,-0.7661274074075256,-0.32899398446525663,0.03420468722634272,0.05276353141035528,0.0,0.0,0.0,0.0,0.0,0.0,1.0,1.0
-1.7030560762740299,0.4572090671514599,3.653781748053214,0.019688290599748606,0.38769542228445053,-1.2810895100273918,1.3108197556460846,-0.3847774094029651,1.2730965289636675,1.083904623394169,-0.4184790376678028,0.4070529853727097,-0.6761455879939476,-0.22721523624230744,-0.9713306962950571,-0.15702810049269877,0.0,1.0,0.0,1.0,0.0,0.0,0.0,0.0
0.2970729407736837,-0.05878340865630641,-0.3849578281930122,0.0028149838992662514,-0.2715572203049549,0.19880137057237285,2.9766531951129864,-0.3106376190152393,-0.7504639573002553,-0.8690513415827348,0.150333189261565,0.27729036384972006,-0.08483648899043598,-0.31768523466270676,-0.9713306962950571,0.07400825362838609,1.0,0.0,0.0,0.0,0.0,0.0,0.0,0.0
0.8796347903992312,-0.2906666670152621,-0.2500220028887151,-0.055161697923591116,0.6919658727103299,-1.2810895100273918,-0.8675778190413902,0.9497388175761,-0.1418743373712558,-0.8586086732907612,-0.5981039514349716,0.27729036384972006,-0.4062001297532141,0.09696892476412325,-0.569116542886497,0.012929677251547573,1.0,0.0,1.0,1.0,0.0,0.0,1.0,1.0
-0.35021800325470254,-0.1887680179466119,-0.3657474105253336,0.0028149838992662514,0.33698368054680394,-1.034441029927431,1.0545376880357982,-1.2003151036679494,0.5047521338033061,1.666924103966393,0.8184118159043683,0.19387153572779933,-0.23909103655656938,4.4470680154783215,-0.26745592783007727,-0.3588529615639913,1.0,0.0,0.0,1.0,0.0,0.0,0.0,1.0
-1.651272800751759,0.1308084286085535,-0.1346823466108854,0.00011525482718907486,1.026663368178797,-1.034441029927431,0.41383251901006873,0.7273194464129225,-0.47659862833220534,-0.3736440780363914,-0.6122848656797482,0.27729036384972006,-0.25194558218708046,-0.10281898841425846,-1.0718842346471968,-0.2260734477012989,0.0,1.0,1.0,1.0,0.0,0.0,0.0,0.0
0.10288565756516767,-0.18881444102135844,-0.38071456324633624,-0.12980920676652505,0.8441010979232697,-0.5411440697275095,1.3108197556460846,0.28248070408656745,0.32597893294916225,2.3485294529899616,0.6639974163501354,0.870490919383385,-0.7532728617770144,-0.31768523466270676,-0.770223619590777,-0.14109455882917565,1.0,0.0,0.0,0.0,0.0,0.0,1.0,0.0
-0.47967619206037987,-0.12015471347122922,-0.31752849067674255,0.0028149838992662514,0.9962363231362094,0.19880137057237285,0.6701145866203551,1.3204377695147291,2.102299886116929,0.032558019083600835,-0.8565117221175653,-0.1027287420390331,0.5835998837961426,3.37273678423608,0.3358653022827627,-0.15968369076995267,1.0,0.0,0.0,1.0,0.0,0.0,0.0,1.0
-1.4765042458640947,0.002820011532349096,-0.1690142175430822,0.41182393831895847,0.6412541309726834,-0.7877925498274703,0.285691485204921,-0.08821824785206177,0.41346369081395606,0.3497319441550716,0.014826675367034246,0.6295031936978344,-0.5861637685803698,-0.28752856852257364,-0.26745592783007727,-0.06939362134332175,0.0,1.0,0.0,1.0,0.0,0.0,1.0,0.0
0.45242276734049625,-0.1616569422946339,-0.3348911593358232,-0.11124856939599445,-0.11942199509201518,1.6786922511721374,1.1826787218409367,0.8755990271883741,0.5770221511698745,-0.6741805315918366,-0.19788703830461296,0.9446409888250927,-1.0360728656482592,-0.21967606970727416,0.03420468722634272,0.07135266335113218,0.0,1.0,1.0,1.0,0.0,0.0,1.0,0.0
0.16761475196800635,-0.2946126283687178,-0.3849964033288911,-0.15052962739471737,-1.8943329559096451,0.6920983307722944,-1.764565055677415,-0.3106376190152393,-0.5678870713215554,-1.1472865035315922,-0.7777288652021405,-1.4837737853908453,1.984745357521855,-0.3139156513951901,1.7436148392127222,0.38736790634434015,0.0,0.0,0.0,0.0,0.0,0.0,0.0,0.0
-0.026572531240509407,-0.26448405285821486,-0.3811774648768827,-0.15120455966273666,0.18484845533386426,1.6786922511721374,0.285691485204921,-0.08821824785206177,-1.1688693210014423,0.10547970274958618,-0.17740349550660264,-1.7432990284368237,1.0849271633860762,0.21005642278962236,-0.870777157942917,-0.13047219772016025,1.0,0.0,0.0,0.0,0.0,0.0,0.0,1.0
0.18056057084857408,-0.1901142871142615,-0.037858755554914636,-0.14836984413705562,0.22541784872398138,1.6786922511721374,-1.1238598866516856,-1.1261753132802235,-0.6743902548091303,0.3695553144720386,0.10148781797400176,-0.09345998335882012,0.13369078672825327,-0.21590648643975757,0.43641884063490277,0.3634675938490555,0.0,1.0,0.0,0.0,0.0,0.0,1.0,0.0
0.16761475196800635,-0.2709368602479836,0.6642087174405705,-0.09842485630362786,0.13413671359621768,-0.2944955896275487,0.029409417594625557,1.0980183983515517,0.8813169611343744,-0.35983851656564664,-0.21049229541108097,0.6480407110582602,-0.8946728637126368,-0.32145481793022335,0.03420468722634272,-0.013626225520990937,0.0,1.0,0.0,1.0,0.0,0.0,0.0,1.0
-0.9975089472830887,-0.06806802360561394,-0.3849578281930122,-0.11442075105568514,-1.2350803133202397,-1.2810895100273918,-0.4831547176259562,0.28248070408656745,6.856906291812236,-1.1825083847197744,-0.9069327505434374,-1.8081803391983178,2.3446726351761664,-0.32899398446525663,0.7380794556913225,-0.02159299635275255,1.0,0.0,1.0,0.0,0.0,0.0,0.0,1.0
0.6854475071907155,-0.26429836055922873,-0.3618898969374463,-0.024182306821505514,0.13413671359621768,-0.7877925498274703,-0.4831547176259562,0.4307602848620191,2.098496200992373,-1.0033900743557518,-0.44684086615735574,0.082646431565237,-0.7275637705159922,-0.09151023861170854,-0.9713306962950571,-0.30574115601891433,1.0,0.0,1.0,1.0,0.0,0.0,0.0,0.0
1.2550635379356954,0.09455200723150756,0.6372061223253596,0.00011525482718907486,0.5804000408875074,-1.2810895100273918,0.15755045139977328,1.2462979791270035,0.05591728910566882,0.36353750562581644,-0.4058737805613348,1.0373285756272277,-0.8818183180821256,-0.32145481793022335,-0.569116542886497,0.007618496697039871,0.0,1.0,1.0,1.0,0.0,0.0,0.0,1.0
1.0090929792049086,-0.29331278227581475,-0.0880064321974493,-0.14378030471452444,-3.2635499828261025,-0.2944955896275487,-0.7394367852362517,0.8014592368006483,-0.7124271060546926,-0.8393162861072844,0.42449753132724377,0.6573094697384746,0.2622362430333645,0.5003143343884034,-1.5746519264078969,-0.056115669957052555,1.0,0.0,0.0,1.0,0.0,0.0,0.0,0.0
-0.9975089472830887,0.005698242166634432,-0.35147461025015064,0.0028149838992662514,0.8948128396609163,1.4320437710721767,-1.764565055677415,-1.0520355228924978,-0.2559848911079431,2.2177306077735457,1.5038226710685652,0.6758469870989018,-0.5476001316888364,4.424450515873222,0.8386329940434626,-0.19686195465150647,1.0,0.0,0.0,1.0,0.0,0.0,0.0,0.0
-0.2078139955684577,-0.24312943847480753,-0.3618898969374463,-0.0484798684702001,0.0022861850783368804,-1.034441029927431,0.6701145866203551,0.6531796560251967,-0.7542676424248115,-1.1736586658282713,-0.29557778087974,0.29582788121014736,-0.3290728559701474,0.2929872546749884,-0.4685630045343572,-0.09594952411586026,0.0,1.0,0.0,0.0,0.0,0.0,0.0,1.0
0.9443638848020697,-0.293591320724294,-0.37539119449505176,0.0028149838992662514,0.6412541309726834,-1.034441029927431,-1.764565055677415,-1.867573217157482,-1.4731641309659418,0.2748633223329556,0.07312598948444857,0.3421716746112149,-0.2262364909260583,-0.2686806521849905,-1.5746519264078969,0.2466216216498861,0.0,0.0,0.0,0.0,0.0,0.0,0.0,1.0
-1.7030560762740299,-0.24879305359388512,-0.3811774648768827,0.012938967919555663,-3.821379141940215,0.19880137057237285,0.7982556204255028,0.7273194464129225,-0.921629787905286,1.1306311391413049,1.0846978722785046,1.1856287145106446,-1.0874910481703035,-0.3026069015926402,5.464095758241901,-0.04549330884803715,0.0,1.0,1.0,0.0,0.0,0.0,0.0,0.0
-0.5444052864632184,-0.16253898071481812,-0.3657474105253336,0.0028149838992662514,1.046948064873856,-1.2810895100273918,0.41383251901006873,-0.6813365709538685,0.04830991885655649,1.185499396268624,-0.015110810260827143,0.8982971954240252,-0.5604546773193475,5.5440167463256635,0.43641884063490277,-0.12516101716565256,1.0,0.0,0.0,1.0,0.0,0.0,0.0,1.0
0.6854475071907155,-0.2573813224219946,-0.2770245980039261,0.0028149838992662514,-0.0687102533543686,1.6786922511721374,1.3108197556460846,0.504900075249745,0.5427889850488683,-0.08160335461678916,-0.5319263516260146,-2.419918412092409,3.668690835118812,-0.1782106537645912,-0.1669023894779372,-0.14109455882917565,0.0,1.0,1.0,0.0,0.0,0.0,0.0,0.0
0.23234384637084501,-0.292987820752589,-0.38503497846477,-0.10618657738584975,-3.2635499828261025,-1.034441029927431,0.41383251901006873,0.504900075249745,-0.7885008085458176,-0.38178581941657425,-0.3428474950289949,-1.455967509350205,1.9076180837387886,-0.32899398446525663,-0.1669023894779372,0.023552038360562858,0.0,0.0,0.0,0.0,0.0,0.0,1.0,1.0
-0.9975089472830887,0.07110835448450602,-0.38021308647991087,0.0028149838992662514,0.9455245813985629,-1.2810895100273918,1.1826787218409367,-1.3485946844434011,0.08634677010211882,2.3485294529899616,-0.6201631513712906,0.7221907804999693,-1.010363774387237,-0.11789732148432501,-0.569116542886497,-0.13578337827466797,0.0,1.0,0.0,0.0,0.0,0.0,0.0,1.0
-1.6577457101920428,-0.03626821740423563,-0.384726377377739,0.2606391102826366,0.8542434462707992,-0.7877925498274703,2.2078069922821095,0.4307602848620191,1.3643849719530174,0.9058482792971262,-0.3853902377633243,-0.14907253544010063,0.13369078672825327,-0.2536023191149239,-0.9713306962950571,0.13508683000522448,0.0,1.0,0.0,0.0,0.0,0.0,0.0,1.0
1.2680093568162627,-0.27701828303978004,-0.3805216875669419,-0.11178851521040989,-0.9308098628943603,1.4320437710721767,-0.3550136838208085,-1.4227344748311268,0.2841383965790438,-0.29895245059210523,-0.15219298129366665,-1.2149797836646536,1.3034544391047653,-0.32899398446525663,-0.1669023894779372,-0.2207622671467912,1.0,0.0,1.0,0.0,0.0,0.0,1.0,0.0
0.3618020351765224,-0.010689103218893369,0.41539909102184097,-0.016758051873293277,0.8948128396609163,-1.2810895100273918,-0.4831547176259562,0.13420112331111575,0.31456787757549376,-1.1681718401155394,-0.21206795254938943,0.6295031936978344,-0.5476001316888364,0.03288600921634046,0.7380794556913225,-0.08532716300684486,0.0,1.0,1.0,0.0,0.0,0.0,0.0,1.0
-0.4149470976575412,-0.24401147689499175,-0.3849578281930122,-0.08992070972658477,-1.3872155385331795,0.4454498506723336,-1.6364240218722674,-1.1261753132802235,-1.1308324697558798,-1.0249833884510193,-0.31921263795436755,-0.7700793670144057,0.9049635245589207,-0.32899398446525663,1.1402936090998823,-0.15171691993819106,1.0,0.0,0.0,1.0,0.0,0.0,1.0,1.0
0.2582354841319805,0.13661131295187068,1.11939532081127,-0.08357634640720339,0.6412541309726834,-1.034441029927431,0.6701145866203551,0.8755990271883741,0.6530958536609991,1.6913493281069414,0.027431932473502244,0.16606525968715907,-0.9846546831262147,-0.19705857010217437,-0.669670081238637,0.1058753369554323,0.0,1.0,0.0,1.0,0.0,0.0,0.0,1.0
-0.15603072004618676,-0.21128320919868268,-0.37083932846134476,0.0028149838992662514,0.5905423892350369,0.19880137057237285,0.9263966542306504,-1.2003151036679494,-0.8988076771579487,0.6713307286722942,-0.5193210945195468,0.36070919197164214,-0.6375819511024143,-0.10281898841425846,0.3358653022827627,-0.223417857424045,1.0,0.0,0.0,0.0,0.0,0.0,0.0,0.0
1.6175464665915913,0.013868703322025064,1.1309678615749317,-0.04038068125396857,0.869456968792093,-0.2944955896275487,0.15755045139977328,1.0980183983515517,0.42487474618762455,-0.42214053756182834,-0.2672159523901871,0.4533967787737772,-0.36763649286168065,-0.3026069015926402,0.43641884063490277,-0.20217313520601418,0.0,1.0,1.0,1.0,0.0,0.0,1.0,0.0
-0.28548890885186384,-0.2836103596537884,-0.3609255185404745,-0.0007621571212360075,0.33698368054680394,-0.5411440697275095,0.6701145866203551,0.504900075249745,0.2613162858317061,0.8196520172938863,-0.4689000660936748,0.29582788121014736,-0.18767285403452486,-0.32899398446525663,-0.770223619590777,0.1403980105597323,1.0,0.0,1.0,0.0,0.0,0.0,1.0,0.0
-1.690110257393462,0.6182042903724526,1.273695864326761,0.19719547708882296,0.5398306474973903,-0.5411440697275095,0.41383251901006873,-0.45891719979069096,-0.04678220925734965,-0.38904258890760685,0.4938264454128176,1.231972507911712,-1.344581960780526,-0.2912981517900903,-0.9713306962950571,0.03151880919232447,0.0,1.0,1.0,1.0,0.0,0.0,1.0,1.0
0.8796347903992312,-0.24401147689499175,-0.3117422202949116,-0.07871683407746448,0.6412541309726834,1.4320437710721767,0.9263966542306504,1.6911367214533584,0.1624204725932438,-0.2732882658067463,0.4229218741889353,0.06410891420480973,-0.7661274074075256,0.5267014172610198,0.7380794556913225,-0.11188306577938337,1.0,0.0,0.0,0.0,0.0,0.0,0.0,0.0
0.1546689330874386,-0.2725616678641124,-0.3688334213956434,0.0028149838992662514,-0.6265394124684809,1.6786922511721374,0.5419735528152073,0.20834091369884158,-0.6667828845600177,-0.41842365562739703,0.2180864462088304,-0.9091107472176083,1.367727167257321,-0.10281898841425846,0.03420468722634272,0.2359992605408707,0.0,1.0,1.0,0.0,0.0,0.0,1.0,1.0
-0.09130162564334808,-0.1970313252514956,0.029647732233112793,0.0028149838992662514,0.7933893561856231,1.1853952909722159,0.6701145866203551,-1.2744548940556752,0.04830991885655649,-0.45541548059388004,-0.25303503814541034,1.0280598169470148,-0.8304001355600812,0.044194759018890376,1.2408471474520224,0.1881986355503015,0.0,1.0,1.0,1.0,0.0,0.0,0.0,1.0
2.031812670769759,-0.13946671256578888,0.28231487223972973,-0.13284640197261186,0.2609160679403341,-0.7877925498274703,-0.8675778190413902,0.7273194464129225,-0.27880700185528073,0.43380427362435103,1.042155129544175,1.2783163013127796,-1.1003455938008149,-0.21590648643975757,-0.669670081238637,0.004962906419785961,0.0,1.0,0.0,0.0,0.0,0.0,0.0,0.0
0.3618020351765224,-0.2686157065106567,-0.38426347574719255,-0.030391683687283018,0.23556019707151082,-1.034441029927431,1.4389607894512322,-0.01407845746433593,0.5427889850488683,-0.5929401121678382,-0.1711008669533685,0.04557139684438245,0.2622362430333645,-0.32145481793022335,-0.26745592783007727,-0.08532716300684486,0.0,0.0,0.0,0.0,0.0,0.0,1.0,1.0
0.3618020351765224,-0.29368416687378707,-0.3849578281930122,-0.18468120015649364,-2.0971799228602315,-0.04784710952758794,-1.1238598866516856,-0.01407845746433593,3.015184316010428,-0.4718759577320758,-0.07183446723993328,-0.46421033056736033,1.0206544352335207,-0.32899398446525663,-1.474098388055757,0.012929677251547573,0.0,0.0,0.0,1.0,0.0,0.0,0.0,0.0
-1.1010754983276305,-0.2708440140984905,1.0422450490535242,-0.05522919115039304,-1.0322333463696536,-0.2944955896275487,-1.5082829880671198,0.504900075249745,0.7938322032695806,2.452425152776208,-0.5287750373493977,0.25875284648929414,-0.38049103849219174,-0.30637648486015684,-1.0718842346471968,-0.13843896855192186,0.0,1.0,0.0,0.0,0.0,0.0,0.0,0.0
-0.9975089472830887,-0.12117602111565305,-0.3848421027853756,0.0028149838992662514,0.8441010979232697,-1.2810895100273918,0.41383251901006873,-0.5330569901784168,-0.3320585935990681,2.2002081643683695,0.6198790164774975,1.5100352683181173,-1.228891050105926,-0.15936273742700802,0.1347582255784828,-0.25794053102834497,1.0,0.0,0.0,1.0,0.0,0.0,0.0,1.0
-1.683637347953178,-0.13561359736182627,-0.38503497846477,-0.007983932389042454,0.9810228006149155,-0.7877925498274703,0.15755045139977328,-0.6813365709538685,-0.7999118639194864,-0.5832054213871848,-0.44841652329566434,-1.5023113027512724,1.650527171128566,-0.27245023545250713,-0.770223619590777,0.1510203716687477,0.0,1.0,0.0,0.0,1.0,0.0,0.0,1.0
0.18703348028885808,-0.2065016324997893,0.0007163803239581813,-0.07885182053106833,-0.22084547856730832,-1.034441029927431,0.029409417594625557,-0.9778957325047719,0.02548780810921883,1.9504690972501517,-0.49568623744491924,-0.29737267432351616,0.5707453381656313,-0.32522440119774,-0.9713306962950571,-0.20748431576052187,0.0,1.0,1.0,1.0,0.0,0.0,1.0,1.0
1.8246795686806752,-0.2944733591444782,-0.3804059621593052,-0.1179978920761874,0.23556019707151082,-0.7877925498274703,0.7982556204255028,0.9497388175761,1.8702750935189982,-1.1825083847197744,0.7033888448078479,1.0002535409063744,-1.0874910481703035,-0.32899398446525663,-0.870777157942917,0.1430536008369861,1.0,0.0,0.0,0.0,0.0,0.0,0.0,1.0
-0.09130162564334808,-0.2649018605309337,-0.3849964033288911,-0.11813287852979125,0.13413671359621768,1.4320437710721767,-0.09873161621052216,1.5428571406779068,0.9764090892482805,-0.2486860472883677,0.44498107412525434,0.07337767288502402,-0.07198194335992492,-0.27621981872002377,0.3358653022827627,-0.013626225520990937,0.0,0.0,0.0,0.0,0.0,0.0,0.0,1.0
-0.15603072004618676,-0.07814183082561262,0.286172385827617,0.0028149838992662514,0.38769542228445053,-0.5411440697275095,0.029409417594625557,-1.2744548940556752,-0.06580063488013081,-1.121622318746233,0.583638902296402,0.05484015552459675,-0.35478194723116957,-0.32145481793022335,0.1347582255784828,0.11384210778719367,0.0,1.0,0.0,0.0,0.0,0.0,0.0,0.0
-0.6738634752688957,-0.09132598405362932,-0.3823347189532489,0.0028149838992662514,0.7933893561856231,0.6920983307722944,-0.22687265001566076,1.468717350290181,0.5503963552979807,2.160738418112265,-0.9463241790011498,-0.1768788114807409,0.1593998779892754,-0.17444107049707455,0.8386329940434626,-0.13843896855192186,1.0,0.0,0.0,1.0,0.0,0.0,0.0,1.0
-0.9975089472830887,0.9179116609360999,-0.38503497846477,0.0028149838992662514,0.7426776144479765,-0.7877925498274703,0.15755045139977328,-1.5710140556065786,1.6686797819175174,0.11910826984250114,-0.1332850956339645,0.1382589836465175,-0.04627285209890253,-0.32899398446525663,0.5369723789870429,-0.008315044966483234,0.0,0.0,0.0,0.0,0.0,0.0,1.0,0.0
-0.04599125956136116,-0.23226643898411772,0.9650947772957785,-0.012033525997158219,-0.37298070378024806,-1.2810895100273918,0.15755045139977328,-2.0158527979329337,-1.2221209127452295,-1.1775525421405326,-0.6233144656479076,-0.454941571887146,1.0592180721250541,-0.283758985255057,-0.569116542886497,-0.2446625796420758,0.0,1.0,0.0,0.0,0.0,0.0,0.0,1.0
-1.5671249780280685,-0.12057252114394805,-0.3835691233013728,-0.09100060135541563,0.6412541309726834,0.19880137057237285,0.15755045139977328,0.28248070408656745,-0.575494441570668,0.8203599948052064,-0.06868315296331606,0.8890284367438122,-0.7789819530380366,-0.3101460681276735,-1.0718842346471968,0.1191532883417015,0.0,1.0,1.0,0.0,0.0,0.0,0.0,0.0
-0.7385925696717343,-0.27516136004991854,-0.042680647539773735,0.0028149838992662514,0.38769542228445053,-0.2944955896275487,-0.8675778190413902,0.8014592368006483,-0.6363534035635676,0.4111489932621033,-0.9431728647245328,0.8426846433427446,-0.7275637705159922,-0.28752856852257364,1.5425077625084427,-0.10657188522487566,1.0,0.0,1.0,1.0,0.0,0.0,0.0,1.0
-0.6091343808660571,-0.051634255145339605,-0.3849964033288911,-0.008253905296250173,0.8948128396609163,0.4454498506723336,0.5419735528152073,0.7273194464129225,-0.21794803986238076,-0.10868349442478865,-0.04504829588868881,-0.3344477090443707,-0.26480012781759177,-0.32899398446525663,-0.4685630045343572,-0.058771260234306344,1.0,0.0,1.0,1.0,0.0,0.0,1.0,1.0
-0.6609176563883279,-0.25199624575139623,0.14730189666367488,-0.08762594001531916,-0.8800981211567138,-0.2944955896275487,0.6701145866203551,0.06006133292338991,0.7253658710275683,1.0725769832130445,-0.35860406641207987,0.7685345739010369,-0.9846546831262147,-0.32899398446525663,1.6430613008605823,-0.18623959354249106,0.0,1.0,1.0,0.0,0.0,0.0,0.0,1.0
1.4298320928233592,-0.22028928569951098,-0.20373183983406776,-0.15039464094111352,-0.11942199509201518,0.9387468108722552,-0.8675778190413902,1.7652765118410843,1.4861028959388174,-0.7263938730517049,-0.021413438814061284,0.5646218829363395,-0.7275637705159922,-0.30637648486015684,0.23531176393062264,-0.242006989364822,0.0,1.0,0.0,0.0,0.0,0.0,1.0,0.0
0.8796347903992312,-0.022202025756034714,0.06822286811198561,-0.08114659024233394,0.7933893561856231,-0.5411440697275095,0.285691485204921,0.13420112331111575,0.8394764247642552,-0.6554191275418499,-0.33654486647576093,-0.1027287420390331,-0.26480012781759177,-0.32899398446525663,-0.770223619590777,-0.013626225520990937,1.0,0.0,0.0,1.0,0.0,0.0,0.0,0.0
0.03815656316232927,-0.23226643898411772,-0.17287173113096949,0.0028149838992662514,1.0976598066115026,1.6786922511721374,-1.1238598866516856,-1.2744548940556752,2.7869632085370535,0.8493870727693366,0.6135763879242637,0.036302638164169475,-0.17481830840401377,-0.32899398446525663,-0.4685630045343572,-0.09860511439311416,1.0,0.0,1.0,0.0,0.0,0.0,0.0,0.0
-0.9004153056788309,-0.03041890998617188,1.080820184932397,0.04196105544438531,-0.05856790500683915,-0.7877925498274703,0.15755045139977328,-2.1641323787083855,-1.663348387193754,0.5012391315776047,-0.3396961807523779,-0.7515418496539784,0.4036362449689868,0.858424744802484,-0.9713306962950571,-0.2313846282558066,0.0,1.0,0.0,0.0,0.0,0.0,0.0,1.0
-0.42142000709782507,-0.29516970526567626,-0.3657474105253336,-0.09100060135541563,-1.8943329559096451,-0.2944955896275487,1.1826787218409367,0.13420112331111575,-0.6211386630653426,-0.5175405072122318,-1.0203800645016492,-0.6588542628518433,0.5707453381656313,-0.22721523624230744,-1.0718842346471968,-0.07470480189782945,0.0,1.0,0.0,1.0,0.0,0.0,0.0,0.0
0.8796347903992312,-0.28207839818715263,-0.3838777243884038,-0.09855984275723173,0.7426776144479765,-0.7877925498274703,1.1826787218409367,0.4307602848620191,0.45530422718407454,-1.1665788907150687,-0.5618638372538761,-0.5754354347299213,0.8535453420368759,-0.32899398446525663,0.5369723789870429,-0.08798275328409877,0.0,0.0,1.0,0.0,0.0,0.0,1.0,0.0
-0.05246416900164488,0.1668327346118667,0.7876491522529636,0.4259975159473636,0.6412541309726834,-0.2944955896275487,0.5419735528152073,0.8014592368006483,-0.8493597705387176,1.1426667568337492,-0.66270589410562,-0.19541632884116814,0.49361806438256484,0.014038092878757258,0.9391865323956027,0.04745235085584758,0.0,1.0,1.0,1.0,0.0,0.0,1.0,0.0
-0.22075981444902545,-0.22734559306098473,-0.38503497846477,-0.1071989757878787,0.0073573592521012495,0.19880137057237285,0.15755045139977328,-1.793433426769756,-0.35488070434640573,-0.15700295957239563,-0.40272246628471786,-0.8349606777759006,0.8663998876673873,-0.3026069015926402,-0.4685630045343572,-0.11984983661114486,1.0,0.0,0.0,0.0,0.0,0.0,0.0,1.0
1.591654828830456,-0.2759041292458631,0.19359205971832227,0.0028149838992662514,-0.11942199509201518,-0.5411440697275095,0.285691485204921,0.13420112331111575,1.9387414257610105,-0.589754213366897,-0.8911761791603523,0.07337767288502402,-0.4704728579057697,-0.32522440119774,1.2408471474520224,-0.3083967462961682,0.0,1.0,1.0,0.0,0.0,0.0,0.0,1.0
-0.6091343808660571,-0.282542628934618,-0.38503497846477,-0.17071010220849425,-1.6407742472214124,-1.2810895100273918,-2.277129190897997,1.468717350290181,0.1624204725932438,0.12194017988778207,-0.04977526730361421,-0.26029763960266294,-0.02056376083788037,-0.18198023703210783,-0.26745592783007727,-0.2446625796420758,0.0,0.0,1.0,1.0,0.0,0.0,0.0,1.0
2.103014674612881,-0.2665266681470625,-0.3848421027853756,-0.199664696506522,0.13413671359621768,0.19880137057237285,-1.1238598866516856,1.394577559902455,0.12438362134768147,0.4205296952870964,1.224931357587961,0.6943845044593278,-0.5218910404278143,-0.32899398446525663,1.7436148392127222,-0.016281815798244847,0.0,0.0,1.0,0.0,0.0,0.0,0.0,0.0
2.064177217971178,-0.28138205206595457,-0.0687188642580129,-0.16119355722942222,-1.5647066346149425,1.6786922511721374,-0.7394367852362517,0.06006133292338991,1.6382503009210674,0.15822402734294472,0.0337345610267361,-0.18614757016095518,0.6221635206876761,0.03288600921634046,0.03420468722634272,0.1669539133322707,0.0,1.0,1.0,0.0,0.0,0.0,0.0,0.0
1.0544033452868953,-0.23342701585278117,-0.28473962517970064,-0.0937003304274928,0.8948128396609163,-0.5411440697275095,0.15755045139977328,-0.3847774094029651,-0.5716907564461114,-0.29081070921192237,-0.6611302369673115,1.1670911971502174,-0.9460910462346812,6.28662465002644,1.5425077625084427,0.007618496697039871,0.0,1.0,1.0,1.0,0.0,0.0,1.0,0.0
-0.026572531240509407,-0.26740870656724675,0.21287962765775867,-0.038828337037524197,-1.8436212141719985,1.1853952909722159,-1.6364240218722674,0.8014592368006483,-0.027763783634568488,-0.8577237014016108,0.5111586739342113,0.6943845044593278,-0.5733092229498586,-0.32899398446525663,-0.669670081238637,0.0023073161425321686,0.0,1.0,0.0,0.0,0.0,0.0,1.0,0.0
0.6207184127878768,-0.2908987823889948,-0.3849964033288911,-0.15282439710598297,0.7933893561856231,-0.04784710952758794,0.7982556204255028,-0.01407845746433593,-0.3320585935990681,-0.5417887369749502,-0.0923180100379436,0.24948408780907982,-0.059127397729413604,-0.32899398446525663,-0.669670081238637,-0.2313846282558066,1.0,0.0,1.0,0.0,0.0,0.0,0.0,0.0
-0.324326365493567,-0.20979767080679348,-0.3657474105253336,-0.02688203589358269,0.9810228006149155,-0.7877925498274703,0.285691485204921,0.20834091369884158,0.21567206433703145,-0.3970073359099595,-0.8769952649155758,-0.8627669538165408,0.5707453381656313,-0.32899398446525663,-0.4685630045343572,-0.12781660744290646,0.0,1.0,1.0,1.0,0.0,0.0,0.0,1.0
1.138551168010586,-0.276925436890287,-0.3464598425858972,0.0028149838992662514,0.7426776144479765,1.4320437710721767,1.4389607894512322,0.8755990271883741,0.5808258362944306,-0.8545378026006697,-0.07813709579316713,-0.362253985085011,0.5964544294266535,-0.32899398446525663,2.0452754542691425,-0.11984983661114486,0.0,0.0,1.0,1.0,0.0,0.0,0.0,0.0
0.16761475196800635,-0.29368416687378707,-0.3848421027853756,0.0028149838992662514,-3.6692439167272752,0.9387468108722552,0.15755045139977328,-1.2744548940556752,0.12057993622312498,-1.1825083847197744,1.2202043861730352,0.19387153572779933,-0.21338194529554724,-0.28752856852257364,-0.3680094661822171,-0.06673803106606796,0.0,1.0,0.0,0.0,0.0,0.0,0.0,1.0
-0.28548890885186384,-0.24842166899591284,-0.34024153068222285,0.0028149838992662514,-0.5251159289931877,-1.2810895100273918,-0.7394367852362517,-0.23649782862751345,0.3526047288210561,-0.7642706699073382,-0.5445316087324826,1.3246600947138472,-1.126054685061837,2.829916793713685,1.0397400707477427,-0.15437251021544499,0.0,1.0,0.0,0.0,0.0,0.0,0.0,1.0
-0.5444052864632184,-0.2533425149190458,-0.10536524334294206,-0.07925677989187992,0.03271323012092454,1.1853952909722159,-0.8675778190413902,-1.7192936363820304,0.8775132760098182,-0.46284924446274267,0.2937179888476384,0.25875284648929414,-0.38049103849219174,-0.32899398446525663,0.43641884063490277,0.2917666563632015,0.0,1.0,0.0,0.0,0.0,0.0,0.0,0.0
0.4847873145419157,-0.26072378380374533,3.279602930028148,-0.199664696506522,-1.0322333463696536,-0.7877925498274703,-0.22687265001566076,-0.5330569901784168,2.0604593497468104,-0.3196607927982225,-0.9542024646926923,-0.445672813206933,0.05656351294518633,-0.32899398446525663,-0.770223619590777,-0.2340402185330604,0.0,1.0,0.0,0.0,0.0,0.0,0.0,0.0
-0.15603072004618676,-0.2938698591727732,-0.38464922710598126,0.0028149838992662514,0.9962363231362094,1.1853952909722159,-1.892706089482563,0.20834091369884158,-1.1308324697558798,-0.2090393066544338,0.5489744452536153,-0.27883515696309025,0.35221806244694226,-0.32899398446525663,-0.669670081238637,-0.1756172324334758,0.0,0.0,0.0,0.0,0.0,0.0,0.0,0.0
0.9443638848020697,-0.01950948742073553,0.5793434185070504,-0.199664696506522,-0.11942199509201518,-0.2944955896275487,-0.09873161621052216,0.8014592368006483,0.6416847982873306,-0.31558992210813114,0.2858397031560961,-0.29737267432351616,0.5064726100130756,0.4927751678533701,-0.3680094661822171,-0.2154510865922835,1.0,0.0,0.0,0.0,0.0,0.0,0.0,0.0
0.38769367293765783,-0.29438051299498513,-0.3845257866711689,0.0028149838992662514,-3.6692439167272752,1.1853952909722159,-1.1238598866516856,0.9497388175761,-1.3324277813573606,-0.5681608992716295,-0.6091335514031311,0.23094657044865255,-0.04627285209890253,-0.1480539876244581,-0.26745592783007727,0.007618496697039871,0.0,0.0,0.0,0.0,0.0,0.0,0.0,1.0
1.138551168010586,-0.263973399036003,-0.38503497846477,-0.028299393656423207,0.38769542228445053,-0.5411440697275095,0.7982556204255028,-0.23649782862751345,1.4062255083231359,-0.94073406460391,-0.4610217804021323,-0.29737267432351616,0.14654533235876432,-0.32899398446525663,0.3358653022827627,-0.06673803106606796,1.0,0.0,1.0,1.0,0.0,0.0,0.0,0.0
-1.457085517543243,5.051282967143575,-0.31225912711568854,0.5515349177989524,0.6412541309726834,-0.7877925498274703,-0.8675778190413902,-0.08821824785206177,2.657637914302141,-0.4678050870419843,0.4087409599441588,0.09191519024544997,0.519327155643587,-0.27245023545250713,-0.26745592783007727,-0.01893740607549864,0.0,1.0,1.0,0.0,0.0,0.0,1.0,1.0
-0.09130162564334808,-0.27140109099544896,-0.1883017854825186,-0.05286692821232551,0.5905423892350369,-0.5411440697275095,0.6701145866203551,0.3566204944742933,0.2004573238388061,-0.495239215605644,1.6219969564417025,0.3236341572507876,-0.4576183122752586,-0.32899398446525663,0.5369723789870429,0.023552038360562858,1.0,0.0,1.0,0.0,0.0,0.0,0.0,1.0
0.16761475196800635,-0.2806857059447565,-0.3846878022418601,-0.031876534676925465,-0.4744041872555412,0.19880137057237285,0.15755045139977328,-2.0899925883206594,-0.39291755559196806,-1.0260453547179997,-0.046623953026997275,-0.695929297572698,1.0206544352335207,-0.32899398446525663,-0.06634885112579712,0.05276353141035528,1.0,0.0,0.0,0.0,0.0,0.0,0.0,0.0
0.899053518720083,-0.23491255424467036,1.9641907965585845,-0.09572512723155069,-1.6407742472214124,0.4454498506723336,-0.6112957514311039,1.0238786079638258,1.2084338818462113,0.08654130432176968,-0.2388541239006339,0.7314595391801824,-0.9975092287567258,0.9978993257005992,-0.770223619590777,-0.08798275328409877,0.0,1.0,0.0,1.0,0.0,0.0,0.0,1.0
-0.8615778490371276,-0.257242053197755,-0.1535841631915331,-0.10922377259193657,-0.6265394124684809,-0.5411440697275095,-0.8675778190413902,-0.3847774094029651,-1.214513542496117,0.05131942313358719,-0.3523014378588459,-0.49201660660800056,0.46790897312154245,-0.08774065534419194,-1.0718842346471968,0.1191532883417015,0.0,1.0,0.0,0.0,0.0,0.0,0.0,0.0
-0.4473116448589605,-0.1864004411345385,0.1858770325425477,-0.054554258882373745,0.5651865183662136,-0.7877925498274703,-0.09873161621052216,1.0238786079638258,-0.4271507217129742,0.5056639910233562,-0.7210052082230345,1.2505100252721382,-1.2931637782584817,-0.22721523624230744,-0.770223619590777,-0.22872903797855268,0.0,1.0,0.0,0.0,0.0,0.0,0.0,0.0
-0.9327798528802502,-0.038589371141562516,0.11644178796057664,-0.07682702372701046,-0.2715572203049549,-0.5411440697275095,0.41383251901006873,-0.5330569901784168,-0.09242643075202464,0.045832597420855485,-0.2845481809115805,-0.05638494863796557,0.005145330423142017,-0.29883731832512356,-0.770223619590777,-0.16233928104720646,0.0,1.0,0.0,0.0,0.0,0.0,1.0,0.0
-0.9975089472830887,1.5909998216861494,0.4250428749915592,0.0028149838992662514,0.8948128396609163,-0.7877925498274703,1.4389607894512322,-1.2744548940556752,-1.9258026607881351,0.4810617725049776,0.06367204665459777,0.2865591225299344,-0.3290728559701474,-0.31768523466270676,0.6375259173391824,-0.11984983661114486,0.0,1.0,0.0,1.0,0.0,0.0,0.0,1.0
-0.9975089472830887,-0.27242239863987283,-0.38021308647991087,-0.13514117168387746,-2.300026889810818,-1.2810895100273918,0.285691485204921,-2.6089711210347404,-0.6743902548091303,-1.135781868972638,-0.5681664658071102,-1.5301175787919128,-1.3831455976720595,-0.32899398446525663,-0.3680094661822171,-0.16233928104720646,1.0,0.0,0.0,1.0,0.0,0.0,1.0,0.0
0.465368586221064,-0.2520890919008893,-0.1921592990704059,-0.032281494037737044,-0.251272523609896,-0.2944955896275487,-1.380141954261981,0.8014592368006483,-0.6819976250582427,-1.1825083847197744,-0.3428474950289949,0.35144043329142916,-0.5476001316888364,-0.2686806521849905,-1.0718842346471968,-0.25794053102834497,0.0,1.0,0.0,0.0,0.0,0.0,1.0,0.0
0.9443638848020697,-0.048338216838335425,-0.1535841631915331,-0.03221400081093511,0.8441010979232697,1.6786922511721374,-1.1238598866516856,-0.01407845746433593,-0.7124271060546926,-0.0812493658611291,0.8830137585750167,0.5738906416165525,-0.38049103849219174,0.33822225388518806,-0.4685630045343572,0.15898714250050908,0.0,1.0,0.0,0.0,0.0,0.0,1.0,1.0
-0.7580112979925859,-0.28537443649415684,-0.3848421027853756,-0.07412729465493327,0.38769542228445053,-1.2810895100273918,2.0796659584769617,-1.9417130075452078,-0.9900961201472988,-1.1825083847197744,1.4864904425471717,-0.12126625939946037,0.519327155643587,-0.22721523624230744,-0.669670081238637,0.1058753369554323,0.0,0.0,0.0,1.0,0.0,0.0,1.0,1.0
-0.9975089472830887,-0.2479110151737009,-0.3726909349835307,-0.0013695961624533722,0.9455245813985629,-1.034441029927431,-2.148988157092849,0.8014592368006483,0.45530422718407454,-1.0848074881575804,-0.1506173241553582,0.0177651208037422,0.32650897118592015,5.227371751854265,-0.770223619590777,0.11118651750993988,1.0,0.0,0.0,0.0,0.0,0.0,1.0,0.0
1.0090929792049086,0.050310816998057145,-0.23073443494927873,0.0028149838992662514,0.8948128396609163,-1.034441029927431,-0.3550136838208085,0.8755990271883741,1.6040171348000605,-0.475415845288677,0.520612616764062,0.3421716746112149,-0.4447637666447473,-0.32899398446525663,-0.26745592783007727,-0.09860511439311416,1.0,0.0,1.0,1.0,0.0,0.0,0.0,0.0
-1.6771644385128945,11.131545182071347,-0.358032383349559,0.1114790790503726,1.123015677480326,0.4454498506723336,2.464089059892396,-0.08821824785206177,-0.8493597705387176,-0.9545396260746546,1.3761944428655768,0.05484015552459675,-0.38049103849219174,-0.18951940356714114,-0.669670081238637,0.1881986355503015,0.0,1.0,0.0,0.0,0.0,0.0,1.0,1.0
-0.9975089472830887,-0.23797647717794185,-0.3849578281930122,-0.011358593729138925,0.6919658727103299,0.19880137057237285,-0.3550136838208085,0.20834091369884158,0.010273067610993834,-0.6494013186956278,0.99488541539492,1.0373285756272277,-0.7789819530380366,-0.25737190238244056,1.7436148392127222,-0.311052336573422,1.0,0.0,1.0,0.0,0.0,0.0,0.0,0.0
0.12230438588601941,-0.28829909020318867,-0.3828747708555531,-0.08695100774729987,0.9708804522673862,-1.2810895100273918,0.15755045139977328,-0.16235803823978762,-0.29402174235350576,0.49946918779930416,-0.8123933222449273,0.5275468482154849,-0.4704728579057697,-0.02742732306392574,-0.669670081238637,-0.20217313520601418,1.0,0.0,0.0,0.0,0.0,0.0,1.0,1.0
0.9443638848020697,0.35131803365460745,-0.3348873018222353,0.0028149838992662514,0.6412541309726834,-1.2810895100273918,-0.7394367852362517,0.9497388175761,-0.408132296090193,-1.1676408569820491,-0.4310842947742708,-0.43640405452671877,0.6607271575792091,-0.32899398446525663,0.5369723789870429,-0.02424858663000634,1.0,0.0,1.0,0.0,0.0,0.0,0.0,1.0
0.2970729407736837,-0.27242239863987283,-0.3780914540065729,-0.1673354408683978,-3.212838241088456,0.9387468108722552,-0.09873161621052216,-0.6071967805661427,0.07873939985300649,-0.9713540919685105,-0.24358109531555958,-1.2149797836646536,0.9692362527114763,-0.32899398446525663,-0.3680094661822171,0.2466216216498861,0.0,0.0,0.0,0.0,0.0,0.0,0.0,0.0
1.2032802624134245,-0.24164390008291833,0.5986309864464868,-0.09167553362343492,-0.2259166527410727,1.6786922511721374,-0.09873161621052216,1.6169969310656325,0.35640841394561223,-0.07009872005783516,0.27323444604962804,0.4626655374539902,-0.8175455899295699,-0.21590648643975757,-0.3680094661822171,-0.10922747550212956,0.0,1.0,1.0,1.0,0.0,0.0,0.0,0.0
0.10288565756516767,-0.2860707826153549,-0.3657474105253336,0.0028149838992662514,-0.6265394124684809,-0.7877925498274703,1.0545376880357982,-0.5330569901784168,-0.6743902548091303,-0.8825029142978195,-0.6422223513076095,-0.8627669538165408,0.9949453439724985,-0.32899398446525663,0.8386329940434626,-0.2313846282558066,0.0,0.0,1.0,0.0,0.0,0.0,1.0,0.0
-1.5282875213863656,-0.28518874419517065,-0.38503497846477,-0.020807645481409044,-0.6265394124684809,0.4454498506723336,0.15755045139977328,-0.23649782862751345,-0.11905222662391846,0.08707228745525988,-0.018262124537444354,-0.23249136356202268,0.7121453401012539,-0.19705857010217437,-0.669670081238637,-0.10922747550212956,0.0,0.0,1.0,1.0,0.0,0.0,1.0,0.0
0.7307578732727025,-0.2756720138721304,-0.2731670844160388,-0.03025669723367916,-1.3872155385331795,-0.2944955896275487,-0.8675778190413902,-1.2744548940556752,-0.7656786977984803,-0.5327620237056171,-0.8108176651066189,-0.14907253544010063,0.3393635168164312,-0.2912981517900903,-0.4685630045343572,-0.2552849407510912,0.0,1.0,0.0,1.0,0.0,0.0,1.0,1.0
0.10288565756516767,-0.2206606702974833,-0.38503497846477,-0.09228297266465228,0.0834249718585711,0.6920983307722944,-0.7394367852362517,0.504900075249745,-0.027763783634568488,1.2256771200360483,1.146148500672536,0.7870720912614628,-1.113200139431326,-0.03119690633144238,0.6375259173391824,-0.13578337827466797,0.0,0.0,1.0,0.0,0.0,0.0,0.0,0.0
0.6207184127878768,-0.2649018605309337,-0.3849964033288911,-0.0778394221290394,-0.4236924455178946,1.4320437710721767,1.4389607894512322,0.7273194464129225,0.5808258362944306,-0.1932868070275583,-0.2924264666031228,-0.5939729520903486,0.6607271575792091,-0.32899398446525663,-0.870777157942917,-0.056115669957052555,0.0,0.0,0.0,0.0,0.0,0.0,0.0,1.0
-0.9975089472830887,0.12853369794597314,-0.11500902731266027,0.0028149838992662514,1.046948064873856,-1.2810895100273918,-0.09873161621052216,-0.9778957325047719,-1.0167219160191923,2.08746274569062,2.1750526119879856,0.8982971954240252,-0.49618194916679187,1.1109868237260987,0.6375259173391824,-0.3322970587914528,0.0,1.0,0.0,1.0,0.0,0.0,0.0,1.0
-0.9975089472830887,-0.17159148029039298,-0.3849578281930122,-0.042810437418838033,0.38769542228445053,-0.2944955896275487,-0.4831547176259562,-0.8296161517293201,-0.0810153753783558,-0.872414234761506,-0.36648235210362234,-1.9286742020410939,1.9333271749998107,-0.32899398446525663,2.346936069325562,0.1988209966593169,1.0,0.0,0.0,1.0,0.0,0.0,0.0,1.0
-0.026572531240509407,-0.161146288472422,-0.30788470670702434,-0.10314938217976292,-0.11942199509201518,1.1853952909722159,0.15755045139977328,0.9497388175761,-0.4613838878339804,-0.764093675529508,-0.24042978103894264,0.48120305481441744,-0.6247274054719031,-0.3139156513951901,-1.0718842346471968,0.13774242028247852,0.0,1.0,1.0,1.0,0.0,0.0,1.0,0.0
-0.09130162564334808,-0.2898310516698244,-0.37056930251019266,-0.144185264075336,0.4384071640220971,1.4320437710721767,0.7982556204255028,0.8014592368006483,-0.2559848911079431,-1.0548954383042999,0.39298438856107387,0.4070529853727097,-0.36763649286168065,-0.32899398446525663,0.8386329940434626,0.0952529758464169,1.0,0.0,0.0,1.0,0.0,0.0,0.0,0.0
2.4460788749479256,-0.21861805500863563,-0.26853806811057407,-0.199664696506522,0.37755307393692106,-0.5411440697275095,0.15755045139977328,0.13420112331111575,0.41346369081395606,0.9651413958701971,-0.1254068099424222,0.4626655374539902,-0.7018546792549699,-0.3101460681276735,-0.4685630045343572,-0.02690417690726025,0.0,1.0,1.0,0.0,0.0,0.0,0.0,0.0
1.073822073607747,-0.29438051299498513,-0.37056930251019266,-0.12400478926155911,-2.401450373286111,-0.04784710952758794,-1.1238598866516856,-1.5710140556065786,0.4667152825577437,-1.1713577389164807,-0.49411058030661076,-0.8627669538165408,1.4962726235624322,0.06681225862399022,-0.4685630045343572,0.1669539133322707,1.0,0.0,0.0,0.0,0.0,0.0,1.0,1.0
-0.1301390822850513,-0.29080593623950174,-0.3696049241132209,-0.1179978920761874,-0.6924646767274213,-0.2944955896275487,-0.4831547176259562,1.3204377695147291,0.15861678746868763,-0.5856833426768057,-0.08128841006978406,-0.19541632884116814,0.32650897118592015,-0.32899398446525663,0.03420468722634272,0.18023186471853989,1.0,0.0,1.0,0.0,0.0,0.0,1.0,0.0
-0.5508781959035023,-0.28184628281341995,-0.3117422202949116,-0.05117959754227728,-0.37298070378024806,-0.7877925498274703,-2.4052702247031448,-0.23649782862751345,-0.8645745110369426,0.7752264284585406,-0.9620807503842348,-0.43640405452671877,0.6864362488402317,-0.27245023545250713,-1.373544849703617,-0.1649948713244604,0.0,1.0,1.0,1.0,0.0,0.0,1.0,1.0
-1.5671249780280685,11.630361120222895,1.2929834322661975,0.610254025116631,1.0976598066115026,-0.7877925498274703,0.9263966542306504,1.0238786079638258,0.15861678746868763,1.6494016605612165,0.17396804633619253,0.6851157457791148,-0.8175455899295699,-0.24606315257989064,-0.3680094661822171,-0.276529662969122,0.0,1.0,0.0,0.0,0.0,0.0,0.0,0.0
-0.026572531240509407,-0.21671470894402758,-0.3775128269683898,0.0028149838992662514,0.13413671359621768,-0.5411440697275095,-0.6112957514311039,1.7652765118410843,1.8132198166506543,-0.19788866085113985,-0.44841652329566434,0.3885154680122824,-0.23909103655656938,-0.32899398446525663,0.7380794556913225,-0.02159299635275255,1.0,0.0,0.0,1.0,0.0,0.0,0.0,1.0
-0.35021800325470254,-0.27887520602964155,-0.28859713876758797,-0.12407228248836104,-0.11942199509201518,-0.5411440697275095,0.41383251901006873,0.06006133292338991,0.09395414035123148,-0.5447976413980613,-0.10965023855933727,-0.7330043322935512,0.44219988186052006,-0.32899398446525663,1.0397400707477427,0.3077001980267247,0.0,1.0,0.0,0.0,0.0,0.0,0.0,1.0
-1.5412333402669331,0.045204278775937995,0.07786665208170382,-0.19359030609434832,0.13413671359621768,-0.2944955896275487,-1.2520009204568334,-0.23649782862751345,0.656899538785556,-1.0175496245821567,-0.05607789585684807,0.49047181349463176,-0.5218910404278143,0.5945539160763194,-0.770223619590777,-0.2473181699193296,0.0,1.0,0.0,0.0,0.0,0.0,1.0,1.0
0.465368586221064,-0.284353128849733,-0.3696049241132209,-0.14364531826092056,0.0073573592521012495,-0.7877925498274703,-0.4831547176259562,0.7273194464129225,-0.1570890778694808,-0.9379021545586288,-0.7178538939464175,-0.3251789503641577,0.6221635206876761,-0.32899398446525663,-0.770223619590777,-0.14375014910642958,1.0,0.0,1.0,1.0,0.0,0.0,0.0,0.0
0.45889567678078025,-0.2637412836622703,-0.1535841631915331,-0.15309437001319068,-0.8293863794190672,1.1853952909722159,0.9263966542306504,0.5790398656374708,-1.0015071755209672,-0.12939183663090592,-0.2420054381772511,0.09191519024544997,-0.1619637627735027,-0.283758985255057,-0.870777157942917,-0.10657188522487566,0.0,1.0,1.0,0.0,0.0,0.0,0.0,0.0
-0.35021800325470254,-0.2704726295005182,-0.2963121659433625,-0.10605159093224589,-0.37298070378024806,-1.034441029927431,-1.764565055677415,0.20834091369884158,-0.408132296090193,2.22994321984382,-0.054502238718539604,0.7499970565406097,-0.714709224885481,-0.30637648486015684,-0.569116542886497,-0.0030038644119755333,0.0,1.0,0.0,0.0,0.0,0.0,0.0,1.0
0.23234384637084501,-0.2380693233274349,-0.3773199512889954,-0.08843585873694232,0.5905423892350369,-0.7877925498274703,-0.09873161621052216,-0.9778957325047719,0.656899538785556,0.7424824685599792,-0.4358112661891963,0.11972146628609154,0.030854421684164173,-0.32899398446525663,1.4419542241563026,-0.13312778799741418,1.0,0.0,0.0,0.0,0.0,0.0,0.0,1.0
-0.15603072004618676,-0.28495662882143796,0.2707423314760679,-0.023777347460693935,0.03271323012092454,-0.2944955896275487,-0.6112957514311039,-0.3106376190152393,0.7329732412766806,-1.1194983862122723,-0.5965282942966631,-0.5012853652882135,0.814981705145343,-0.32899398446525663,-0.1669023894779372,-0.010970635243737144,0.0,1.0,0.0,0.0,0.0,0.0,0.0,1.0
-0.9975089472830887,0.4594373747392937,-0.19457024506283546,0.0028149838992662514,0.13413671359621768,-1.2810895100273918,1.1826787218409367,-1.2003151036679494,-1.054758767264755,0.31167815292160844,0.27323444604962804,-0.2232226048818084,0.2879453342943867,-0.3139156513951901,0.23531176393062264,0.03682998974683217,0.0,1.0,0.0,0.0,0.0,0.0,0.0,0.0
-0.22075981444902545,-0.06597898524201974,0.4018977934642355,0.0028149838992662514,0.4384071640220971,1.1853952909722159,0.9263966542306504,0.8014592368006483,0.9611943487500553,-0.7115263453139796,0.5190369596257536,0.6016969176571928,-0.6890001336244588,-0.057583989204058814,0.03420468722634272,-0.02424858663000634,0.0,1.0,0.0,0.0,0.0,0.0,1.0,1.0
-0.09130162564334808,-0.2429901692505679,-0.38503497846477,-0.11408328492167549,0.38769542228445053,-0.5411440697275095,-1.1238598866516856,-1.1261753132802235,-0.2978254274780619,-0.7256858955403845,-0.2341271524857085,0.6665782284186875,-0.5990183142108809,-0.32899398446525663,0.9391865323956027,-0.17827282271072958,0.0,0.0,0.0,1.0,0.0,0.0,0.0,0.0
0.2517625746916965,-0.24582197681010673,0.26302730430029336,-0.12474721475638033,0.26598724211409847,1.1853952909722159,0.41383251901006873,0.6531796560251967,-0.8607708259123864,-0.26780144009401435,-0.1711008669533685,0.7036532631395421,-0.8946728637126368,-0.3139156513951901,-0.669670081238637,0.31566696885848633,0.0,1.0,0.0,0.0,0.0,0.0,1.0,0.0
0.6854475071907155,-0.2927557053788563,-0.3849578281930122,-0.15565911263166402,-0.2715572203049549,1.6786922511721374,-1.380141954261981,-1.7192936363820304,-0.5222428498268803,0.5872583992030147,-0.3932685234548668,0.082646431565237,0.2622362430333645,-0.23475440277734072,-0.06634885112579712,-0.18092841298798337,0.0,0.0,0.0,1.0,0.0,0.0,0.0,1.0
-0.47967619206037987,1.842566463737637,1.9950509052616827,0.0028149838992662514,0.7933893561856231,-0.7877925498274703,0.7982556204255028,1.5428571406779068,0.39064158006661837,1.2168274011445452,-0.2766698952200379,0.18460277704758501,-0.3162183103396361,-0.26491106891747385,0.43641884063490277,-0.22872903797855268,0.0,1.0,0.0,1.0,0.0,0.0,0.0,0.0
-1.126967136088766,-0.13138909755989134,1.9873358780859083,-0.03903081671792998,0.5398306474973903,0.6920983307722944,-0.22687265001566076,-0.3847774094029651,-1.3324277813573606,-1.0541874607929795,-0.590225665743429,0.9353722301448797,-0.6247274054719031,0.21759558932465564,-0.569116542886497,-0.10391629494762186,0.0,1.0,0.0,1.0,0.0,0.0,0.0,1.0
0.3294374879751029,-0.2888097440254006,0.04700654337860556,-0.16929274444565376,-0.5251159289931877,1.6786922511721374,-1.5082829880671198,1.394577559902455,-0.6477644589372364,-0.8479890106209574,-0.4972618945832277,0.027033879483956497,0.1593998779892754,-0.28752856852257364,-0.4685630045343572,-0.08532716300684486,0.0,1.0,1.0,0.0,0.0,0.0,0.0,0.0
0.0834669292443162,-0.2404833232142549,-0.2731670844160388,0.002140051631246957,0.4130512931532738,-0.2944955896275487,1.3108197556460846,-0.23649782862751345,1.4708881554405921,-0.9642743168553081,-0.9746860074907028,1.0187910582668005,-0.714709224885481,-0.32145481793022335,0.23531176393062264,-0.14109455882917565,0.0,1.0,1.0,0.0,0.0,1.0,0.0,1.0
-0.6285531091869087,-0.27655405229231467,-0.19601681265829318,-0.10652404351985939,-0.22084547856730832,1.1853952909722159,0.15755045139977328,0.28248070408656745,-0.9254334730298426,0.5130977548922189,-0.8234229222130869,-0.5198228826486408,0.6221635206876761,-0.30637648486015684,-0.870777157942917,-0.06408244078881405,0.0,1.0,1.0,1.0,0.0,0.0,0.0,0.0
0.23234384637084501,-0.20733724784522697,-0.3849578281930122,-0.0909331081286137,0.6412541309726834,-1.034441029927431,1.56710182325638,1.3204377695147291,-0.408132296090193,-0.28904076543362184,-0.6611302369673115,-0.6125104694507759,0.9049635245589207,-0.32899398446525663,-0.1669023894779372,-0.010970635243737144,1.0,0.0,1.0,0.0,0.0,0.0,0.0,0.0
0.28412712189311595,-0.07851321542358491,0.7606465571377526,-0.0599537170265281,0.6412541309726834,-0.7877925498274703,-0.6112957514311039,0.6531796560251967,-0.32445122334995574,-0.88374187494263,-0.8675413220857249,-0.3437164677245837,0.1593998779892754,0.21759558932465564,-0.870777157942917,-0.005659454689229443,0.0,1.0,0.0,1.0,0.0,0.0,0.0,1.0
-0.9975089472830887,-0.2058981325280843,-0.3796344594417278,-0.04800741588258659,0.9455245813985629,-0.2944955896275487,0.15755045139977328,0.06006133292338991,0.44389317181040605,-0.7805541526677038,-0.3097586951245165,-0.0007723965566850734,0.30079987992489776,6.716357142523337,0.6375259173391824,-0.12250542688839877,1.0,0.0,0.0,0.0,0.0,0.0,0.0,0.0
0.3294374879751029,-0.28207839818715263,-0.26930957082815155,-0.02350737455348622,-2.8781407456199886,-0.2944955896275487,0.15755045139977328,-0.01407845746433593,-0.16089276299403696,-0.14178144307901033,-0.06080486727177374,-1.3447424051876433,1.7019453536506104,-0.32899398446525663,-1.0718842346471968,-0.12250542688839877,0.0,1.0,0.0,0.0,0.0,0.0,0.0,1.0
0.7501766015935539,0.1608905810443099,-0.38503497846477,-0.04328289000645154,0.18484845533386426,0.6920983307722944,0.15755045139977328,0.28248070408656745,1.8778824637681104,-0.4203705937835277,-0.2719429238051125,-0.1583412941203136,0.030854421684164173,-0.31768523466270676,0.5369723789870429,-0.11453865605663716,0.0,0.0,1.0,0.0,0.0,0.0,0.0,0.0
0.03815656316232927,-0.2934520515000544,-0.36864054571624905,-0.07635457113939695,-0.8800981211567138,0.9387468108722552,-0.9957188528465379,-0.3106376190152393,-0.3320585935990681,0.6931010371453918,0.36304690293321223,-0.07492246599839285,-0.12340012588196922,0.09319934149660661,0.5369723789870429,-0.345575010177722,1.0,0.0,1.0,0.0,0.0,0.0,0.0,0.0
-0.4149470976575412,-0.10269963736653105,-0.11886654090054755,0.0028149838992662514,-0.2715572203049549,-0.7877925498274703,0.5419735528152073,0.6531796560251967,0.010273067610993834,-0.758252861061116,0.8184118159043683,0.35144043329142916,-0.509036494797303,0.39476600289793756,1.0397400707477427,-0.1649948713244604,1.0,0.0,0.0,0.0,0.0,0.0,0.0,1.0
-0.29843472773243157,-0.21137605534817575,-0.20103158032254664,-0.10652404351985939,-1.3872155385331795,0.19880137057237285,0.15755045139977328,-1.4227344748311268,0.02548780810921883,-1.1825083847197744,0.3173528459222659,-0.695929297572698,0.6992907944707425,-0.32899398446525663,-0.569116542886497,0.2678663438679169,0.0,1.0,0.0,0.0,0.0,0.0,0.0,0.0
-0.9975089472830887,1.3502033329758587,-0.358032383349559,0.0028149838992662514,0.8948128396609163,-1.2810895100273918,-0.09873161621052216,0.8755990271883741,0.08634677010211882,2.3485294529899616,-0.9447485218628412,0.37924670933206944,0.2750907886638756,-0.07266232227412538,1.2408471474520224,-0.3137079268506758,1.0,0.0,1.0,1.0,0.0,0.0,0.0,1.0
-0.4149470976575412,-0.27186532174291433,0.07786665208170382,-0.11266592715883497,0.23556019707151082,-0.2944955896275487,-0.8675778190413902,0.13420112331111575,-0.5222428498268803,1.279483410896387,-0.5949526371583547,0.10118394892566428,-0.27765467344810285,-0.32899398446525663,1.7436148392127222,0.06073030224211677,1.0,0.0,1.0,0.0,0.0,0.0,0.0,0.0
0.6854475071907155,-0.27492924467618585,0.09715422002114023,-0.15113706643593475,0.2862719388091574,1.1853952909722159,-0.6112957514311039,-1.4968742652188527,-0.7770897531721488,-0.2738192489402364,-0.33339355219914385,0.35144043329142916,-0.13625467151248052,-0.32899398446525663,-1.5746519264078969,-0.05346007967979864,0.0,1.0,0.0,0.0,0.0,0.0,0.0,0.0
-0.9975089472830887,2.019624070820932,-0.29399765779063014,0.0028149838992662514,0.7933893561856231,-1.034441029927431,0.15755045139977328,2.1359754637797135,0.04830991885655649,-0.4932922774495133,0.6671487306267526,-0.26029763960266294,8.296327262102817,-0.32899398446525663,0.43641884063490277,-0.2207622671467912,0.0,1.0,1.0,1.0,0.0,0.0,0.0,0.0
-1.2499524154541595,-0.15162955814938175,-0.3839008694699311,0.17492271224418626,0.38769542228445053,-0.04784710952758794,0.9263966542306504,-0.903755942117046,2.4826683985725535,0.770447580257129,0.8168361587660599,1.1670911971502174,-0.8818183180821256,-0.17067148722955794,-0.1669023894779372,0.2253768994318553,0.0,1.0,0.0,1.0,0.0,0.0,1.0,1.0
-1.3470460570584173,-0.18969647944154266,0.8300818017197237,0.11755346946254625,0.5601153441924491,1.1853952909722159,-1.1238598866516856,-0.7554763613415943,1.345366546330236,-0.9819737546383143,-0.9715346932140857,-1.1130234381823056,0.6735817032097204,-0.3026069015926402,-0.669670081238637,-0.056115669957052555,0.0,1.0,0.0,1.0,0.0,0.0,0.0,0.0
-0.8680507584774115,-0.26768724501572594,-0.38464922710598126,0.0028149838992662514,0.5905423892350369,0.4454498506723336,0.5419735528152073,-0.3106376190152393,0.12057993622312498,-1.172950688316951,-0.8754196077772674,-0.8534981951363265,0.956381707080965,-0.32899398446525663,-0.3680094661822171,-0.08001598245233715,0.0,0.0,0.0,1.0,0.0,0.0,1.0,1.0
0.3618020351765224,-0.2564992840018104,-0.38503497846477,0.0028149838992662514,-0.6772511542061275,-0.7877925498274703,1.6952428570615277,-2.386551749871563,-0.1418743373712558,2.133127295170776,-0.46417309467874923,-0.8534981951363265,0.46790897312154245,-0.26491106891747385,-0.06634885112579712,-0.11719424633389107,1.0,0.0,0.0,1.0,0.0,0.0,1.0,0.0
0.6854475071907155,-0.2858850903163687,-0.3780914540065729,0.0028149838992662514,0.6412541309726834,-0.2944955896275487,1.0545376880357982,-1.3485946844434011,-0.9938998052718548,-1.0759577692660773,-0.8060906936916934,-0.2139538462015954,-0.07198194335992492,-0.32899398446525663,0.1347582255784828,0.12446446889620907,1.0,0.0,1.0,0.0,0.0,0.0,0.0,0.0
0.6854475071907155,-0.2908987823889948,-0.3849578281930122,-0.09592760691195648,0.38769542228445053,-1.034441029927431,-0.6112957514311039,-1.9417130075452078,-1.397090428474817,2.1488797947976512,-0.19316006688968756,0.3143653985705746,-0.49618194916679187,-0.32899398446525663,-1.373544849703617,-0.08798275328409877,0.0,0.0,0.0,0.0,0.0,0.0,0.0,0.0
-1.0234005850442243,0.6484257120324486,4.706882957546442,-0.05050466527425798,0.13413671359621768,-1.2810895100273918,1.6952428570615277,1.0980183983515517,0.1319909915967938,-0.31771385464209184,-0.4310842947742708,0.6573094697384746,-0.9846546831262147,-0.2912981517900903,0.03420468722634272,-0.0030038644119755333,0.0,1.0,1.0,1.0,0.0,0.0,1.0,1.0
-1.683637347953178,0.00254147308386987,-0.37346243770110815,0.24444073585017354,0.7426776144479765,-0.5411440697275095,0.7982556204255028,-1.2744548940556752,-0.6781939399336865,-0.6741805315918366,-0.5051401802747701,0.27729036384972006,-0.25194558218708046,-0.30637648486015684,-1.172437772999337,-0.3083967462961682,0.0,1.0,1.0,1.0,0.0,0.0,0.0,0.0
-0.4149470976575412,-0.28899543632438673,-0.3561036265556154,0.0028149838992662514,0.18484845533386426,-1.2810895100273918,-2.0208471232877105,-0.16235803823978762,-0.4575802027094242,-0.923919598710054,0.0006457611222577831,-0.3437164677245837,0.3136544255554088,0.9074293272802002,-1.172437772999337,0.023552038360562858,0.0,1.0,0.0,0.0,0.0,0.0,1.0,0.0
-0.9975089472830887,-0.14234494320007424,-0.38407060006779814,0.0028149838992662514,0.38769542228445053,1.4320437710721767,1.4389607894512322,1.3204377695147291,1.0372680512411805,1.8102895500087428,-0.4373869233275048,0.7963408499416771,-0.4833274035362808,0.8395768284649006,0.9391865323956027,-0.2871520240781374,0.0,1.0,0.0,0.0,0.0,0.0,1.0,1.0
-0.803321664074573,-0.28179985973867344,-0.3811774648768827,0.0028149838992662514,0.13413671359621768,1.4320437710721767,-1.2520009204568334,-0.23649782862751345,-0.560279701072443,0.5504435686143619,-0.5240480659344722,-0.07492246599839285,0.08227260420620872,-0.2083673199047243,-0.26745592783007727,0.19350981610480933,1.0,0.0,1.0,1.0,0.0,0.0,0.0,0.0
0.4265311295793608,-0.260955899177478,-0.30788470670702434,-0.13298138842621574,0.6412541309726834,1.1853952909722159,-0.4831547176259562,-1.0520355228924978,-0.484205998581318,-0.23434950268413265,0.17554370347450102,0.04557139684438245,-0.21338194529554724,-0.05004482266902554,0.03420468722634272,0.21741012860009393,0.0,1.0,1.0,0.0,0.0,0.0,0.0,1.0
2.562591244873035,-0.25199624575139623,1.3508461360845068,-0.002651967471690031,-2.908567790662577,1.1853952909722159,-0.6112957514311039,0.20834091369884158,-0.06580063488013081,-1.0775507186665478,-0.1490416670170497,-0.7237355736133382,1.2263271653216987,-0.32899398446525663,-0.870777157942917,-0.013626225520990937,0.0,1.0,1.0,0.0,0.0,0.0,0.0,0.0
-1.3988293325806882,-0.1096630985785117,-0.3811774648768827,-0.1058491112518401,0.9201687105297396,-1.2810895100273918,-0.3550136838208085,-0.23649782862751345,-0.6363534035635676,0.7339867384241362,-0.3806632663483988,0.18460277704758501,0.030854421684164173,-0.2611414856499572,-0.870777157942917,-0.19155077409699878,0.0,1.0,0.0,0.0,0.0,0.0,0.0,1.0
0.23234384637084501,-0.2842602827002399,-0.38310622167082636,-0.1292692609521096,0.6919658727103299,0.9387468108722552,-0.7394367852362517,1.1721581887392776,-1.2829798747381294,0.8440772414344347,-0.25303503814541034,0.21240905308822658,-0.3419274016006585,1.1185259902611318,-1.5746519264078969,0.10853092723268609,0.0,0.0,1.0,0.0,0.0,0.0,0.0,1.0
-1.5735978874683525,0.5348748712024174,0.012288921087620027,-0.05117959754227728,-0.1802760851771912,-0.7877925498274703,-0.4831547176259562,0.8755990271883741,-0.545064960574218,-0.2987754562142752,-0.5823473800518866,-0.538360400009068,0.05656351294518633,-0.31768523466270676,-0.770223619590777,-0.10126070467036796,0.0,1.0,1.0,1.0,0.0,0.0,0.0,0.0
1.2680093568162627,0.3668697636946976,-0.3661331618841223,0.0028149838992662514,0.9455245813985629,1.6786922511721374,1.0545376880357982,0.20834091369884158,0.010273067610993834,1.813652443187514,1.1414215292576104,0.9353722301448797,-0.7275637705159922,-0.30637648486015684,0.03420468722634272,0.03948558002408596,0.0,1.0,1.0,0.0,0.0,0.0,1.0,0.0
-0.9975089472830887,0.2057352712494653,-0.3848421027853756,0.0028149838992662514,0.8948128396609163,0.6920983307722944,0.7982556204255028,0.7273194464129225,-0.1418743373712558,2.3485294529899616,1.8457402700815095,1.315391336033633,-1.2803092326279704,6.901066722631652,-1.0718842346471968,-0.19420636437425268,0.0,1.0,0.0,0.0,0.0,0.0,1.0,1.0
-0.3955283693366897,-0.21601836282282952,-0.28859713876758797,-0.09167553362343492,0.6412541309726834,-0.5411440697275095,0.7982556204255028,1.5428571406779068,0.9611943487500553,-0.0874441690851813,-0.3396961807523779,0.036302638164169475,-0.39334558412270304,-0.32899398446525663,-0.06634885112579712,-0.01893740607549864,0.0,1.0,1.0,1.0,0.0,0.0,0.0,0.0
0.23234384637084501,-0.2906666670152621,-0.38503497846477,-0.11246344747842918,0.6412541309726834,-1.034441029927431,-0.09873161621052216,-0.3847774094029651,1.1627896603515366,-0.6421445492045953,-0.26879160952849557,0.11972146628609154,0.39078169933847573,-0.32899398446525663,0.6375259173391824,0.004962906419785961,0.0,0.0,0.0,0.0,0.0,0.0,0.0,0.0
-0.23370563332959318,0.1039758914050547,1.6633047367033766,0.008889374311439898,0.4637630348909204,-0.7877925498274703,0.029409417594625557,1.7652765118410843,0.8851206462589306,0.02919512590482945,-0.062380524410082204,1.2041662318710706,-1.2031819588449038,-0.23098481950982408,-0.569116542886497,0.16960950360952448,0.0,1.0,0.0,0.0,0.0,0.0,1.0,0.0
0.018737834841477525,-0.2712618217712094,0.19359205971832227,-0.1524194377451714,-0.37298070378024806,1.6786922511721374,0.7982556204255028,0.5790398656374708,-0.14567802249581194,1.8639188464912517,0.39456004569938236,0.6758469870989018,-0.5218910404278143,-0.32145481793022335,-0.9713306962950571,-0.13843896855192186,0.0,1.0,1.0,0.0,0.0,0.0,0.0,0.0
0.10288565756516767,-0.2315236697881731,-0.3849964033288911,0.0028149838992662514,0.38769542228445053,0.4454498506723336,1.56710182325638,-0.01407845746433593,0.5427889850488683,0.9757610585400007,1.6377535278247877,0.22167781176843956,0.2879453342943867,-0.32899398446525663,-0.4685630045343572,-0.14109455882917565,1.0,0.0,0.0,0.0,0.0,0.0,0.0,0.0
0.23234384637084501,-0.2769718599650335,-0.3838777243884038,0.0028149838992662514,-0.8800981211567138,0.9387468108722552,0.7982556204255028,-0.08821824785206177,1.075304902486743,-1.0373729948991237,-0.21994623824093204,-1.3076673704667887,1.869054446847255,0.858424744802484,1.5425077625084427,0.08197502446014758,0.0,1.0,1.0,0.0,0.0,0.0,1.0,1.0
0.2711813030125482,-0.2942412437707455,2.8938515712394195,-0.199664696506522,-2.908567790662577,-0.2944955896275487,1.1826787218409367,0.8755990271883741,0.2537089155825938,0.4070781225720118,-0.2136436096876979,0.3699779506518551,-0.20052739966503616,0.006498926343723979,1.7436148392127222,0.1403980105597323,0.0,1.0,0.0,1.0,0.0,0.0,1.0,0.0
0.16761475196800635,-0.17251994178532373,-0.38503497846477,-0.12602958606561698,-2.401450373286111,0.6920983307722944,-0.7394367852362517,1.0980183983515517,-0.10383748612569346,0.10884259592835732,-0.678462465488705,-1.3540111638678562,1.8304908099557216,-0.32899398446525663,1.3414006858041625,0.2731775244224247,0.0,0.0,1.0,0.0,0.0,0.0,0.0,1.0
1.0026200697646248,0.07978946946210858,8.024344643129504,-0.0255321713575441,-0.2715572203049549,-0.7877925498274703,1.3108197556460846,-0.23649782862751345,1.3263481207074552,0.747792299894881,0.6955105591163055,1.398810164155555,-1.126054685061837,-0.3101460681276735,-0.4685630045343572,-0.2207622671467912,0.0,1.0,1.0,1.0,0.0,0.0,0.0,0.0
-0.4408387354186767,-0.23263782358209,2.2380742612985816,-0.011358593729138925,-0.8800981211567138,-1.2810895100273918,0.7982556204255028,-0.01407845746433593,0.4286784313121807,-1.0876393982028614,0.0715503323461401,-0.6032417107705629,0.8921089789284095,-0.1782106537645912,0.03420468722634272,-0.10657188522487566,0.0,1.0,0.0,0.0,0.0,0.0,0.0,1.0
-0.9327798528802502,-0.23992624631729642,0.08558167925747838,-0.014530775388829607,0.13413671359621768,-0.7877925498274703,-0.3550136838208085,-0.9778957325047719,-1.2449430234925671,-0.3226696972213336,-0.20418966685784712,0.7870720912614628,-0.7404183161465033,0.556858083401153,0.3358653022827627,-0.0003482741347217411,0.0,1.0,0.0,1.0,0.0,0.0,0.0,0.0
-0.026572531240509407,-0.21309370911379766,3.289246713997866,-0.05286692821232551,-0.4744041872555412,0.4454498506723336,1.56710182325638,-0.7554763613415943,0.5427889850488683,-0.03133695131305151,-0.18213046692152804,0.07337767288502402,0.1593998779892754,-0.07643190554164202,-0.4685630045343572,0.3342561007992631,0.0,1.0,0.0,0.0,0.0,0.0,0.0,1.0
0.3618020351765224,0.9979450417991308,-0.26930957082815155,0.0028149838992662514,0.8441010979232697,-0.2944955896275487,-0.6112957514311039,0.20834091369884158,-0.484205998581318,-0.8625025496030225,0.17554370347450102,0.27729036384972006,-0.12340012588196922,-0.32899398446525663,0.9391865323956027,-0.2685628921373604,0.0,1.0,0.0,0.0,0.0,0.0,0.0,1.0
0.4977331334224835,-0.28676712873655297,0.9689522908836659,-0.13352133424063115,-1.8943329559096451,-0.7877925498274703,-0.8675778190413902,-2.757250701810192,-0.8683781961614987,-0.6368347178696935,-0.5208967516578552,0.4255905027331369,-0.38049103849219174,-0.32899398446525663,-0.4685630045343572,-0.17030605187896808,0.0,1.0,1.0,1.0,0.0,0.0,0.0,0.0
0.5430434995044704,-0.2942412437707455,-0.31559973388279894,-0.1544442345492293,-2.7057208237119905,1.4320437710721767,-0.3550136838208085,0.20834091369884158,-0.7086234209301364,-0.9630353562104976,-0.2136436096876979,-0.6681230215320564,0.48076351875205353,-0.3101460681276735,-0.9713306962950571,0.2253768994318553,0.0,1.0,0.0,1.0,0.0,0.0,0.0,0.0
1.0090929792049086,-0.12242944413380956,0.17430449177888585,-0.14506267602376108,0.9962363231362094,-0.7877925498274703,0.285691485204921,-0.08821824785206177,2.102299886116929,-1.0175496245821567,0.11094176080385255,-0.4271352958465058,1.0592180721250541,-0.32899398446525663,0.8386329940434626,-0.013626225520990937,0.0,1.0,0.0,1.0,0.0,0.0,0.0,1.0
-1.683637347953178,0.09664104559510174,0.28231487223972973,-0.07345236238691398,1.0925886324377383,-0.7877925498274703,0.6701145866203551,-2.0899925883206594,-1.2297282829943421,1.3748833805467906,1.6629640420377236,1.1856287145106446,-1.113200139431326,-0.10658857168177509,-0.870777157942917,-0.3216746976824374,0.0,1.0,0.0,0.0,0.0,0.0,0.0,1.0
-0.7385925696717343,-0.24865378436964553,-0.3849964033288911,0.0028149838992662514,0.4384071640220971,0.9387468108722552,0.7982556204255028,-0.6071967805661427,-0.9406482135280676,0.49486733397572247,0.4560106740934139,0.04557139684438245,-0.25194558218708046,0.14220392397432294,0.03420468722634272,-0.2499737601965835,0.0,0.0,1.0,0.0,0.0,0.0,0.0,0.0
-1.2499524154541595,0.1305763132348208,0.5484833098039521,0.2781873492511382,0.1544214102912766,-0.7877925498274703,0.5419735528152073,-0.08821824785206177,-0.0696043200046873,0.24247335119005428,-0.5287750373493977,0.7036532631395421,-0.7789819530380366,-0.24606315257989064,-0.870777157942917,0.012929677251547573,0.0,1.0,0.0,0.0,0.0,0.0,1.0,1.0
-0.9975089472830887,0.1175314292310437,-0.38021308647991087,0.0028149838992662514,0.8948128396609163,0.6920983307722944,1.4389607894512322,-0.08821824785206177,-0.027763783634568488,0.4653092728781021,-0.656403265552386,-0.26956639828287593,0.519327155643587,-0.32522440119774,0.1347582255784828,-0.15702810049269877,1.0,0.0,0.0,1.0,0.0,0.0,1.0,0.0
0.16114184252772262,-0.27307232168632434,1.0036699131746514,-0.022157510017447632,-0.3628383554327186,-0.7877925498274703,-1.1238598866516856,0.06006133292338991,-1.815495792176004,-0.25948270433600146,-0.2593376666986445,1.055866092987655,-0.8046910442990589,-0.32899398446525663,-1.172437772999337,-0.07470480189782945,0.0,1.0,1.0,1.0,0.0,0.0,0.0,1.0
0.4265311295793608,-0.24452213071720366,-0.3811774648768827,0.0028149838992662514,-0.11942199509201518,-0.2944955896275487,0.9263966542306504,0.6531796560251967,0.9726054041237244,-1.1825083847197744,0.2543265603899259,0.24948408780907982,-0.04627285209890253,4.137962187541958,2.246382530973422,0.17226509388677852,1.0,0.0,1.0,1.0,0.0,0.0,0.0,0.0
-0.6091343808660571,-0.2908987823889948,-0.38503497846477,-0.007781452708636666,0.6919658727103299,-0.7877925498274703,-0.4831547176259562,0.9497388175761,-1.1308324697558798,-1.0830375443792797,-0.2719429238051125,0.027033879483956497,0.21081806051131996,-0.32899398446525663,0.43641884063490277,-0.14906132966093727,0.0,0.0,0.0,0.0,0.0,0.0,1.0,1.0
0.10288565756516767,-0.146987250674728,-0.38395487466016154,-0.183398828847257,0.6412541309726834,-0.5411440697275095,-0.09873161621052216,1.7652765118410843,-0.8379487151650488,-0.7301107549861361,-0.5949526371583547,-0.1583412941203136,0.2493816974028532,-0.32899398446525663,0.8386329940434626,0.042141170301339875,0.0,0.0,1.0,0.0,0.0,0.0,1.0,0.0
-0.9975089472830887,-0.20733724784522697,-0.38503497846477,0.0028149838992662514,0.5905423892350369,1.4320437710721767,1.951524924671814,0.13420112331111575,-0.44616914733575536,-0.9695841481902099,-0.9289919504797562,0.47193429613420446,-0.3419274016006585,1.8272076445542593,-1.5746519264078969,0.09790856612367069,1.0,0.0,0.0,0.0,0.0,0.0,1.0,0.0
-0.9975089472830887,-0.1842185566214512,-0.3780297337891667,-0.009131317244675254,0.6412541309726834,-0.2944955896275487,1.3108197556460846,0.20834091369884158,0.39064158006661837,2.3485294529899616,-0.27824555235834636,-0.7793481256946186,-0.08483648899043598,-0.2611414856499572,-0.4685630045343572,-0.2207622671467912,0.0,1.0,0.0,1.0,0.0,0.0,0.0,1.0
-1.6189082535503394,0.13247965929942884,-0.3773199512889954,-0.028231900429621277,0.7984605303593875,-0.7877925498274703,0.285691485204921,-0.08821824785206177,-0.23696646548516193,1.436477424031652,-0.738337436744428,0.4626655374539902,-0.3162183103396361,-0.05381440593654218,-0.26745592783007727,-0.01893740607549864,1.0,0.0,0.0,1.0,0.0,0.0,0.0,1.0
-0.15603072004618676,-0.2821712443366457,-0.38503497846477,0.0028149838992662514,-0.17013373682966176,-0.7877925498274703,0.9263966542306504,0.6531796560251967,-0.6439607738126804,0.11025855095099804,-0.3097586951245165,-0.27883515696309025,-0.38049103849219174,-0.32899398446525663,0.5369723789870429,0.007618496697039871,0.0,0.0,1.0,0.0,0.0,0.0,0.0,0.0
-0.9975089472830887,-0.04499575545658471,-0.37539119449505176,0.0028149838992662514,0.8948128396609163,0.4454498506723336,1.951524924671814,0.504900075249745,-0.29402174235350576,-1.115427515522181,-0.13170943849565606,1.3895414054753406,-1.2417455957364372,-0.32899398446525663,-0.870777157942917,-0.16233928104720646,0.0,1.0,0.0,1.0,0.0,0.0,1.0,1.0
-0.22075981444902545,-0.23519109269314958,-0.38464922710598126,-0.11347584588045813,0.6412541309726834,0.9387468108722552,0.7982556204255028,0.8014592368006483,-0.21794803986238076,-0.6297549427564909,1.1949938719600992,0.24021532912886684,-0.059127397729413604,-0.26491106891747385,-0.3680094661822171,-0.16233928104720646,1.0,0.0,0.0,1.0,0.0,0.0,0.0,1.0
-0.08482871620306437,-0.2649018605309337,-0.2538795164766024,-0.09572512723155069,0.458691860717156,1.6786922511721374,1.4389607894512322,-0.16235803823978762,-0.2559848911079431,-1.1825083847197744,0.3725008457630633,0.7499970565406097,-0.920381954973659,-0.2536023191149239,-0.770223619590777,0.12446446889620907,0.0,1.0,1.0,0.0,0.0,0.0,1.0,1.0
0.2582354841319805,-0.22186767024089327,-0.034001241967027356,-0.0005596774408302193,0.43333598984833277,0.9387468108722552,-0.6112957514311039,0.20834091369884158,0.9193538123799367,-0.2366504295959235,-0.691067722595173,0.35144043329142916,-0.3162183103396361,-0.3026069015926402,-0.669670081238637,-0.07470480189782945,0.0,1.0,0.0,0.0,0.0,0.0,0.0,0.0
-0.5444052864632184,-0.1419271355273554,-0.3233147610585735,0.0028149838992662514,0.2862719388091574,1.6786922511721374,0.285691485204921,-1.0520355228924978,-0.6743902548091303,2.3485294529899616,0.26850747463470237,0.18460277704758501,-0.02056376083788037,-0.00857940672634254,-0.3680094661822171,-0.188895183819745,1.0,0.0,0.0,1.0,0.0,0.0,0.0,1.0
2.0447584896503264,-0.12702532853371679,-0.32235038266160165,-0.06137107478936862,-0.11942199509201518,-0.2944955896275487,0.15755045139977328,-0.08821824785206177,1.988189332380242,-0.5311690743051466,-0.6059822371265141,-0.1768788114807409,0.1593998779892754,-0.26491106891747385,1.1402936090998823,-0.02690417690726025,1.0,0.0,0.0,0.0,0.0,0.0,1.0,0.0
-0.18839526724760597,-0.04949879370699887,-0.38426347574719255,-0.022157510017447632,0.13413671359621768,1.6786922511721374,-0.4831547176259562,-0.23649782862751345,0.4286784313121807,0.5727448602209498,-0.5933769800200461,-0.23249136356202268,0.36507260807745334,-0.31768523466270676,-1.0718842346471968,0.09259738556916286,0.0,1.0,1.0,0.0,0.0,0.0,0.0,0.0
-0.47967619206037987,-0.2514391688544378,-0.3834919730296151,0.0028149838992662514,0.8441010979232697,-0.5411440697275095,0.029409417594625557,0.5790398656374708,-0.9406482135280676,-0.8823259199199894,-0.8817222363305014,-1.5393863374721264,1.8176362643252102,-0.32899398446525663,0.3358653022827627,-0.3190191074051835,1.0,0.0,0.0,1.0,0.0,0.0,1.0,1.0
0.6854475071907155,-0.24981436123830897,-0.3657474105253336,0.0028149838992662514,0.33698368054680394,0.9387468108722552,-0.8675778190413902,-0.5330569901784168,0.5427889850488683,-1.0973740889835146,-0.3459988093056119,0.7221907804999693,5.571163588434459,0.37591808656035436,-0.4685630045343572,0.018240857806055274,1.0,0.0,0.0,0.0,0.0,0.0,0.0,0.0
-0.026572531240509407,-0.27181889866816783,-0.20373183983406776,26.79762602426524,0.8948128396609163,0.9387468108722552,-1.892706089482563,0.28248070408656745,-0.7504639573002553,0.7164642950189601,-0.69421903687179,-1.0574108861010239,0.9049635245589207,3.4933634487966123,0.5369723789870429,-0.3322970587914528,0.0,0.0,0.0,0.0,0.0,0.0,0.0,0.0
1.39746754562194,-0.27938585985185344,-0.37867008104475597,-0.1273794506016556,0.0834249718585711,-1.034441029927431,2.2078069922821095,-0.23649782862751345,0.3526047288210561,-0.2371814127294137,-0.4594461232638237,0.2865591225299344,-0.303363764709125,-0.32899398446525663,2.346936069325562,-0.11984983661114486,1.0,0.0,0.0,1.0,0.0,0.0,1.0,1.0
1.7923150214792558,-0.29303424382733556,-0.1921592990704059,-0.05657905568643163,-0.11942199509201518,-0.2944955896275487,0.285691485204921,0.8755990271883741,2.231625180351841,-0.8508209206662385,-0.32709092364590986,0.8982971954240252,-0.9075274093431479,-0.18574982029962447,0.03420468722634272,0.32628932996750176,0.0,1.0,0.0,0.0,0.0,0.0,0.0,0.0
0.7372307827129861,-0.29229147463139094,-0.33102978823434803,-0.13959572465280481,0.13413671359621768,-0.7877925498274703,-0.09873161621052216,-0.23649782862751345,-0.906415047407061,1.6679860702333733,-0.36490669496531386,0.6387719523780473,-0.5861637685803698,-0.23475440277734072,-0.26745592783007727,-0.10391629494762186,1.0,0.0,1.0,0.0,0.0,0.0,0.0,1.0
-1.366464785379269,0.30266665132023596,2.2766493971774544,0.01226403565153637,-0.37298070378024806,-0.7877925498274703,0.41383251901006873,0.5790398656374708,-1.2487467086171233,-0.7343586200540576,-0.48938360889168525,-0.445672813206933,-0.02056376083788037,-0.28752856852257364,-0.569116542886497,0.18023186471853989,0.0,1.0,0.0,0.0,0.0,0.0,1.0,0.0
2.6273203392758746,-0.29516970526567626,-0.3848806779212545,-0.14971970867309423,-3.4156852080390423,1.6786922511721374,0.029409417594625557,-0.01407845746433593,1.3643849719530174,-0.4963011818726243,-0.8060906936916934,-2.0213617888432287,2.190418087610033,-0.32899398446525663,0.8386329940434626,0.13774242028247852,0.0,0.0,0.0,0.0,0.0,0.0,1.0,0.0
-0.35021800325470254,-0.29159512851019287,-0.3464598425858972,-0.14499518279695917,0.38769542228445053,-0.7877925498274703,0.5419735528152073,0.504900075249745,-0.7124271060546926,0.5042480360007158,-0.09862063859117773,0.4626655374539902,-0.5476001316888364,0.0818905916940567,-0.1669023894779372,-0.13578337827466797,0.0,1.0,1.0,0.0,0.0,0.0,0.0,0.0
-1.7030560762740299,0.9040775846616316,-0.3464598425858972,-0.03363135857377563,0.9100263621822101,0.19880137057237285,1.6952428570615277,0.8014592368006483,-0.6477644589372364,-1.010292855091124,0.3819547885929144,0.37924670933206944,-0.7918364986685478,-0.2686806521849905,-1.172437772999337,0.05807471196486298,0.0,1.0,0.0,1.0,0.0,0.0,0.0,1.0
0.018737834841477525,-0.278828782954895,-0.38503497846477,-0.15309437001319068,-0.8800981211567138,-0.7877925498274703,0.6701145866203551,-1.9417130075452078,0.07113202960389382,-0.2670934625826941,-0.2546106952837191,-0.454941571887146,0.30079987992489776,0.21759558932465564,3.352471452846962,-0.15702810049269877,1.0,0.0,1.0,0.0,0.0,0.0,0.0,1.0
0.7437036921532701,-0.2741400524054947,-0.3773199512889954,-0.16996767671367305,0.13413671359621768,1.6786922511721374,1.0545376880357982,-0.6071967805661427,-0.27119963160616806,-0.8653344596483035,-0.11437720997426266,-0.3993290198058655,0.35221806244694226,-0.32899398446525663,-0.9713306962950571,0.2678663438679169,1.0,0.0,0.0,0.0,0.0,0.0,0.0,0.0
0.03815656316232927,-0.28997032089406405,-0.38503497846477,-0.12434225539556876,-1.1336568298449465,0.4454498506723336,-1.1238598866516856,-0.01407845746433593,0.3982489503157307,-0.8849808355874403,-0.8943274934369694,-1.4930425440710589,6.586672693244838,0.639788915286519,-1.172437772999337,0.012929677251547573,0.0,0.0,0.0,0.0,0.0,0.0,0.0,0.0
-1.690110257393462,1.411621060865528,-0.38503497846477,0.6345515867653255,0.8795993171396225,0.19880137057237285,0.285691485204921,-1.793433426769756,-0.7124271060546926,1.6094009311716226,1.3714674714506512,1.2505100252721382,-1.2803092326279704,2.517041382509804,-1.0718842346471968,-0.2977743851871528,0.0,1.0,0.0,0.0,0.0,0.0,0.0,1.0
-0.9327798528802502,-0.1609141730986893,-0.3846106519701024,0.0028149838992662514,0.6412541309726834,-1.034441029927431,0.029409417594625557,-0.01407845746433593,0.27653102632993143,-0.1460293081469317,0.39140873142276544,0.19387153572779933,0.1722544236197865,-0.25737190238244056,0.43641884063490277,-0.1649948713244604,1.0,0.0,1.0,0.0,0.0,0.0,0.0,1.0
0.03815656316232927,-0.20733724784522697,-0.3848806779212545,-0.07237247075808312,-0.11942199509201518,-0.5411440697275095,1.0545376880357982,-0.08821824785206177,-0.408132296090193,0.5115048054917483,-0.26879160952849557,0.4070529853727097,-0.5218910404278143,-0.32899398446525663,0.1347582255784828,-0.11984983661114486,1.0,0.0,1.0,0.0,0.0,0.0,1.0,1.0
-0.6738634752688957,-0.13120340526090518,-0.35417486976167173,-0.027219502027592338,0.8948128396609163,-1.2810895100273918,0.7982556204255028,0.9497388175761,2.2734657167219603,-0.4702830083316052,-0.6674328655205456,-0.3251789503641577,0.45505442749103137,-0.32899398446525663,0.3358653022827627,-0.17827282271072958,1.0,0.0,1.0,0.0,0.0,0.0,0.0,0.0
-0.47320328262009603,-0.25598863017959844,0.8802294783622584,0.390226105742341,-0.8800981211567138,0.6920983307722944,0.41383251901006873,0.3566204944742933,0.565611095796206,-0.9911774622854774,-0.36490669496531386,1.315391336033633,-1.2031819588449038,-0.32899398446525663,-0.3680094661822171,-0.38275327405927595,0.0,1.0,1.0,1.0,0.0,0.0,0.0,0.0
-0.16250362948647049,-0.29020243626779674,-0.1535841631915331,-0.02350737455348622,-0.8800981211567138,-1.2810895100273918,-1.764565055677415,0.06006133292338991,-0.8988076771579487,-1.1825083847197744,-0.20576532399615557,-0.7144668149331239,0.9949453439724985,-0.32899398446525663,-0.870777157942917,-0.17030605187896808,0.0,1.0,1.0,1.0,0.0,0.0,1.0,0.0
-0.28548890885186384,-0.23519109269314958,-0.38503497846477,0.0028149838992662514,-0.2715572203049549,0.6920983307722944,-1.2520009204568334,0.6531796560251967,-0.6363534035635676,-1.010115860713294,0.01955364678195964,-1.4466987506699913,1.689090808020099,-0.0462752394015089,1.7436148392127222,-0.2738740726918681,0.0,0.0,1.0,0.0,0.0,0.0,0.0,0.0
-0.9975089472830887,-0.2777146291609781,-0.3348873018222353,0.0028149838992662514,0.7426776144479765,-1.2810895100273918,-0.9957188528465379,-0.903755942117046,-0.21794803986238076,0.6865522451656795,0.6056981022327211,1.0095222995865876,-0.9075274093431479,-0.32899398446525663,3.5535785295512423,-0.12516101716565256,0.0,1.0,0.0,1.0,0.0,0.0,0.0,1.0
-0.28548890885186384,-0.2952625514151693,-0.371244367388073,-0.10679401642706711,-0.37298070378024806,-0.2944955896275487,-0.6112957514311039,-0.7554763613415943,-0.7504639573002553,-0.9221496549317534,-0.709975608254875,-1.8730616499598127,2.3189635439151446,-0.32899398446525663,-0.3680094661822171,0.044796760578593664,1.0,0.0,1.0,0.0,0.0,0.0,0.0,1.0
0.05110238204289701,0.0395406636568604,1.381706244787605,-0.13217146970459256,0.4384071640220971,0.4454498506723336,0.41383251901006873,-1.4968742652188527,-0.6781939399336865,-0.20072057089642092,-0.14746600987874098,0.9909847822261603,-1.126054685061837,-0.2912981517900903,-0.569116542886497,0.015585267528801364,0.0,1.0,0.0,1.0,0.0,0.0,1.0,0.0
-0.8680507584774115,-0.2882062440536956,-0.38021308647991087,-0.10483671284981116,0.6412541309726834,1.1853952909722159,2.848512161307839,-0.903755942117046,-0.8265376597913799,-0.24797806977704748,-0.5335020087643232,-0.14907253544010063,0.32650897118592015,-0.11035815494929173,-1.0718842346471968,-0.1756172324334758,0.0,0.0,1.0,1.0,0.0,0.0,0.0,1.0
-0.09130162564334808,-0.24080828473748064,-0.29245465235547524,-0.15498418036364472,0.6919658727103299,1.1853952909722159,0.41383251901006873,-1.2744548940556752,-0.8531634556632738,-0.08266532088376957,-0.07656143865485866,-1.0574108861010239,1.4962726235624322,-0.32899398446525663,-0.9713306962950571,-0.042837718570783355,1.0,0.0,0.0,0.0,0.0,0.0,0.0,0.0
-0.0006808934793739364,-0.2673622834925002,-0.38503497846477,-0.15579409908526787,0.40290894480574435,-1.034441029927431,1.56710182325638,-1.6451538459943045,0.05211360398111266,0.7932798549972069,0.05736941810136363,-0.12126625939946037,0.10798169546723087,-0.3101460681276735,0.43641884063490277,-0.10922747550212956,0.0,1.0,0.0,0.0,0.0,0.0,1.0,1.0
0.03815656316232927,-0.187653864152695,-0.18444427189463133,-0.11705298690096039,-0.22084547856730832,0.4454498506723336,0.15755045139977328,1.1721581887392776,-0.5222428498268803,-0.8402012579964346,1.0153689581929308,0.24021532912886684,-0.35478194723116957,0.07812100842654006,0.8386329940434626,0.2917666563632015,0.0,1.0,0.0,0.0,0.0,0.0,0.0,1.0
-0.9975089472830887,-0.2545495148624558,-0.38503497846477,-0.044497768088886266,-0.17013373682966176,-1.2810895100273918,-1.380141954261981,0.504900075249745,0.08634677010211882,-0.9051581946600674,-0.3097586951245165,-6.822578785193824,0.8792544332978985,-0.32145481793022335,1.0397400707477427,0.07135266335113218,1.0,0.0,0.0,1.0,0.0,0.0,0.0,1.0
0.6789745977504315,-0.2898310516698244,-0.3618898969374463,-0.15376930228120997,-0.18534725935095558,0.6920983307722944,0.029409417594625557,0.5790398656374708,-0.06580063488013081,0.0663639452491426,-0.2546106952837191,0.6016969176571928,-0.5604546773193475,-0.22721523624230744,-0.06634885112579712,-0.13578337827466797,0.0,1.0,1.0,1.0,0.0,0.0,0.0,0.0
-0.6738634752688957,-0.19378171001923797,0.286172385827617,0.0028149838992662514,0.4891189057597437,-1.034441029927431,0.41383251901006873,0.5790398656374708,-0.17991118861681846,-0.7246239292734041,0.8073822159362088,0.6480407110582602,-0.7918364986685478,-0.32899398446525663,-0.569116542886497,-0.2260734477012989,0.0,1.0,0.0,0.0,0.0,0.0,0.0,1.0
-1.2370065965735917,4.33924584668118,-0.1921592990704059,0.0028149838992662514,-0.5251159289931877,-0.2944955896275487,-0.4831547176259562,1.1721581887392776,-0.484205998581318,0.3768120839630711,-0.28297252377327203,0.5646218829363395,-0.00770921520736929,2.475575966567121,-0.3680094661822171,0.11384210778719367,0.0,1.0,1.0,0.0,0.0,0.0,1.0,1.0
-0.9975089472830887,0.06284504717962232,-0.38407060006779814,0.0028149838992662514,0.6412541309726834,-0.2944955896275487,-0.6112957514311039,-0.45891719979069096,-0.29402174235350576,-0.4219635431839983,0.5095830167959028,0.5924281589769798,-0.6247274054719031,-0.3139156513951901,2.648596684381982,-0.04018212829352945,0.0,1.0,1.0,1.0,0.0,0.0,1.0,1.0
-1.2628982343347273,0.012243895705896245,-0.23073443494927873,-0.00865886465706175,0.4384071640220971,-1.034441029927431,0.15755045139977328,0.13420112331111575,-0.21034066961326844,-0.7000217107550255,-0.6737354940737795,-0.24176012224223567,0.2879453342943867,-0.3139156513951901,-0.9713306962950571,-0.2898076143553912,0.0,1.0,1.0,1.0,0.0,0.0,1.0,1.0
-0.15603072004618676,-0.29349847457480094,-0.33681605861617897,-0.12589459961201313,-2.7057208237119905,-0.2944955896275487,1.3108197556460846,-0.16235803823978762,0.40966000568939986,0.7626598276326063,-0.8832978934688098,0.082646431565237,-0.02056376083788037,-0.32145481793022335,-1.5746519264078969,-0.2526293504738373,0.0,1.0,1.0,0.0,0.0,0.0,1.0,0.0
-0.12366617284476729,-0.25891328388863033,-0.358032383349559,-0.12272241795232246,-0.7431764184650679,1.4320437710721767,0.15755045139977328,0.13420112331111575,-0.575494441570668,0.2166321720268651,-0.046623953026997275,-0.1027287420390331,0.08227260420620872,-0.3026069015926402,-1.373544849703617,0.1749206841640323,1.0,0.0,1.0,0.0,0.0,0.0,1.0,0.0
-0.47967619206037987,-0.22590647774384204,-0.3849964033288911,-0.03261896017174669,-0.37298070378024806,1.6786922511721374,-1.892706089482563,0.4307602848620191,-0.42334703658841805,-1.1825083847197744,-0.4594461232638237,-1.9657492367619478,2.2418362701320773,-0.32899398446525663,1.8441683775648623,0.1297756494507169,1.0,0.0,1.0,0.0,0.0,0.0,1.0,0.0
-0.09130162564334808,-0.29489116681719707,-0.3696049241132209,0.0028149838992662514,0.6412541309726834,-1.2810895100273918,1.4389607894512322,0.4307602848620191,0.1624204725932438,-0.40178618411137124,-0.8092420079683105,-0.3993290198058655,0.49361806438256484,-0.2950677350576069,2.246382530973422,0.020896448083309066,0.0,0.0,0.0,0.0,0.0,0.0,0.0,0.0
0.2970729407736837,-0.2917343977344325,-0.38503497846477,-0.16240843531185695,-0.0687102533543686,1.1853952909722159,-0.6112957514311039,0.8755990271883741,-0.7580713275493676,-0.8848038412096103,-0.32236395223098446,-0.695929297572698,0.30079987992489776,-0.32899398446525663,0.9391865323956027,-0.14375014910642958,0.0,0.0,0.0,1.0,0.0,0.0,0.0,0.0
-0.1754494483670382,-0.1615176730703943,-0.3464482700451335,-0.05320439434633516,0.38769542228445053,-1.2810895100273918,1.1826787218409367,-0.7554763613415943,-0.7961081787949299,0.49769924402100363,0.7805960445849643,0.6109656763374071,-0.9075274093431479,-0.27621981872002377,-0.770223619590777,0.1430536008369861,0.0,1.0,0.0,0.0,0.0,0.0,0.0,0.0
-0.47320328262009603,-0.18547197963960774,-0.3464598425858972,-0.049154800738219394,0.13413671359621768,-0.04784710952758794,1.951524924671814,-0.23649782862751345,2.208803069604504,-0.9520617047850339,-0.6611302369673115,-0.29737267432351616,0.39078169933847573,-0.3101460681276735,-0.3680094661822171,-0.3721309129502605,1.0,0.0,1.0,0.0,0.0,0.0,0.0,1.0
0.16761475196800635,-0.25385316874125774,-0.38021308647991087,-0.06015619670693389,0.33698368054680394,-1.2810895100273918,0.285691485204921,1.468717350290181,0.31456787757549376,2.3485294529899616,1.1997208433750248,0.5553531242561253,-0.7018546792549699,-0.32899398446525663,0.6375259173391824,0.0952529758464169,1.0,0.0,0.0,0.0,0.0,0.0,1.0,1.0
-0.15603072004618676,-0.28268189815885764,-0.23844946212505327,-0.1348037055498678,-2.502873856761404,0.19880137057237285,-1.6364240218722674,-0.3106376190152393,-1.0851882482612047,-1.167109873848559,-0.6280414370628331,-1.585730130873194,1.5605453517149879,-0.3026069015926402,-0.770223619590777,0.05541912168760907,0.0,1.0,1.0,0.0,0.0,0.0,1.0,0.0
0.16761475196800635,-0.28393532117701414,-0.3849578281930122,-0.1301466729005347,-1.7421977306967056,-0.5411440697275095,1.4389607894512322,1.394577559902455,-0.3396659638481807,-0.8403782523742648,-0.9352945790329903,-1.8730616499598127,0.7635635226232982,-0.32899398446525663,0.43641884063490277,0.13508683000522448,0.0,0.0,0.0,0.0,0.0,0.0,0.0,1.0
-1.411775151461256,0.11056796801906305,-0.3811774648768827,0.918023139333429,0.9049551880084458,-0.5411440697275095,0.9263966542306504,-0.01407845746433593,0.6226663726645498,0.9180608913674008,-0.4310842947742708,0.06410891420480973,-0.8561092268211035,-0.30637648486015684,-1.0718842346471968,-0.058771260234306344,0.0,1.0,1.0,1.0,0.0,0.0,1.0,1.0
0.03815656316232927,-0.17758005693269632,-0.2538795164766024,-0.13217146970459256,0.5094036024548027,-0.7877925498274703,-0.09873161621052216,1.468717350290181,0.3488010436964999,-0.09930279239979535,-0.1963113811663045,0.07337767288502402,-0.3419274016006585,-0.23098481950982408,-0.4685630045343572,0.05276353141035528,0.0,1.0,1.0,1.0,0.0,0.0,1.0,1.0
-0.803321664074573,0.9055166999787743,0.3189612513246589,0.0028149838992662514,0.6412541309726834,-0.7877925498274703,-0.09873161621052216,0.8014592368006483,0.5047521338033061,2.3485294529899616,-0.12067983852749652,1.67687292456196,-1.4088546889330817,1.1336043233311983,0.3358653022827627,-0.15702810049269877,0.0,1.0,0.0,1.0,0.0,0.0,1.0,1.0
-0.9457256717608179,-0.1522794811958333,0.05472157055438012,-0.06805290424275963,-0.15492021430836792,-0.7877925498274703,-1.764565055677415,-0.9778957325047719,-0.6705865696845741,-1.1825083847197744,0.44970804554017973,-1.5301175787919128,1.174908982799654,-0.32899398446525663,-0.870777157942917,-0.08798275328409877,0.0,1.0,0.0,1.0,0.0,0.0,0.0,1.0
-1.327627328737566,-0.2884383594274283,0.039291516202831,0.7209429170717951,-0.6062547157734219,-0.2944955896275487,0.7982556204255028,0.4307602848620191,1.1209491239814176,0.45893747527621986,0.188148960580969,0.3977842266924967,-0.12340012588196922,-0.32899398446525663,-0.4685630045343572,-0.14109455882917565,0.0,1.0,0.0,0.0,0.0,0.0,1.0,1.0
-0.7839029357537214,0.4368293373377299,7.715743556098522,0.039261326372308135,0.6260406084513895,-1.2810895100273918,-1.5082829880671198,0.5790398656374708,-1.062366137513867,0.7608898838543056,-0.0797127529314756,1.0744036103480823,-0.7789819530380366,-0.283758985255057,-0.870777157942917,-0.12516101716565256,0.0,1.0,1.0,1.0,0.0,0.0,0.0,1.0
0.10288565756516767,-0.2641590913349891,-0.3850311209511821,-0.09187801330384071,0.5398306474973903,0.9387468108722552,1.3108197556460846,-0.5330569901784168,0.2993531370772684,-0.061249001166332064,0.3173528459222659,0.23094657044865255,-0.4062001297532141,-0.31768523466270676,0.1347582255784828,-0.13843896855192186,0.0,0.0,0.0,0.0,0.0,0.0,0.0,1.0
1.39746754562194,-0.2950768591161832,-0.38503497846477,-0.16213846240464924,-0.37298070378024806,0.4454498506723336,-1.1238598866516856,0.7273194464129225,-0.37009544484463075,2.3485294529899616,0.3472903315501273,0.9631785061855199,-1.2931637782584817,-0.17444107049707455,-0.26745592783007727,-0.005659454689229443,0.0,0.0,1.0,0.0,0.0,0.0,0.0,0.0
-0.803321664074573,-0.27701828303978004,-0.3657474105253336,0.0028149838992662514,0.23556019707151082,-0.04784710952758794,0.41383251901006873,1.6911367214533584,0.27653102632993143,-0.7909968209596774,0.2054811891023624,0.3329029159310019,-0.5861637685803698,-0.32899398446525663,0.6375259173391824,-0.2632517115828527,1.0,0.0,1.0,1.0,0.0,0.0,0.0,0.0
1.4427779117039272,-0.23653736186079918,-0.26930957082815155,-0.14567011506497846,0.4485495123696266,0.4454498506723336,0.7982556204255028,-2.312411959483837,-0.016352728260899656,-0.01930133362060743,0.10779044652723563,0.9446409888250927,-0.9075274093431479,-0.32899398446525663,1.1402936090998823,0.07135266335113218,0.0,1.0,0.0,1.0,0.0,0.0,0.0,1.0
-0.6091343808660571,-0.2606773607289988,-0.24520011090385602,0.0028149838992662514,0.8441010979232697,1.1853952909722159,-1.1238598866516856,-0.5330569901784168,-0.2559848911079431,0.06547897335999235,0.23856998900684098,-0.1676100528005279,0.3136544255554088,-0.23475440277734072,1.4419542241563026,-0.15702810049269877,0.0,1.0,0.0,1.0,0.0,0.0,1.0,0.0
-0.48614910150066376,0.20949554030393486,-0.3213860042646298,0.0028149838992662514,0.6412541309726834,1.6786922511721374,0.41383251901006873,0.8014592368006483,-0.12285591174847463,-1.1825083847197744,-0.027716067367295143,-0.3437164677245837,0.5707453381656313,-0.14428440435694145,-0.569116542886497,0.3236337396902477,0.0,1.0,0.0,0.0,0.0,0.0,1.0,0.0
-0.15603072004618676,0.32248930423700756,-0.11500902731266027,0.0028149838992662514,0.8948128396609163,0.6920983307722944,1.4389607894512322,0.28248070408656745,1.4556734149423673,-0.41134388051419457,-0.3869658949016328,0.5090093308550577,-0.1619637627735027,-0.27621981872002377,-0.770223619590777,0.1324312397279707,0.0,1.0,0.0,1.0,0.0,0.0,1.0,0.0
-1.7030560762740299,0.5994029451001048,-0.38503497846477,-0.04173054579000716,0.5296882991498608,-1.2810895100273918,0.9263966542306504,-1.4968742652188527,0.09395414035123148,0.4315033467125603,1.2422635861093543,1.231972507911712,-0.9718001374957035,-0.32899398446525663,-0.9713306962950571,-0.2473181699193296,0.0,1.0,0.0,0.0,0.0,0.0,1.0,1.0
0.23234384637084501,-0.2871849364092718,-0.3849964033288911,0.6750475228464832,-2.908567790662577,0.9387468108722552,-1.380141954261981,0.6531796560251967,0.04450623373200033,0.14866633094012124,-0.3176369808160588,-1.1222921968625186,0.6864362488402317,-0.32899398446525663,-0.06634885112579712,-0.06939362134332175,0.0,0.0,1.0,0.0,0.0,0.0,1.0,0.0
-0.4149470976575412,-0.22237832406310518,-0.3561036265556154,0.0028149838992662514,0.7426776144479765,-1.034441029927431,-1.2520009204568334,1.394577559902455,0.1472057320950188,-0.17806529053417297,-0.4184790376678028,0.1475277423267318,-1.5116910539771706,-0.32145481793022335,-0.26745592783007727,-0.21810667686953727,1.0,0.0,1.0,1.0,0.0,0.0,1.0,0.0
-0.5444052864632184,-0.20371624801499705,-0.008927403645760022,0.0028149838992662514,-0.11942199509201518,1.4320437710721767,-0.3550136838208085,-0.23649782862751345,0.4591079123086307,-0.8118821575436248,0.8798624442983999,1.055866092987655,-0.9332365006041702,0.734028496974435,0.8386329940434626,0.18023186471853989,0.0,1.0,0.0,1.0,0.0,0.0,0.0,0.0
-0.22075981444902545,-0.07735263855492147,-0.384417776290708,-0.11698549367415845,0.4891189057597437,1.6786922511721374,-0.09873161621052216,1.0238786079638258,-0.17991118861681846,2.3485294529899616,-0.32393960936929295,0.4626655374539902,-0.35478194723116957,-0.2611414856499572,-0.1669023894779372,0.03151880919232447,1.0,0.0,1.0,0.0,0.0,0.0,0.0,1.0
-0.09130162564334808,-0.24749320750098208,-0.3657474105253336,-0.12002268888024528,0.6057559117563307,1.4320437710721767,0.41383251901006873,0.28248070408656745,-0.7504639573002553,-1.0032130799779218,-0.7808801794787574,-1.1871735076240135,1.0463635264945428,-0.32145481793022335,-1.0718842346471968,-0.13578337827466797,0.0,1.0,0.0,0.0,0.0,0.0,1.0,0.0
-0.1754494483670382,-0.27929301370236037,-0.35031735617378446,-0.12339735022034175,0.38769542228445053,-0.04784710952758794,0.7982556204255028,-0.6813365709538685,-0.14948170762036844,-1.018434596471307,-0.16164692412351772,-0.2881039156433032,0.35221806244694226,2.9882392909493833,0.23531176393062264,-0.10126070467036796,1.0,0.0,0.0,1.0,0.0,0.0,0.0,1.0
0.886107699839515,-0.26963701415508057,-0.3159083349698299,-0.11394829846807163,0.6412541309726834,-0.2944955896275487,0.7982556204255028,0.7273194464129225,2.2924841423447413,0.13539175260286662,0.2795370746028619,0.5738906416165525,-0.4062001297532141,-0.2950677350576069,0.23531176393062264,0.28379988553144014,0.0,1.0,0.0,1.0,0.0,0.0,0.0,0.0
1.2032802624134245,-0.016538410636957115,1.2968409458540848,0.0028149838992662514,0.8441010979232697,0.6920983307722944,0.6701145866203551,0.3566204944742933,0.27653102632993143,2.136136199593887,0.7128427876376989,0.5738906416165525,-0.36763649286168065,8.163877117249724,0.1347582255784828,-0.451798621267876,0.0,1.0,0.0,0.0,0.0,0.0,0.0,1.0
-1.3923564231404046,0.9239002375784032,-0.3437595830743761,-0.020132713213389747,0.8948128396609163,-1.2810895100273918,1.0545376880357982,-1.2003151036679494,-0.1418743373712558,-0.8786090379855581,0.24014564614514947,0.4533967787737772,-0.4704728579057697,-0.2950677350576069,-0.4685630045343572,-0.18092841298798337,0.0,1.0,0.0,1.0,0.0,0.0,0.0,1.0
0.6207184127878768,-0.2587275915896442,-0.38503497846477,-0.1437128114877225,0.9455245813985629,-0.7877925498274703,-0.9957188528465379,-0.5330569901784168,-0.06580063488013081,-1.1825083847197744,-0.6233144656479076,-0.6588542628518433,1.2648908022132324,-0.32899398446525663,0.6375259173391824,0.06604148279662447,1.0,0.0,0.0,0.0,0.0,0.0,0.0,0.0
-0.7644842074328698,-0.27372224473277584,-0.3850272634375942,-0.07885182053106833,0.38769542228445053,-0.04784710952758794,1.8233838908666662,0.504900075249745,0.4971447635541937,-1.032594146697712,-0.134860752772273,1.139284921109577,-0.6761455879939476,-0.32145481793022335,-0.569116542886497,0.08994179529190907,0.0,1.0,1.0,1.0,0.0,0.0,0.0,0.0
1.51397991554705,-0.29038812856678287,1.3045559730298593,0.11687853719452695,0.752819962795506,-0.2944955896275487,-0.22687265001566076,1.0980183983515517,3.916657690530258,-0.7127653059587901,-0.795061093723534,1.241241266591925,-1.0617819569092815,1.084599740853482,-0.1669023894779372,0.1642983230550169,0.0,1.0,0.0,0.0,0.0,0.0,1.0,1.0
0.4265311295793608,-0.18575051808808696,-0.3464598425858972,-0.1166480275401488,0.6412541309726834,-1.2810895100273918,-1.5082829880671198,-1.2003151036679494,-0.24837752085883075,0.5111508167360882,-0.6012552657115886,0.41632174405292266,-0.4062001297532141,-0.2912981517900903,-0.870777157942917,0.45641325355294016,0.0,1.0,0.0,0.0,0.0,0.0,0.0,0.0
-0.28548890885186384,-0.21197955531988075,0.602488500034374,-0.043485369686857324,0.9962363231362094,-0.7877925498274703,0.41383251901006873,-0.5330569901784168,-0.44616914733575536,1.1561183295488338,0.6829053020098376,0.11972146628609154,-0.1491092171429916,-0.15559315415949138,1.4419542241563026,-0.04549330884803715,1.0,0.0,1.0,0.0,0.0,0.0,0.0,1.0
0.16114184252772262,-0.2940555514717594,-0.31559973388279894,-0.13892079238478552,-0.033212034138015864,1.6786922511721374,-0.22687265001566076,-1.4968742652188527,-1.0509550821401987,-0.8658654427817937,-0.1490416670170497,0.9446409888250927,-0.9846546831262147,-0.26491106891747385,-0.770223619590777,0.13774242028247852,0.0,1.0,0.0,0.0,0.0,0.0,1.0,0.0
0.49126022398219943,-0.2624414375693672,-0.19987432624618046,0.0028149838992662514,-0.0687102533543686,-1.2810895100273918,0.029409417594625557,-0.6813365709538685,1.7980050761524298,0.8331035900089708,0.19130027485758594,0.21240905308822658,0.0951271498367198,-0.2950677350576069,-0.1669023894779372,0.050107941133101366,1.0,0.0,0.0,0.0,0.0,0.0,0.0,0.0
0.16761475196800635,-0.2189430165318614,-0.38503497846477,0.0028149838992662514,0.13413671359621768,-0.5411440697275095,1.0545376880357982,1.0238786079638258,1.4176365636968051,-1.1288790882372657,-0.16637389553844312,-1.177904748943799,1.5348362604539656,-0.3101460681276735,-0.3680094661822171,0.05276353141035528,1.0,0.0,0.0,0.0,0.0,0.0,0.0,0.0
